87.999994	80.000000	0.009780	1.000000	0.000000	0.000000
87.999994	80.000000	0.009780	0.000000	1.000000	0.000000
87.999994	80.000000	0.009780	0.000000	0.000000	1.000000
130.447151	80.000000	0.061671	1.000000	0.000000	0.000000
130.447151	80.000000	0.061671	0.000000	1.000000	0.000000
130.447151	80.000000	0.061671	0.000000	0.000000	1.000000
143.517153	80.000000	0.077649	1.000000	0.000000	0.000000
143.517153	80.000000	0.077649	0.000000	1.000000	0.000000
143.517153	80.000000	0.077649	0.000000	0.000000	1.000000
152.692845	80.000000	0.088867	1.000000	0.000000	0.000000
152.692845	80.000000	0.088867	0.000000	1.000000	0.000000
152.692845	80.000000	0.088867	0.000000	0.000000	1.000000
159.999940	80.000000	0.097800	1.000000	0.000000	0.000000
159.999940	80.000000	0.097800	0.000000	1.000000	0.000000
159.999940	80.000000	0.097800	0.000000	0.000000	1.000000
74.101089	85.403886	0.029340	1.000000	0.000000	0.000000
74.101089	85.403886	0.029340	0.000000	1.000000	0.000000
74.101089	85.403886	0.029340	0.000000	0.000000	1.000000
42.802063	114.076357	0.185014	1.000000	0.000000	0.000000
42.802063	114.076357	0.185014	0.000000	1.000000	0.000000
42.802063	114.076357	0.185014	0.000000	0.000000	1.000000
33.164708	122.904964	0.232948	1.000000	0.000000	0.000000
33.164708	122.904964	0.232948	0.000000	1.000000	0.000000
33.164708	122.904964	0.232948	0.000000	0.000000	1.000000
26.398879	129.103017	0.266600	1.000000	0.000000	0.000000
26.398879	129.103017	0.266600	0.000000	1.000000	0.000000
26.398879	129.103017	0.266600	0.000000	0.000000	1.000000
21.010886	134.038860	0.293399	1.000000	0.000000	0.000000
21.010886	134.038860	0.293399	0.000000	1.000000	0.000000
21.010886	134.038860	0.293399	0.000000	0.000000	1.000000
80.699393	72.030781	0.048900	1.000000	0.000000	0.000000
80.699393	72.030781	0.048900	0.000000	1.000000	0.000000
80.699393	72.030781	0.048900	0.000000	0.000000	1.000000
84.410300	29.746911	0.308357	1.000000	0.000000	0.000000
84.410300	29.746911	0.308357	0.000000	1.000000	0.000000
84.410300	29.746911	0.308357	0.000000	0.000000	1.000000
85.552934	16.727186	0.388247	1.000000	0.000000	0.000000
85.552934	16.727186	0.388247	0.000000	1.000000	0.000000
85.552934	16.727186	0.388247	0.000000	0.000000	1.000000
86.355111	7.586792	0.444333	1.000000	0.000000	0.000000
86.355111	7.586792	0.444333	0.000000	1.000000	0.000000
86.355111	7.586792	0.444333	0.000000	0.000000	1.000000
86.993927	0.307806	0.488998	1.000000	0.000000	0.000000
86.993927	0.307806	0.488998	0.000000	1.000000	0.000000
86.993927	0.307806	0.488998	0.000000	0.000000	1.000000
84.867333	86.348574	0.068460	1.000000	0.000000	0.000000
84.867333	86.348574	0.068460	0.000000	1.000000	0.000000
84.867333	86.348574	0.068460	0.000000	0.000000	1.000000
110.692906	120.033461	0.431700	1.000000	0.000000	0.000000
110.692906	120.033461	0.431700	0.000000	1.000000	0.000000
110.692906	120.033461	0.431700	0.000000	0.000000	1.000000
118.644918	130.405452	0.543546	1.000000	0.000000	0.000000
118.644918	130.405452	0.543546	0.000000	1.000000	0.000000
118.644918	130.405452	0.543546	0.000000	0.000000	1.000000
124.227565	137.687027	0.622066	1.000000	0.000000	0.000000
124.227565	137.687027	0.622066	0.000000	1.000000	0.000000
124.227565	137.687027	0.622066	0.000000	0.000000	1.000000
128.673327	143.485735	0.684597	1.000000	0.000000	0.000000
128.673327	143.485735	0.684597	0.000000	1.000000	0.000000
128.673327	143.485735	0.684597	0.000000	0.000000	1.000000
72.122769	78.606629	0.088020	1.000000	0.000000	0.000000
72.122769	78.606629	0.088020	0.000000	1.000000	0.000000
72.122769	78.606629	0.088020	0.000000	0.000000	1.000000
30.326980	71.213542	0.555042	1.000000	0.000000	0.000000
30.326980	71.213542	0.555042	0.000000	1.000000	0.000000
30.326980	71.213542	0.555042	0.000000	0.000000	1.000000
17.457542	68.937120	0.698845	1.000000	0.000000	0.000000
17.457542	68.937120	0.698845	0.000000	1.000000	0.000000
17.457542	68.937120	0.698845	0.000000	0.000000	1.000000
8.422655	67.338975	0.799800	1.000000	0.000000	0.000000
8.422655	67.338975	0.799800	0.000000	1.000000	0.000000
8.422655	67.338975	0.799800	0.000000	0.000000	1.000000
1.227689	66.066287	0.880196	1.000000	0.000000	0.000000
1.227689	66.066287	0.880196	0.000000	1.000000	0.000000
1.227689	66.066287	0.880196	0.000000	0.000000	1.000000
86.749432	75.706564	0.107579	1.000000	0.000000	0.000000
86.749432	75.706564	0.107579	0.000000	1.000000	0.000000
86.749432	75.706564	0.107579	0.000000	0.000000	1.000000
122.561234	52.926027	0.678385	1.000000	0.000000	0.000000
122.561234	52.926027	0.678385	0.000000	1.000000	0.000000
122.561234	52.926027	0.678385	0.000000	0.000000	1.000000
133.588128	45.911619	0.854143	1.000000	0.000000	0.000000
133.588128	45.911619	0.854143	0.000000	1.000000	0.000000
133.588128	45.911619	0.854143	0.000000	0.000000	1.000000
141.329472	40.987210	0.977533	1.000000	0.000000	0.000000
141.329472	40.987210	0.977533	0.000000	1.000000	0.000000
141.329472	40.987210	0.977533	0.000000	0.000000	1.000000
147.494320	37.065638	1.075795	1.000000	0.000000	0.000000
147.494320	37.065638	1.075795	0.000000	1.000000	0.000000
147.494320	37.065638	1.075795	0.000000	0.000000	1.000000
77.923428	87.724745	0.127139	1.000000	0.000000	0.000000
77.923428	87.724745	0.127139	0.000000	1.000000	0.000000
77.923428	87.724745	0.127139	0.000000	0.000000	1.000000
66.905347	128.711458	0.801728	1.000000	0.000000	0.000000
66.905347	128.711458	0.801728	0.000000	1.000000	0.000000
66.905347	128.711458	0.801728	0.000000	0.000000	1.000000
63.512744	141.331771	1.009442	1.000000	0.000000	0.000000
63.512744	141.331771	1.009442	0.000000	1.000000	0.000000
63.512744	141.331771	1.009442	0.000000	0.000000	1.000000
61.130994	150.191762	1.155266	1.000000	0.000000	0.000000
61.130994	150.191762	1.155266	0.000000	1.000000	0.000000
61.130994	150.191762	1.155266	0.000000	0.000000	1.000000
59.234278	157.247449	1.271394	1.000000	0.000000	0.000000
59.234278	157.247449	1.271394	0.000000	1.000000	0.000000
59.234278	157.247449	1.271394	0.000000	0.000000	1.000000
76.313364	72.901606	0.146699	1.000000	0.000000	0.000000
76.313364	72.901606	0.146699	0.000000	1.000000	0.000000
76.313364	72.901606	0.146699	0.000000	0.000000	1.000000
56.752446	35.238249	0.925071	1.000000	0.000000	0.000000
56.752446	35.238249	0.925071	0.000000	1.000000	0.000000
56.752446	35.238249	0.925071	0.000000	0.000000	1.000000
50.729399	23.641238	1.164741	1.000000	0.000000	0.000000
50.729399	23.641238	1.164741	0.000000	1.000000	0.000000
50.729399	23.641238	1.164741	0.000000	0.000000	1.000000
46.500966	15.499648	1.332999	1.000000	0.000000	0.000000
46.500966	15.499648	1.332999	0.000000	1.000000	0.000000
46.500966	15.499648	1.332999	0.000000	0.000000	1.000000
43.133638	9.016063	1.466993	1.000000	0.000000	0.000000
43.133638	9.016063	1.466993	0.000000	1.000000	0.000000
43.133638	9.016063	1.466993	0.000000	0.000000	1.000000
87.512947	82.743716	0.166259	1.000000	0.000000	0.000000
87.512947	82.743716	0.166259	0.000000	1.000000	0.000000
87.512947	82.743716	0.166259	0.000000	0.000000	1.000000
127.375884	97.301597	1.048413	1.000000	0.000000	0.000000
127.375884	97.301597	1.048413	0.000000	1.000000	0.000000
127.375884	97.301597	1.048413	0.000000	0.000000	1.000000
139.650173	101.784148	1.320040	1.000000	0.000000	0.000000
139.650173	101.784148	1.320040	0.000000	1.000000	0.000000
139.650173	101.784148	1.320040	0.000000	0.000000	1.000000
148.267241	104.931087	1.510733	1.000000	0.000000	0.000000
148.267241	104.931087	1.510733	0.000000	1.000000	0.000000
148.267241	104.931087	1.510733	0.000000	0.000000	1.000000
155.129474	107.437163	1.662592	1.000000	0.000000	0.000000
155.129474	107.437163	1.662592	0.000000	1.000000	0.000000
155.129474	107.437163	1.662592	0.000000	0.000000	1.000000
72.607231	83.051628	0.185819	1.000000	0.000000	0.000000
72.607231	83.051628	0.185819	0.000000	1.000000	0.000000
72.607231	83.051628	0.185819	0.000000	0.000000	1.000000
33.381946	99.243255	1.171756	1.000000	0.000000	0.000000
33.381946	99.243255	1.171756	0.000000	1.000000	0.000000
33.381946	99.243255	1.171756	0.000000	0.000000	1.000000
21.303998	104.228856	1.475338	1.000000	0.000000	0.000000
21.303998	104.228856	1.475338	0.000000	1.000000	0.000000
21.303998	104.228856	1.475338	0.000000	0.000000	1.000000
12.824770	107.728958	1.688466	1.000000	0.000000	0.000000
12.824770	107.728958	1.688466	0.000000	1.000000	0.000000
12.824770	107.728958	1.688466	0.000000	0.000000	1.000000
6.072306	110.516277	1.858191	1.000000	0.000000	0.000000
6.072306	110.516277	1.858191	0.000000	1.000000	0.000000
6.072306	110.516277	1.858191	0.000000	0.000000	1.000000
83.389650	72.756514	0.205379	1.000000	0.000000	0.000000
83.389650	72.756514	0.205379	0.000000	1.000000	0.000000
83.389650	72.756514	0.205379	0.000000	0.000000	1.000000
101.374792	34.323312	1.295099	1.000000	0.000000	0.000000
101.374792	34.323312	1.295099	0.000000	1.000000	0.000000
101.374792	34.323312	1.295099	0.000000	0.000000	1.000000
106.912638	22.489256	1.630637	1.000000	0.000000	0.000000
106.912638	22.489256	1.630637	0.000000	1.000000	0.000000
106.912638	22.489256	1.630637	0.000000	0.000000	1.000000
110.800439	14.181250	1.866199	1.000000	0.000000	0.000000
110.800439	14.181250	1.866199	0.000000	1.000000	0.000000
110.800439	14.181250	1.866199	0.000000	0.000000	1.000000
113.896504	7.565140	2.053790	1.000000	0.000000	0.000000
113.896504	7.565140	2.053790	0.000000	1.000000	0.000000
113.896504	7.565140	2.053790	0.000000	0.000000	1.000000
82.393324	87.630295	0.224939	1.000000	0.000000	0.000000
82.393324	87.630295	0.224939	0.000000	1.000000	0.000000
82.393324	87.630295	0.224939	0.000000	0.000000	1.000000
95.092060	128.115866	1.418442	1.000000	0.000000	0.000000
95.092060	128.115866	1.418442	0.000000	1.000000	0.000000
95.092060	128.115866	1.418442	0.000000	0.000000	1.000000
99.002157	140.581872	1.785936	1.000000	0.000000	0.000000
99.002157	140.581872	1.785936	0.000000	1.000000	0.000000
99.002157	140.581872	1.785936	0.000000	0.000000	1.000000
101.747210	149.333533	2.043932	1.000000	0.000000	0.000000
101.747210	149.333533	2.043932	0.000000	1.000000	0.000000
101.747210	149.333533	2.043932	0.000000	0.000000	1.000000
103.933243	156.302950	2.249389	1.000000	0.000000	0.000000
103.933243	156.302950	2.249389	0.000000	1.000000	0.000000
103.933243	156.302950	2.249389	0.000000	0.000000	1.000000
73.081544	75.990613	0.244499	1.000000	0.000000	0.000000
73.081544	75.990613	0.244499	0.000000	1.000000	0.000000
73.081544	75.990613	0.244499	0.000000	0.000000	1.000000
36.372916	54.717213	1.541784	1.000000	0.000000	0.000000
36.372916	54.717213	1.541784	0.000000	1.000000	0.000000
36.372916	54.717213	1.541784	0.000000	0.000000	1.000000
25.069878	48.166872	1.941235	1.000000	0.000000	0.000000
25.069878	48.166872	1.941235	0.000000	1.000000	0.000000
25.069878	48.166872	1.941235	0.000000	0.000000	1.000000
17.134669	43.568256	2.221666	1.000000	0.000000	0.000000
17.134669	43.568256	2.221666	0.000000	1.000000	0.000000
17.134669	43.568256	2.221666	0.000000	0.000000	1.000000
10.815437	39.906132	2.444988	1.000000	0.000000	0.000000
10.815437	39.906132	2.444988	0.000000	1.000000	0.000000
10.815437	39.906132	2.444988	0.000000	0.000000	1.000000
87.809149	78.283181	0.264059	1.000000	0.000000	0.000000
87.809149	78.283181	0.264059	0.000000	1.000000	0.000000
87.809149	78.283181	0.264059	0.000000	0.000000	1.000000
129.243700	69.173911	1.665127	1.000000	0.000000	0.000000
129.243700	69.173911	1.665127	0.000000	1.000000	0.000000
129.243700	69.173911	1.665127	0.000000	0.000000	1.000000
142.001908	66.369054	2.096534	1.000000	0.000000	0.000000
142.001908	66.369054	2.096534	0.000000	1.000000	0.000000
142.001908	66.369054	2.096534	0.000000	0.000000	1.000000
150.958707	64.399927	2.399399	1.000000	0.000000	0.000000
150.958707	64.399927	2.399399	0.000000	1.000000	0.000000
150.958707	64.399927	2.399399	0.000000	0.000000	1.000000
158.091487	62.831806	2.640587	1.000000	0.000000	0.000000
158.091487	62.831806	2.640587	0.000000	1.000000	0.000000
158.091487	62.831806	2.640587	0.000000	0.000000	1.000000
75.401857	86.540385	0.283619	1.000000	0.000000	0.000000
75.401857	86.540385	0.283619	0.000000	1.000000	0.000000
75.401857	86.540385	0.283619	0.000000	0.000000	1.000000
51.004576	121.243007	1.788470	1.000000	0.000000	0.000000
51.004576	121.243007	1.788470	0.000000	1.000000	0.000000
51.004576	121.243007	1.788470	0.000000	0.000000	1.000000
43.492353	131.928371	2.251832	1.000000	0.000000	0.000000
43.492353	131.928371	2.251832	0.000000	1.000000	0.000000
43.492353	131.928371	2.251832	0.000000	0.000000	1.000000
38.218456	139.429947	2.577132	1.000000	0.000000	0.000000
38.218456	139.429947	2.577132	0.000000	1.000000	0.000000
38.218456	139.429947	2.577132	0.000000	0.000000	1.000000
34.018569	145.403854	2.836186	1.000000	0.000000	0.000000
34.018569	145.403854	2.836186	0.000000	1.000000	0.000000
34.018569	145.403854	2.836186	0.000000	0.000000	1.000000
78.972653	72.072034	0.303178	1.000000	0.000000	0.000000
78.972653	72.072034	0.303178	0.000000	1.000000	0.000000
78.972653	72.072034	0.303178	0.000000	0.000000	1.000000
73.521654	30.007052	1.911813	1.000000	0.000000	0.000000
73.521654	30.007052	1.911813	0.000000	1.000000	0.000000
73.521654	30.007052	1.911813	0.000000	0.000000	1.000000
71.843224	17.054726	2.407131	1.000000	0.000000	0.000000
71.843224	17.054726	2.407131	0.000000	1.000000	0.000000
71.843224	17.054726	2.407131	0.000000	0.000000	1.000000
70.664896	7.961648	2.754865	1.000000	0.000000	0.000000
70.664896	7.961648	2.754865	0.000000	1.000000	0.000000
70.664896	7.961648	2.754865	0.000000	0.000000	1.000000
69.726530	0.720342	3.031785	1.000000	0.000000	0.000000
69.726530	0.720342	3.031785	0.000000	1.000000	0.000000
69.726530	0.720342	3.031785	0.000000	0.000000	1.000000
86.112212	85.151379	0.322738	1.000000	0.000000	0.000000
86.112212	85.151379	0.322738	0.000000	1.000000	0.000000
86.112212	85.151379	0.322738	0.000000	0.000000	1.000000
118.542989	112.484072	2.035156	1.000000	0.000000	0.000000
118.542989	112.484072	2.035156	0.000000	1.000000	0.000000
118.542989	112.484072	2.035156	0.000000	0.000000	1.000000
128.528825	120.900145	2.562430	1.000000	0.000000	0.000000
128.528825	120.900145	2.562430	0.000000	1.000000	0.000000
128.528825	120.900145	2.562430	0.000000	0.000000	1.000000
135.539302	126.808582	2.932599	1.000000	0.000000	0.000000
135.539302	126.808582	2.932599	0.000000	1.000000	0.000000
135.539302	126.808582	2.932599	0.000000	0.000000	1.000000
141.122121	131.513788	3.227384	1.000000	0.000000	0.000000
141.122121	131.513788	3.227384	0.000000	1.000000	0.000000
141.122121	131.513788	3.227384	0.000000	0.000000	1.000000
72.014152	80.330240	0.342298	1.000000	0.000000	0.000000
72.014152	80.330240	0.342298	0.000000	1.000000	0.000000
72.014152	80.330240	0.342298	0.000000	0.000000	1.000000
29.642050	82.082459	2.158498	1.000000	0.000000	0.000000
29.642050	82.082459	2.158498	0.000000	1.000000	0.000000
29.642050	82.082459	2.158498	0.000000	0.000000	1.000000
16.595159	82.621989	2.717729	1.000000	0.000000	0.000000
16.595159	82.621989	2.717729	0.000000	1.000000	0.000000
16.595159	82.621989	2.717729	0.000000	0.000000	1.000000
7.435692	83.000762	3.110332	1.000000	0.000000	0.000000
7.435692	83.000762	3.110332	0.000000	1.000000	0.000000
7.435692	83.000762	3.110332	0.000000	0.000000	1.000000
0.141517	83.302399	3.422983	1.000000	0.000000	0.000000
0.141517	83.302399	3.422983	0.000000	1.000000	0.000000
0.141517	83.302399	3.422983	0.000000	0.000000	1.000000
85.664831	74.362736	0.361858	1.000000	0.000000	0.000000
85.664831	74.362736	0.361858	0.000000	1.000000	0.000000
85.664831	74.362736	0.361858	0.000000	0.000000	1.000000
115.721852	44.451986	2.281841	1.000000	0.000000	0.000000
115.721852	44.451986	2.281841	0.000000	1.000000	0.000000
115.721852	44.451986	2.281841	0.000000	0.000000	1.000000
124.976779	35.242098	2.873027	1.000000	0.000000	0.000000
124.976779	35.242098	2.873027	0.000000	1.000000	0.000000
124.976779	35.242098	2.873027	0.000000	0.000000	1.000000
131.474127	28.776369	3.288065	1.000000	0.000000	0.000000
131.474127	28.776369	3.288065	0.000000	1.000000	0.000000
131.474127	28.776369	3.288065	0.000000	0.000000	1.000000
136.648314	23.627361	3.618582	1.000000	0.000000	0.000000
136.648314	23.627361	3.618582	0.000000	1.000000	0.000000
136.648314	23.627361	3.618582	0.000000	0.000000	1.000000
79.630889	87.982373	0.381418	1.000000	0.000000	0.000000
79.630889	87.982373	0.381418	0.000000	1.000000	0.000000
79.630889	87.982373	0.381418	0.000000	0.000000	1.000000
77.672421	130.336034	2.405184	1.000000	0.000000	0.000000
77.672421	130.336034	2.405184	0.000000	1.000000	0.000000
77.672421	130.336034	2.405184	0.000000	0.000000	1.000000
77.069385	143.377247	3.028326	1.000000	0.000000	0.000000
77.069385	143.377247	3.028326	0.000000	1.000000	0.000000
77.069385	143.377247	3.028326	0.000000	0.000000	1.000000
76.646028	152.532728	3.465798	1.000000	0.000000	0.000000
76.646028	152.532728	3.465798	0.000000	1.000000	0.000000
76.646028	152.532728	3.465798	0.000000	0.000000	1.000000
76.308887	159.823729	3.814181	1.000000	0.000000	0.000000
76.308887	159.823729	3.814181	0.000000	1.000000	0.000000
76.308887	159.823729	3.814181	0.000000	0.000000	1.000000
74.880769	73.865451	0.400978	1.000000	0.000000	0.000000
74.880769	73.865451	0.400978	0.000000	1.000000	0.000000
74.880769	73.865451	0.400978	0.000000	0.000000	1.000000
47.718651	41.316155	2.528527	1.000000	0.000000	0.000000
47.718651	41.316155	2.528527	0.000000	1.000000	0.000000
47.718651	41.316155	2.528527	0.000000	0.000000	1.000000
39.355100	31.293826	3.183625	1.000000	0.000000	0.000000
39.355100	31.293826	3.183625	0.000000	1.000000	0.000000
39.355100	31.293826	3.183625	0.000000	0.000000	1.000000
33.483535	24.257729	3.643532	1.000000	0.000000	0.000000
33.483535	24.257729	3.643532	0.000000	1.000000	0.000000
33.483535	24.257729	3.643532	0.000000	0.000000	1.000000
28.807693	18.654508	4.009780	1.000000	0.000000	0.000000
28.807693	18.654508	4.009780	0.000000	1.000000	0.000000
28.807693	18.654508	4.009780	0.000000	0.000000	1.000000
87.917593	81.065301	0.420538	1.000000	0.000000	0.000000
87.917593	81.065301	0.420538	0.000000	1.000000	0.000000
87.917593	81.065301	0.420538	0.000000	0.000000	1.000000
129.927539	86.717680	2.651869	1.000000	0.000000	0.000000
129.927539	86.717680	2.651869	0.000000	1.000000	0.000000
129.927539	86.717680	2.651869	0.000000	0.000000	1.000000
142.862919	88.458117	3.338924	1.000000	0.000000	0.000000
142.862919	88.458117	3.338924	0.000000	1.000000	0.000000
142.862919	88.458117	3.338924	0.000000	0.000000	1.000000
151.944100	89.679977	3.821265	1.000000	0.000000	0.000000
151.944100	89.679977	3.821265	0.000000	1.000000	0.000000
151.944100	89.679977	3.821265	0.000000	0.000000	1.000000
159.175932	90.653010	4.205379	1.000000	0.000000	0.000000
159.175932	90.653010	4.205379	0.000000	1.000000	0.000000
159.175932	90.653010	4.205379	0.000000	0.000000	1.000000
73.443078	84.562136	0.440098	1.000000	0.000000	0.000000
73.443078	84.562136	0.440098	0.000000	1.000000	0.000000
73.443078	84.562136	0.440098	0.000000	0.000000	1.000000
38.652713	108.768366	2.775212	1.000000	0.000000	0.000000
38.652713	108.768366	2.775212	0.000000	1.000000	0.000000
38.652713	108.768366	2.775212	0.000000	0.000000	1.000000
27.940331	116.221762	3.494223	1.000000	0.000000	0.000000
27.940331	116.221762	3.494223	0.000000	1.000000	0.000000
27.940331	116.221762	3.494223	0.000000	0.000000	1.000000
20.419788	121.454360	3.998998	1.000000	0.000000	0.000000
20.419788	121.454360	3.998998	0.000000	1.000000	0.000000
20.419788	121.454360	3.998998	0.000000	0.000000	1.000000
14.430776	125.621358	4.400978	1.000000	0.000000	0.000000
14.430776	125.621358	4.400978	0.000000	1.000000	0.000000
14.430776	125.621358	4.400978	0.000000	0.000000	1.000000
81.752950	72.207960	0.459658	1.000000	0.000000	0.000000
81.752950	72.207960	0.459658	0.000000	1.000000	0.000000
81.752950	72.207960	0.459658	0.000000	0.000000	1.000000
91.053926	30.864189	2.898555	1.000000	0.000000	0.000000
91.053926	30.864189	2.898555	0.000000	1.000000	0.000000
91.053926	30.864189	2.898555	0.000000	0.000000	1.000000
93.917811	18.133933	3.649521	1.000000	0.000000	0.000000
93.917811	18.133933	3.649521	0.000000	1.000000	0.000000
93.917811	18.133933	3.649521	0.000000	0.000000	1.000000
95.928379	9.196757	4.176731	1.000000	0.000000	0.000000
95.928379	9.196757	4.176731	0.000000	1.000000	0.000000
95.928379	9.196757	4.176731	0.000000	0.000000	1.000000
97.529502	2.079605	4.596577	1.000000	0.000000	0.000000
97.529502	2.079605	4.596577	0.000000	1.000000	0.000000
97.529502	2.079605	4.596577	0.000000	0.000000	1.000000
83.970305	86.928711	0.479218	1.000000	0.000000	0.000000
83.970305	86.928711	0.479218	0.000000	1.000000	0.000000
83.970305	86.928711	0.479218	0.000000	0.000000	1.000000
105.036337	123.691747	3.021898	1.000000	0.000000	0.000000
105.036337	123.691747	3.021898	0.000000	1.000000	0.000000
105.036337	123.691747	3.021898	0.000000	0.000000	1.000000
111.522828	135.011539	3.804820	1.000000	0.000000	0.000000
111.522828	135.011539	3.804820	0.000000	1.000000	0.000000
111.522828	135.011539	3.804820	0.000000	0.000000	1.000000
116.076618	142.958509	4.354465	1.000000	0.000000	0.000000
116.076618	142.958509	4.354465	0.000000	1.000000	0.000000
116.076618	142.958509	4.354465	0.000000	0.000000	1.000000
119.703045	149.287107	4.792176	1.000000	0.000000	0.000000
119.703045	149.287107	4.792176	0.000000	1.000000	0.000000
119.703045	149.287107	4.792176	0.000000	0.000000	1.000000
72.393285	77.573251	0.498778	1.000000	0.000000	0.000000
72.393285	77.573251	0.498778	0.000000	1.000000	0.000000
72.393285	77.573251	0.498778	0.000000	0.000000	1.000000
32.032829	64.697164	3.145240	1.000000	0.000000	0.000000
32.032829	64.697164	3.145240	0.000000	1.000000	0.000000
32.032829	64.697164	3.145240	0.000000	0.000000	1.000000
19.605347	60.732459	3.960119	1.000000	0.000000	0.000000
19.605347	60.732459	3.960119	0.000000	1.000000	0.000000
19.605347	60.732459	3.960119	0.000000	0.000000	1.000000
10.880732	57.949068	4.532198	1.000000	0.000000	0.000000
10.880732	57.949068	4.532198	0.000000	1.000000	0.000000
10.880732	57.949068	4.532198	0.000000	0.000000	1.000000
3.932853	55.732505	4.987775	1.000000	0.000000	0.000000
3.932853	55.732505	4.987775	0.000000	1.000000	0.000000
3.932853	55.732505	4.987775	0.000000	0.000000	1.000000
87.247069	76.651670	0.518337	1.000000	0.000000	0.000000
87.247069	76.651670	0.518337	0.000000	1.000000	0.000000
87.247069	76.651670	0.518337	0.000000	0.000000	1.000000
125.699284	58.885772	3.268583	1.000000	0.000000	0.000000
125.699284	58.885772	3.268583	0.000000	1.000000	0.000000
125.699284	58.885772	3.268583	0.000000	0.000000	1.000000
137.539194	53.415433	4.115418	1.000000	0.000000	0.000000
137.539194	53.415433	4.115418	0.000000	1.000000	0.000000
137.539194	53.415433	4.115418	0.000000	0.000000	1.000000
145.851310	49.575025	4.709931	1.000000	0.000000	0.000000
145.851310	49.575025	4.709931	0.000000	1.000000	0.000000
145.851310	49.575025	4.709931	0.000000	0.000000	1.000000
152.470693	46.516702	5.183374	1.000000	0.000000	0.000000
152.470693	46.516702	5.183374	0.000000	1.000000	0.000000
152.470693	46.516702	5.183374	0.000000	0.000000	1.000000
76.918501	87.363085	0.537897	1.000000	0.000000	0.000000
76.918501	87.363085	0.537897	0.000000	1.000000	0.000000
76.918501	87.363085	0.537897	0.000000	0.000000	1.000000
60.568377	126.430870	3.391926	1.000000	0.000000	0.000000
60.568377	126.430870	3.391926	0.000000	1.000000	0.000000
60.568377	126.430870	3.391926	0.000000	0.000000	1.000000
55.533973	138.460322	4.270716	1.000000	0.000000	0.000000
55.533973	138.460322	4.270716	0.000000	1.000000	0.000000
55.533973	138.460322	4.270716	0.000000	0.000000	1.000000
51.999609	146.905503	4.887664	1.000000	0.000000	0.000000
51.999609	146.905503	4.887664	0.000000	1.000000	0.000000
51.999609	146.905503	4.887664	0.000000	0.000000	1.000000
49.185005	153.630855	5.378973	1.000000	0.000000	0.000000
49.185005	153.630855	5.378973	0.000000	1.000000	0.000000
49.185005	153.630855	5.378973	0.000000	0.000000	1.000000
77.298963	72.490430	0.557457	1.000000	0.000000	0.000000
77.298963	72.490430	0.557457	0.000000	1.000000	0.000000
77.298963	72.490430	0.557457	0.000000	0.000000	1.000000
62.967537	32.645413	3.515269	1.000000	0.000000	0.000000
62.967537	32.645413	3.515269	0.000000	1.000000	0.000000
62.967537	32.645413	3.515269	0.000000	0.000000	1.000000
58.554714	20.376642	4.426015	1.000000	0.000000	0.000000
58.554714	20.376642	4.426015	0.000000	1.000000	0.000000
58.554714	20.376642	4.426015	0.000000	0.000000	1.000000
55.456727	11.763448	5.065398	1.000000	0.000000	0.000000
55.456727	11.763448	5.065398	0.000000	1.000000	0.000000
55.456727	11.763448	5.065398	0.000000	0.000000	1.000000
52.989633	4.904300	5.574572	1.000000	0.000000	0.000000
52.989633	4.904300	5.574572	0.000000	1.000000	0.000000
52.989633	4.904300	5.574572	0.000000	0.000000	1.000000
87.063071	83.712152	0.577017	1.000000	0.000000	0.000000
87.063071	83.712152	0.577017	0.000000	1.000000	0.000000
87.063071	83.712152	0.577017	0.000000	0.000000	1.000000
124.539011	103.408456	3.638611	1.000000	0.000000	0.000000
124.539011	103.408456	3.638611	0.000000	1.000000	0.000000
124.539011	103.408456	3.638611	0.000000	0.000000	1.000000
136.078314	109.473190	4.581314	1.000000	0.000000	0.000000
136.078314	109.473190	4.581314	0.000000	1.000000	0.000000
136.078314	109.473190	4.581314	0.000000	0.000000	1.000000
144.179391	113.730889	5.243131	1.000000	0.000000	0.000000
144.179391	113.730889	5.243131	0.000000	1.000000	0.000000
144.179391	113.730889	5.243131	0.000000	0.000000	1.000000
150.630713	117.121523	5.770171	1.000000	0.000000	0.000000
150.630713	117.121523	5.770171	0.000000	1.000000	0.000000
150.630713	117.121523	5.770171	0.000000	0.000000	1.000000
72.285779	82.033444	0.596577	1.000000	0.000000	0.000000
72.285779	82.033444	0.596577	0.000000	1.000000	0.000000
72.285779	82.033444	0.596577	0.000000	0.000000	1.000000
31.354906	92.822691	3.761954	1.000000	0.000000	0.000000
31.354906	92.822691	3.761954	0.000000	1.000000	0.000000
31.354906	92.822691	3.761954	0.000000	0.000000	1.000000
18.751787	96.144832	4.736613	1.000000	0.000000	0.000000
18.751787	96.144832	4.736613	0.000000	1.000000	0.000000
18.751787	96.144832	4.736613	0.000000	0.000000	1.000000
9.903866	98.477116	5.420864	1.000000	0.000000	0.000000
9.903866	98.477116	5.420864	0.000000	1.000000	0.000000
9.903866	98.477116	5.420864	0.000000	0.000000	1.000000
2.857792	100.334438	5.965770	1.000000	0.000000	0.000000
2.857792	100.334438	5.965770	0.000000	1.000000	0.000000
2.857792	100.334438	5.965770	0.000000	0.000000	1.000000
84.313851	73.290971	0.616137	1.000000	0.000000	0.000000
84.313851	73.290971	0.616137	0.000000	1.000000	0.000000
84.313851	73.290971	0.616137	0.000000	0.000000	1.000000
107.202704	37.693545	3.885297	1.000000	0.000000	0.000000
107.202704	37.693545	3.885297	0.000000	1.000000	0.000000
107.202704	37.693545	3.885297	0.000000	0.000000	1.000000
114.250464	26.732659	4.891912	1.000000	0.000000	0.000000
114.250464	26.732659	4.891912	0.000000	1.000000	0.000000
114.250464	26.732659	4.891912	0.000000	0.000000	1.000000
119.198288	19.037655	5.598597	1.000000	0.000000	0.000000
119.198288	19.037655	5.598597	0.000000	1.000000	0.000000
119.198288	19.037655	5.598597	0.000000	0.000000	1.000000
123.138506	12.909711	6.161369	1.000000	0.000000	0.000000
123.138506	12.909711	6.161369	0.000000	1.000000	0.000000
123.138506	12.909711	6.161369	0.000000	0.000000	1.000000
81.350725	87.859480	0.635697	1.000000	0.000000	0.000000
81.350725	87.859480	0.635697	0.000000	1.000000	0.000000
81.350725	87.859480	0.635697	0.000000	0.000000	1.000000
88.517533	129.561086	4.008640	1.000000	0.000000	0.000000
88.517533	129.561086	4.008640	0.000000	1.000000	0.000000
88.517533	129.561086	4.008640	0.000000	0.000000	1.000000
90.724281	142.401524	5.047210	1.000000	0.000000	0.000000
90.724281	142.401524	5.047210	0.000000	1.000000	0.000000
90.724281	142.401524	5.047210	0.000000	0.000000	1.000000
92.273512	151.416052	5.776331	1.000000	0.000000	0.000000
92.273512	151.416052	5.776331	0.000000	1.000000	0.000000
92.273512	151.416052	5.776331	0.000000	0.000000	1.000000
93.507247	158.594804	6.356968	1.000000	0.000000	0.000000
93.507247	158.594804	6.356968	0.000000	1.000000	0.000000
93.507247	158.594804	6.356968	0.000000	0.000000	1.000000
73.696267	75.118035	0.655257	1.000000	0.000000	0.000000
73.696267	75.118035	0.655257	0.000000	1.000000	0.000000
73.696267	75.118035	0.655257	0.000000	0.000000	1.000000
40.249298	49.214822	4.131982	1.000000	0.000000	0.000000
40.249298	49.214822	4.131982	0.000000	1.000000	0.000000
40.249298	49.214822	4.131982	0.000000	0.000000	1.000000
29.950564	41.238904	5.202509	1.000000	0.000000	0.000000
29.950564	41.238904	5.202509	0.000000	1.000000	0.000000
29.950564	41.238904	5.202509	0.000000	0.000000	1.000000
22.720419	35.639473	5.954064	1.000000	0.000000	0.000000
22.720419	35.639473	5.954064	0.000000	1.000000	0.000000
22.720419	35.639473	5.954064	0.000000	0.000000	1.000000
16.962667	31.180347	6.552567	1.000000	0.000000	0.000000
16.962667	31.180347	6.552567	0.000000	1.000000	0.000000
16.962667	31.180347	6.552567	0.000000	0.000000	1.000000
87.944271	79.341833	0.674817	1.000000	0.000000	0.000000
87.944271	79.341833	0.674817	0.000000	1.000000	0.000000
87.944271	79.341833	0.674817	0.000000	0.000000	1.000000
130.095766	75.849668	4.255325	1.000000	0.000000	0.000000
130.095766	75.849668	4.255325	0.000000	1.000000	0.000000
130.095766	75.849668	4.255325	0.000000	0.000000	1.000000
143.074730	74.774388	5.357808	1.000000	0.000000	0.000000
143.074730	74.774388	5.357808	0.000000	1.000000	0.000000
143.074730	74.774388	5.357808	0.000000	0.000000	1.000000
152.186510	74.019495	6.131797	1.000000	0.000000	0.000000
152.186510	74.019495	6.131797	0.000000	1.000000	0.000000
152.186510	74.019495	6.131797	0.000000	0.000000	1.000000
159.442708	73.418334	6.748166	1.000000	0.000000	0.000000
159.442708	73.418334	6.748166	0.000000	1.000000	0.000000
159.442708	73.418334	6.748166	0.000000	0.000000	1.000000
74.587868	85.850356	0.694377	1.000000	0.000000	0.000000
74.587868	85.850356	0.694377	0.000000	1.000000	0.000000
74.587868	85.850356	0.694377	0.000000	0.000000	1.000000
45.871644	116.891753	4.378668	1.000000	0.000000	0.000000
45.871644	116.891753	4.378668	0.000000	1.000000	0.000000
45.871644	116.891753	4.378668	0.000000	0.000000	1.000000
37.029565	126.449781	5.513107	1.000000	0.000000	0.000000
37.029565	126.449781	5.513107	0.000000	1.000000	0.000000
37.029565	126.449781	5.513107	0.000000	0.000000	1.000000
30.822054	133.159919	6.309530	1.000000	0.000000	0.000000
30.822054	133.159919	6.309530	0.000000	1.000000	0.000000
30.822054	133.159919	6.309530	0.000000	0.000000	1.000000
25.878679	138.503562	6.943765	1.000000	0.000000	0.000000
25.878679	138.503562	6.943765	0.000000	1.000000	0.000000
25.878679	138.503562	6.943765	0.000000	0.000000	1.000000
80.038871	72.032015	0.713936	1.000000	0.000000	0.000000
80.038871	72.032015	0.713936	0.000000	1.000000	0.000000
80.038871	72.032015	0.713936	0.000000	0.000000	1.000000
80.245113	29.754695	4.502011	1.000000	0.000000	0.000000
80.245113	29.754695	4.502011	0.000000	1.000000	0.000000
80.245113	29.754695	4.502011	0.000000	0.000000	1.000000
80.308618	16.736988	5.668405	1.000000	0.000000	0.000000
80.308618	16.736988	5.668405	0.000000	1.000000	0.000000
80.308618	16.736988	5.668405	0.000000	0.000000	1.000000
80.353201	7.598010	6.487264	1.000000	0.000000	0.000000
80.353201	7.598010	6.487264	0.000000	1.000000	0.000000
80.353201	7.598010	6.487264	0.000000	0.000000	1.000000
80.388705	0.320151	7.139364	1.000000	0.000000	0.000000
80.388705	0.320151	7.139364	0.000000	1.000000	0.000000
80.388705	0.320151	7.139364	0.000000	0.000000	1.000000
85.352441	85.900285	0.733496	1.000000	0.000000	0.000000
85.352441	85.900285	0.733496	0.000000	1.000000	0.000000
85.352441	85.900285	0.733496	0.000000	0.000000	1.000000
113.751949	117.206597	4.625353	1.000000	0.000000	0.000000
113.751949	117.206597	4.625353	0.000000	1.000000	0.000000
113.751949	117.206597	4.625353	0.000000	0.000000	1.000000
122.496507	126.846196	5.823704	1.000000	0.000000	0.000000
122.496507	126.846196	5.823704	0.000000	1.000000	0.000000
122.496507	126.846196	5.823704	0.000000	0.000000	1.000000
128.635555	133.613601	6.664997	1.000000	0.000000	0.000000
128.635555	133.613601	6.664997	0.000000	1.000000	0.000000
128.635555	133.613601	6.664997	0.000000	0.000000	1.000000
133.524408	139.002848	7.334963	1.000000	0.000000	0.000000
133.524408	139.002848	7.334963	0.000000	1.000000	0.000000
133.524408	139.002848	7.334963	0.000000	0.000000	1.000000
72.069509	79.265004	0.753056	1.000000	0.000000	0.000000
72.069509	79.265004	0.753056	0.000000	1.000000	0.000000
72.069509	79.265004	0.753056	0.000000	0.000000	1.000000
29.991128	75.365189	4.748696	1.000000	0.000000	0.000000
29.991128	75.365189	4.748696	0.000000	1.000000	0.000000
29.991128	75.365189	4.748696	0.000000	0.000000	1.000000
17.034677	74.164388	5.979003	1.000000	0.000000	0.000000
17.034677	74.164388	5.979003	0.000000	1.000000	0.000000
17.034677	74.164388	5.979003	0.000000	0.000000	1.000000
7.938703	73.321375	6.842730	1.000000	0.000000	0.000000
7.938703	73.321375	6.842730	0.000000	1.000000	0.000000
7.938703	73.321375	6.842730	0.000000	0.000000	1.000000
0.695090	72.650039	7.530562	1.000000	0.000000	0.000000
0.695090	72.650039	7.530562	0.000000	1.000000	0.000000
0.695090	72.650039	7.530562	0.000000	0.000000	1.000000
86.342687	75.186126	0.772616	1.000000	0.000000	0.000000
86.342687	75.186126	0.772616	0.000000	1.000000	0.000000
86.342687	75.186126	0.772616	0.000000	0.000000	1.000000
119.996344	49.644201	4.872039	1.000000	0.000000	0.000000
119.996344	49.644201	4.872039	0.000000	1.000000	0.000000
119.996344	49.644201	4.872039	0.000000	0.000000	1.000000
130.358719	41.779528	6.134302	1.000000	0.000000	0.000000
130.358719	41.779528	6.134302	0.000000	1.000000	0.000000
130.358719	41.779528	6.134302	0.000000	0.000000	1.000000
137.633543	36.258196	7.020463	1.000000	0.000000	0.000000
137.633543	36.258196	7.020463	0.000000	1.000000	0.000000
137.633543	36.258196	7.020463	0.000000	0.000000	1.000000
143.426875	31.861263	7.726161	1.000000	0.000000	0.000000
143.426875	31.861263	7.726161	0.000000	1.000000	0.000000
143.426875	31.861263	7.726161	0.000000	0.000000	1.000000
78.575169	87.832133	0.792176	1.000000	0.000000	0.000000
78.575169	87.832133	0.792176	0.000000	1.000000	0.000000
78.575169	87.832133	0.792176	0.000000	0.000000	1.000000
71.015158	129.388638	4.995382	1.000000	0.000000	0.000000
71.015158	129.388638	4.995382	0.000000	1.000000	0.000000
71.015158	129.388638	4.995382	0.000000	0.000000	1.000000
68.687337	142.184398	6.289601	1.000000	0.000000	0.000000
68.687337	142.184398	6.289601	0.000000	1.000000	0.000000
68.687337	142.184398	6.289601	0.000000	0.000000	1.000000
67.053110	151.167560	7.198197	1.000000	0.000000	0.000000
67.053110	151.167560	7.198197	0.000000	1.000000	0.000000
67.053110	151.167560	7.198197	0.000000	0.000000	1.000000
65.751686	158.321333	7.921760	1.000000	0.000000	0.000000
65.751686	158.321333	7.921760	0.000000	1.000000	0.000000
65.751686	158.321333	7.921760	0.000000	0.000000	1.000000
75.761146	73.264037	0.811736	1.000000	0.000000	0.000000
75.761146	73.264037	0.811736	0.000000	1.000000	0.000000
75.761146	73.264037	0.811736	0.000000	0.000000	1.000000
53.270216	37.523699	5.118725	1.000000	0.000000	0.000000
53.270216	37.523699	5.118725	0.000000	1.000000	0.000000
53.270216	37.523699	5.118725	0.000000	0.000000	1.000000
46.344982	26.518809	6.444899	1.000000	0.000000	0.000000
46.344982	26.518809	6.444899	0.000000	1.000000	0.000000
46.344982	26.518809	6.444899	0.000000	0.000000	1.000000
41.483176	18.792913	7.375930	1.000000	0.000000	0.000000
41.483176	18.792913	7.375930	0.000000	1.000000	0.000000
41.483176	18.792913	7.375930	0.000000	0.000000	1.000000
37.611459	12.640368	8.117359	1.000000	0.000000	0.000000
37.611459	12.640368	8.117359	0.000000	1.000000	0.000000
37.611459	12.640368	8.117359	0.000000	0.000000	1.000000
87.673729	82.103051	0.831296	1.000000	0.000000	0.000000
87.673729	82.103051	0.831296	0.000000	1.000000	0.000000
87.673729	82.103051	0.831296	0.000000	0.000000	1.000000
128.389759	93.261627	5.242067	1.000000	0.000000	0.000000
128.389759	93.261627	5.242067	0.000000	1.000000	0.000000
128.389759	93.261627	5.242067	0.000000	0.000000	1.000000
140.926726	96.697490	6.600198	1.000000	0.000000	0.000000
140.926726	96.697490	6.600198	0.000000	1.000000	0.000000
140.926726	96.697490	6.600198	0.000000	0.000000	1.000000
149.728205	99.109610	7.553663	1.000000	0.000000	0.000000
149.728205	99.109610	7.553663	0.000000	1.000000	0.000000
149.728205	99.109610	7.553663	0.000000	0.000000	1.000000
156.737294	101.030511	8.312958	1.000000	0.000000	0.000000
156.737294	101.030511	8.312958	0.000000	1.000000	0.000000
156.737294	101.030511	8.312958	0.000000	0.000000	1.000000
72.922880	83.631861	0.850856	1.000000	0.000000	0.000000
72.922880	83.631861	0.850856	0.000000	1.000000	0.000000
72.922880	83.631861	0.850856	0.000000	0.000000	1.000000
35.372399	102.902148	5.365410	1.000000	0.000000	0.000000
35.372399	102.902148	5.365410	0.000000	1.000000	0.000000
35.372399	102.902148	5.365410	0.000000	0.000000	1.000000
23.810143	108.835707	6.755497	1.000000	0.000000	0.000000
23.810143	108.835707	6.755497	0.000000	1.000000	0.000000
23.810143	108.835707	6.755497	0.000000	0.000000	1.000000
15.692953	113.001315	7.731396	1.000000	0.000000	0.000000
15.692953	113.001315	7.731396	0.000000	1.000000	0.000000
15.692953	113.001315	7.731396	0.000000	0.000000	1.000000
9.228799	116.318612	8.508557	1.000000	0.000000	0.000000
9.228799	116.318612	8.508557	0.000000	1.000000	0.000000
9.228799	116.318612	8.508557	0.000000	0.000000	1.000000
82.764425	72.543437	0.870416	1.000000	0.000000	0.000000
82.764425	72.543437	0.870416	0.000000	1.000000	0.000000
82.764425	72.543437	0.870416	0.000000	0.000000	1.000000
97.432186	32.979671	5.488753	1.000000	0.000000	0.000000
97.432186	32.979671	5.488753	0.000000	1.000000	0.000000
97.432186	32.979671	5.488753	0.000000	0.000000	1.000000
101.948570	20.797501	6.910796	1.000000	0.000000	0.000000
101.948570	20.797501	6.910796	0.000000	1.000000	0.000000
101.948570	20.797501	6.910796	0.000000	0.000000	1.000000
105.119262	12.245104	7.909130	1.000000	0.000000	0.000000
105.119262	12.245104	7.909130	0.000000	1.000000	0.000000
105.119262	12.245104	7.909130	0.000000	0.000000	1.000000
107.644254	5.434372	8.704156	1.000000	0.000000	0.000000
107.644254	5.434372	8.704156	0.000000	1.000000	0.000000
107.644254	5.434372	8.704156	0.000000	0.000000	1.000000
82.997618	87.363574	0.889976	1.000000	0.000000	0.000000
82.997618	87.363574	0.889976	0.000000	1.000000	0.000000
82.997618	87.363574	0.889976	0.000000	0.000000	1.000000
98.902676	126.433954	5.612096	1.000000	0.000000	0.000000
98.902676	126.433954	5.612096	0.000000	1.000000	0.000000
98.902676	126.433954	5.612096	0.000000	0.000000	1.000000
103.800039	138.464204	7.066094	1.000000	0.000000	0.000000
103.800039	138.464204	7.066094	0.000000	1.000000	0.000000
103.800039	138.464204	7.066094	0.000000	0.000000	1.000000
107.238194	146.909947	8.086863	1.000000	0.000000	0.000000
107.238194	146.909947	8.086863	0.000000	1.000000	0.000000
107.238194	146.909947	8.086863	0.000000	0.000000	1.000000
109.976182	153.635745	8.899756	1.000000	0.000000	0.000000
109.976182	153.635745	8.899756	0.000000	1.000000	0.000000
109.976182	153.635745	8.899756	0.000000	0.000000	1.000000
72.817627	76.596139	0.909535	1.000000	0.000000	0.000000
72.817627	76.596139	0.909535	0.000000	1.000000	0.000000
72.817627	76.596139	0.909535	0.000000	0.000000	1.000000
34.708686	58.535601	5.735438	1.000000	0.000000	0.000000
34.708686	58.535601	5.735438	0.000000	1.000000	0.000000
34.708686	58.535601	5.735438	0.000000	0.000000	1.000000
22.974474	52.974539	7.221393	1.000000	0.000000	0.000000
22.974474	52.974539	7.221393	0.000000	1.000000	0.000000
22.974474	52.974539	7.221393	0.000000	0.000000	1.000000
14.736563	49.070439	8.264596	1.000000	0.000000	0.000000
14.736563	49.070439	8.264596	0.000000	1.000000	0.000000
14.736563	49.070439	8.264596	0.000000	0.000000	1.000000
8.176272	45.961395	9.095355	1.000000	0.000000	0.000000
8.176272	45.961395	9.095355	0.000000	1.000000	0.000000
8.176272	45.961395	9.095355	0.000000	0.000000	1.000000
87.593171	77.658944	0.929095	1.000000	0.000000	0.000000
87.593171	77.658944	0.929095	0.000000	1.000000	0.000000
87.593171	77.658944	0.929095	0.000000	0.000000	1.000000
127.881764	65.237540	5.858781	1.000000	0.000000	0.000000
127.881764	65.237540	5.858781	0.000000	1.000000	0.000000
127.881764	65.237540	5.858781	0.000000	0.000000	1.000000
140.287118	61.412837	7.376692	1.000000	0.000000	0.000000
140.287118	61.412837	7.376692	0.000000	1.000000	0.000000
140.287118	61.412837	7.376692	0.000000	0.000000	1.000000
148.996198	58.727735	8.442329	1.000000	0.000000	0.000000
148.996198	58.727735	8.442329	0.000000	1.000000	0.000000
148.996198	58.727735	8.442329	0.000000	0.000000	1.000000
155.931706	56.589443	9.290954	1.000000	0.000000	0.000000
155.931706	56.589443	9.290954	0.000000	1.000000	0.000000
155.931706	56.589443	9.290954	0.000000	0.000000	1.000000
75.983561	86.853340	0.948655	1.000000	0.000000	0.000000
75.983561	86.853340	0.948655	0.000000	1.000000	0.000000
75.983561	86.853340	0.948655	0.000000	0.000000	1.000000
54.672746	123.216469	5.982124	1.000000	0.000000	0.000000
54.672746	123.216469	5.982124	0.000000	1.000000	0.000000
54.672746	123.216469	5.982124	0.000000	0.000000	1.000000
48.110883	134.413124	7.531991	1.000000	0.000000	0.000000
48.110883	134.413124	7.531991	0.000000	1.000000	0.000000
48.110883	134.413124	7.531991	0.000000	0.000000	1.000000
43.504180	142.273647	8.620063	1.000000	0.000000	0.000000
43.504180	142.273647	8.620063	0.000000	1.000000	0.000000
43.504180	142.273647	8.620063	0.000000	0.000000	1.000000
39.835614	148.533404	9.486553	1.000000	0.000000	0.000000
39.835614	148.533404	9.486553	0.000000	1.000000	0.000000
39.835614	148.533404	9.486553	0.000000	0.000000	1.000000
78.332727	72.235803	0.968215	1.000000	0.000000	0.000000
78.332727	72.235803	0.968215	0.000000	1.000000	0.000000
78.332727	72.235803	0.968215	0.000000	0.000000	1.000000
69.486349	31.039759	6.105467	1.000000	0.000000	0.000000
69.486349	31.039759	6.105467	0.000000	1.000000	0.000000
69.486349	31.039759	6.105467	0.000000	0.000000	1.000000
66.762440	18.354990	7.687290	1.000000	0.000000	0.000000
66.762440	18.354990	7.687290	0.000000	1.000000	0.000000
66.762440	18.354990	7.687290	0.000000	0.000000	1.000000
64.850141	9.449748	8.797796	1.000000	0.000000	0.000000
64.850141	9.449748	8.797796	0.000000	1.000000	0.000000
64.850141	9.449748	8.797796	0.000000	0.000000	1.000000
63.327275	2.358026	9.682152	1.000000	0.000000	0.000000
63.327275	2.358026	9.682152	0.000000	1.000000	0.000000
63.327275	2.358026	9.682152	0.000000	0.000000	1.000000
86.472071	84.597456	0.987775	1.000000	0.000000	0.000000
86.472071	84.597456	0.987775	0.000000	1.000000	0.000000
86.472071	84.597456	0.987775	0.000000	0.000000	1.000000
120.812222	108.991091	6.228809	1.000000	0.000000	0.000000
120.812222	108.991091	6.228809	0.000000	1.000000	0.000000
120.812222	108.991091	6.228809	0.000000	0.000000	1.000000
131.385977	116.502191	7.842588	1.000000	0.000000	0.000000
131.385977	116.502191	7.842588	0.000000	1.000000	0.000000
131.385977	116.502191	7.842588	0.000000	0.000000	1.000000
138.809198	121.775300	8.975529	1.000000	0.000000	0.000000
138.809198	121.775300	8.975529	0.000000	1.000000	0.000000
138.809198	121.775300	8.975529	0.000000	0.000000	1.000000
144.720707	125.974559	9.877751	1.000000	0.000000	0.000000
144.720707	125.974559	9.877751	0.000000	1.000000	0.000000
144.720707	125.974559	9.877751	0.000000	0.000000	1.000000
72.124599	80.981496	1.007335	1.000000	0.000000	0.000000
72.124599	80.981496	1.007335	0.000000	1.000000	0.000000
72.124599	80.981496	1.007335	0.000000	0.000000	1.000000
30.338520	86.189215	6.352152	1.000000	0.000000	0.000000
30.338520	86.189215	6.352152	0.000000	1.000000	0.000000
30.338520	86.189215	6.352152	0.000000	0.000000	1.000000
17.472072	87.792735	7.997887	1.000000	0.000000	0.000000
17.472072	87.792735	7.997887	0.000000	1.000000	0.000000
17.472072	87.792735	7.997887	0.000000	0.000000	1.000000
8.439283	88.918474	9.153262	1.000000	0.000000	0.000000
8.439283	88.918474	9.153262	0.000000	1.000000	0.000000
8.439283	88.918474	9.153262	0.000000	0.000000	1.000000
1.245989	89.814961	10.073350	1.000000	0.000000	0.000000
1.245989	89.814961	10.073350	0.000000	1.000000	0.000000
1.245989	89.814961	10.073350	0.000000	0.000000	1.000000
85.142459	73.958428	1.026895	1.000000	0.000000	0.000000
85.142459	73.958428	1.026895	0.000000	1.000000	0.000000
85.142459	73.958428	1.026895	0.000000	0.000000	1.000000
112.427828	41.902457	6.475495	1.000000	0.000000	0.000000
112.427828	41.902457	6.475495	0.000000	1.000000	0.000000
112.427828	41.902457	6.475495	0.000000	0.000000	1.000000
120.829329	32.032029	8.153186	1.000000	0.000000	0.000000
120.829329	32.032029	8.153186	0.000000	1.000000	0.000000
120.829329	32.032029	8.153186	0.000000	0.000000	1.000000
126.727536	25.102573	9.330996	1.000000	0.000000	0.000000
126.727536	25.102573	9.330996	0.000000	1.000000	0.000000
126.727536	25.102573	9.330996	0.000000	0.000000	1.000000
131.424595	19.584276	10.268949	1.000000	0.000000	0.000000
131.424595	19.584276	10.268949	0.000000	1.000000	0.000000
131.424595	19.584276	10.268949	0.000000	0.000000	1.000000
80.289041	87.925994	1.046455	1.000000	0.000000	0.000000
80.289041	87.925994	1.046455	0.000000	1.000000	0.000000
80.289041	87.925994	1.046455	0.000000	0.000000	1.000000
81.822662	129.980517	6.598838	1.000000	0.000000	0.000000
81.822662	129.980517	6.598838	0.000000	1.000000	0.000000
81.822662	129.980517	6.598838	0.000000	0.000000	1.000000
82.294883	142.929622	8.308485	1.000000	0.000000	0.000000
82.294883	142.929622	8.308485	0.000000	1.000000	0.000000
82.294883	142.929622	8.308485	0.000000	0.000000	1.000000
82.626402	152.020439	9.508729	1.000000	0.000000	0.000000
82.626402	152.020439	9.508729	0.000000	1.000000	0.000000
82.626402	152.020439	9.508729	0.000000	0.000000	1.000000
82.890408	159.259944	10.464548	1.000000	0.000000	0.000000
82.890408	159.259944	10.464548	0.000000	1.000000	0.000000
82.890408	159.259944	10.464548	0.000000	0.000000	1.000000
74.434767	74.352718	1.066015	1.000000	0.000000	0.000000
74.434767	74.352718	1.066015	0.000000	1.000000	0.000000
74.434767	74.352718	1.066015	0.000000	0.000000	1.000000
44.906203	44.388814	6.722180	1.000000	0.000000	0.000000
44.906203	44.388814	6.722180	0.000000	1.000000	0.000000
44.906203	44.388814	6.722180	0.000000	0.000000	1.000000
35.813995	35.162559	8.463783	1.000000	0.000000	0.000000
35.813995	35.162559	8.463783	0.000000	1.000000	0.000000
35.813995	35.162559	8.463783	0.000000	0.000000	1.000000
29.430882	28.685340	9.686462	1.000000	0.000000	0.000000
29.430882	28.685340	9.686462	0.000000	1.000000	0.000000
29.430882	28.685340	9.686462	0.000000	0.000000	1.000000
24.347667	23.527183	10.660147	1.000000	0.000000	0.000000
24.347667	23.527183	10.660147	0.000000	1.000000	0.000000
24.347667	23.527183	10.660147	0.000000	0.000000	1.000000
87.915663	80.404733	1.085575	1.000000	0.000000	0.000000
87.915663	80.404733	1.085575	0.000000	1.000000	0.000000
87.915663	80.404733	1.085575	0.000000	0.000000	1.000000
129.915367	82.552206	6.845523	1.000000	0.000000	0.000000
129.915367	82.552206	6.845523	0.000000	1.000000	0.000000
129.915367	82.552206	6.845523	0.000000	0.000000	1.000000
142.847593	83.213440	8.619082	1.000000	0.000000	0.000000
142.847593	83.213440	8.619082	0.000000	1.000000	0.000000
142.847593	83.213440	8.619082	0.000000	0.000000	1.000000
151.926560	83.677653	9.864195	1.000000	0.000000	0.000000
151.926560	83.677653	9.864195	0.000000	1.000000	0.000000
151.926560	83.677653	9.864195	0.000000	0.000000	1.000000
159.156629	84.047332	10.855746	1.000000	0.000000	0.000000
159.156629	84.047332	10.855746	0.000000	1.000000	0.000000
159.156629	84.047332	10.855746	0.000000	0.000000	1.000000
73.891927	85.046794	1.105134	1.000000	0.000000	0.000000
73.891927	85.046794	1.105134	0.000000	1.000000	0.000000
73.891927	85.046794	1.105134	0.000000	0.000000	1.000000
41.483114	111.824569	6.968866	1.000000	0.000000	0.000000
41.483114	111.824569	6.968866	0.000000	1.000000	0.000000
41.483114	111.824569	6.968866	0.000000	0.000000	1.000000
31.504041	120.069776	8.774381	1.000000	0.000000	0.000000
31.504041	120.069776	8.774381	0.000000	1.000000	0.000000
31.504041	120.069776	8.774381	0.000000	0.000000	1.000000
24.498312	125.858258	10.041929	1.000000	0.000000	0.000000
24.498312	125.858258	10.041929	0.000000	1.000000	0.000000
24.498312	125.858258	10.041929	0.000000	0.000000	1.000000
18.919274	130.467937	11.051345	1.000000	0.000000	0.000000
18.919274	130.467937	11.051345	0.000000	1.000000	0.000000
18.919274	130.467937	11.051345	0.000000	0.000000	1.000000
81.094462	72.155434	1.124694	1.000000	0.000000	0.000000
81.094462	72.155434	1.124694	0.000000	1.000000	0.000000
81.094462	72.155434	1.124694	0.000000	0.000000	1.000000
86.901567	30.532963	7.092209	1.000000	0.000000	0.000000
86.901567	30.532963	7.092209	0.000000	1.000000	0.000000
86.901567	30.532963	7.092209	0.000000	0.000000	1.000000
88.689646	17.716891	8.929680	1.000000	0.000000	0.000000
88.689646	17.716891	8.929680	0.000000	1.000000	0.000000
88.689646	17.716891	8.929680	0.000000	0.000000	1.000000
89.944952	8.719470	10.219662	1.000000	0.000000	0.000000
89.944952	8.719470	10.219662	0.000000	1.000000	0.000000
89.944952	8.719470	10.219662	0.000000	0.000000	1.000000
90.944621	1.554340	11.246944	1.000000	0.000000	0.000000
90.944621	1.554340	11.246944	0.000000	1.000000	0.000000
90.944621	1.554340	11.246944	0.000000	0.000000	1.000000
84.490317	86.521329	1.144254	1.000000	0.000000	0.000000
84.490317	86.521329	1.144254	0.000000	1.000000	0.000000
84.490317	86.521329	1.144254	0.000000	0.000000	1.000000
108.315482	121.122842	7.215551	1.000000	0.000000	0.000000
108.315482	121.122842	7.215551	0.000000	1.000000	0.000000
108.315482	121.122842	7.215551	0.000000	0.000000	1.000000
115.651544	131.777073	9.084979	1.000000	0.000000	0.000000
115.651544	131.777073	9.084979	0.000000	1.000000	0.000000
115.651544	131.777073	9.084979	0.000000	0.000000	1.000000
120.801768	139.256792	10.397395	1.000000	0.000000	0.000000
120.801768	139.256792	10.397395	0.000000	1.000000	0.000000
120.801768	139.256792	10.397395	0.000000	0.000000	1.000000
124.903168	145.213294	11.442543	1.000000	0.000000	0.000000
124.903168	145.213294	11.442543	0.000000	1.000000	0.000000
124.903168	145.213294	11.442543	0.000000	0.000000	1.000000
72.286664	78.225179	1.163814	1.000000	0.000000	0.000000
72.286664	78.225179	1.163814	0.000000	1.000000	0.000000
72.286664	78.225179	1.163814	0.000000	0.000000	1.000000
31.360487	68.808162	7.338894	1.000000	0.000000	0.000000
31.360487	68.808162	7.338894	0.000000	1.000000	0.000000
31.360487	68.808162	7.338894	0.000000	0.000000	1.000000
18.758813	65.908546	9.240277	1.000000	0.000000	0.000000
18.758813	65.908546	9.240277	0.000000	1.000000	0.000000
18.758813	65.908546	9.240277	0.000000	0.000000	1.000000
9.911908	63.872894	10.575128	1.000000	0.000000	0.000000
9.911908	63.872894	10.575128	0.000000	1.000000	0.000000
9.911908	63.872894	10.575128	0.000000	0.000000	1.000000
2.866642	62.251795	11.638142	1.000000	0.000000	0.000000
2.866642	62.251795	11.638142	0.000000	1.000000	0.000000
2.866642	62.251795	11.638142	0.000000	0.000000	1.000000
86.883924	76.099844	1.183374	1.000000	0.000000	0.000000
86.883924	76.099844	1.183374	0.000000	1.000000	0.000000
86.883924	76.099844	1.183374	0.000000	0.000000	1.000000
123.409326	55.406011	7.462237	1.000000	0.000000	0.000000
123.409326	55.406011	7.462237	0.000000	1.000000	0.000000
123.409326	55.406011	7.462237	0.000000	0.000000	1.000000
134.655947	49.034126	9.395576	1.000000	0.000000	0.000000
134.655947	49.034126	9.395576	0.000000	1.000000	0.000000
134.655947	49.034126	9.395576	0.000000	0.000000	1.000000
142.551548	44.560793	10.752862	1.000000	0.000000	0.000000
142.551548	44.560793	10.752862	0.000000	1.000000	0.000000
142.551548	44.560793	10.752862	0.000000	0.000000	1.000000
148.839239	40.998439	11.833741	1.000000	0.000000	0.000000
148.839239	40.998439	11.833741	0.000000	1.000000	0.000000
148.839239	40.998439	11.833741	0.000000	0.000000	1.000000
77.559437	87.523071	1.202934	1.000000	0.000000	0.000000
77.559437	87.523071	1.202934	0.000000	1.000000	0.000000
77.559437	87.523071	1.202934	0.000000	0.000000	1.000000
64.610056	127.439724	7.585580	1.000000	0.000000	0.000000
64.610056	127.439724	7.585580	0.000000	1.000000	0.000000
64.610056	127.439724	7.585580	0.000000	0.000000	1.000000
60.622782	139.730553	9.550875	1.000000	0.000000	0.000000
60.622782	139.730553	9.550875	0.000000	1.000000	0.000000
60.622782	139.730553	9.550875	0.000000	0.000000	1.000000
57.823548	148.359232	10.930595	1.000000	0.000000	0.000000
57.823548	148.359232	10.930595	0.000000	1.000000	0.000000
57.823548	148.359232	10.930595	0.000000	0.000000	1.000000
55.594367	155.230712	12.029340	1.000000	0.000000	0.000000
55.594367	155.230712	12.029340	0.000000	1.000000	0.000000
55.594367	155.230712	12.029340	0.000000	0.000000	1.000000
76.719079	72.806874	1.222494	1.000000	0.000000	0.000000
76.719079	72.806874	1.222494	0.000000	1.000000	0.000000
76.719079	72.806874	1.222494	0.000000	0.000000	1.000000
59.310843	34.640876	7.708922	1.000000	0.000000	0.000000
59.310843	34.640876	7.708922	0.000000	1.000000	0.000000
59.310843	34.640876	7.708922	0.000000	0.000000	1.000000
53.950633	22.889096	9.706174	1.000000	0.000000	0.000000
53.950633	22.889096	9.706174	0.000000	1.000000	0.000000
53.950633	22.889096	9.706174	0.000000	0.000000	1.000000
50.187540	14.638851	11.108328	1.000000	0.000000	0.000000
50.187540	14.638851	11.108328	0.000000	1.000000	0.000000
50.187540	14.638851	11.108328	0.000000	0.000000	1.000000
47.190787	8.068738	12.224939	1.000000	0.000000	0.000000
47.190787	8.068738	12.224939	0.000000	1.000000	0.000000
47.190787	8.068738	12.224939	0.000000	0.000000	1.000000
87.275329	83.086566	1.242054	1.000000	0.000000	0.000000
87.275329	83.086566	1.242054	0.000000	1.000000	0.000000
87.275329	83.086566	1.242054	0.000000	0.000000	1.000000
125.877487	99.463572	7.832265	1.000000	0.000000	0.000000
125.877487	99.463572	7.832265	0.000000	1.000000	0.000000
125.877487	99.463572	7.832265	0.000000	0.000000	1.000000
137.763567	104.506253	9.861472	1.000000	0.000000	0.000000
137.763567	104.506253	9.861472	0.000000	1.000000	0.000000
137.763567	104.506253	9.861472	0.000000	0.000000	1.000000
146.108095	108.046428	11.286061	1.000000	0.000000	0.000000
146.108095	108.046428	11.286061	0.000000	1.000000	0.000000
146.108095	108.046428	11.286061	0.000000	0.000000	1.000000
152.753291	110.865659	12.420538	1.000000	0.000000	0.000000
152.753291	110.865659	12.420538	0.000000	1.000000	0.000000
152.753291	110.865659	12.420538	0.000000	0.000000	1.000000
72.553375	82.637442	1.261614	1.000000	0.000000	0.000000
72.553375	82.637442	1.261614	0.000000	1.000000	0.000000
72.553375	82.637442	1.261614	0.000000	0.000000	1.000000
33.042335	96.631441	7.955608	1.000000	0.000000	0.000000
33.042335	96.631441	7.955608	0.000000	1.000000	0.000000
33.042335	96.631441	7.955608	0.000000	0.000000	1.000000
20.876400	100.940366	10.016771	1.000000	0.000000	0.000000
20.876400	100.940366	10.016771	0.000000	1.000000	0.000000
20.876400	100.940366	10.016771	0.000000	0.000000	1.000000
12.335401	103.965412	11.463795	1.000000	0.000000	0.000000
12.335401	103.965412	11.463795	0.000000	1.000000	0.000000
12.335401	103.965412	11.463795	0.000000	0.000000	1.000000
5.533745	106.374419	12.616137	1.000000	0.000000	0.000000
5.533745	106.374419	12.616137	0.000000	1.000000	0.000000
5.533745	106.374419	12.616137	0.000000	0.000000	1.000000
83.707865	73.027889	1.281174	1.000000	0.000000	0.000000
83.707865	73.027889	1.281174	0.000000	1.000000	0.000000
83.707865	73.027889	1.281174	0.000000	0.000000	1.000000
103.381421	36.034576	8.078951	1.000000	0.000000	0.000000
103.381421	36.034576	8.078951	0.000000	1.000000	0.000000
103.381421	36.034576	8.078951	0.000000	0.000000	1.000000
109.439151	24.643879	10.172070	1.000000	0.000000	0.000000
109.439151	24.643879	10.172070	0.000000	1.000000	0.000000
109.439151	24.643879	10.172070	0.000000	0.000000	1.000000
113.691932	16.647131	11.641528	1.000000	0.000000	0.000000
113.691932	16.647131	11.641528	0.000000	1.000000	0.000000
113.691932	16.647131	11.641528	0.000000	0.000000	1.000000
117.078651	10.278891	12.811736	1.000000	0.000000	0.000000
117.078651	10.278891	12.811736	0.000000	1.000000	0.000000
117.078651	10.278891	12.811736	0.000000	0.000000	1.000000
81.974729	87.642548	1.300733	1.000000	0.000000	0.000000
81.974729	87.642548	1.300733	0.000000	1.000000	0.000000
81.974729	87.642548	1.300733	0.000000	0.000000	1.000000
92.452440	128.193132	8.202293	1.000000	0.000000	0.000000
92.452440	128.193132	8.202293	0.000000	1.000000	0.000000
92.452440	128.193132	8.202293	0.000000	0.000000	1.000000
95.678656	140.679156	10.327369	1.000000	0.000000	0.000000
95.678656	140.679156	10.327369	0.000000	1.000000	0.000000
95.678656	140.679156	10.327369	0.000000	0.000000	1.000000
97.943596	149.444870	11.819261	1.000000	0.000000	0.000000
97.943596	149.444870	11.819261	0.000000	1.000000	0.000000
97.943596	149.444870	11.819261	0.000000	0.000000	1.000000
99.747289	156.425479	13.007335	1.000000	0.000000	0.000000
99.747289	156.425479	13.007335	0.000000	1.000000	0.000000
99.747289	156.425479	13.007335	0.000000	0.000000	1.000000
73.384153	75.700303	1.320293	1.000000	0.000000	0.000000
73.384153	75.700303	1.320293	0.000000	1.000000	0.000000
73.384153	75.700303	1.320293	0.000000	0.000000	1.000000
38.281139	52.886548	8.325636	1.000000	0.000000	0.000000
38.281139	52.886548	8.325636	0.000000	1.000000	0.000000
38.281139	52.886548	8.325636	0.000000	0.000000	1.000000
27.472489	45.861912	10.482668	1.000000	0.000000	0.000000
27.472489	45.861912	10.482668	0.000000	1.000000	0.000000
27.472489	45.861912	10.482668	0.000000	0.000000	1.000000
19.884362	40.930322	11.996994	1.000000	0.000000	0.000000
19.884362	40.930322	11.996994	0.000000	1.000000	0.000000
19.884362	40.930322	11.996994	0.000000	0.000000	1.000000
13.841529	37.003032	13.202934	1.000000	0.000000	0.000000
13.841529	37.003032	13.202934	0.000000	1.000000	0.000000
13.841529	37.003032	13.202934	0.000000	0.000000	1.000000
87.779470	78.702065	1.339853	1.000000	0.000000	0.000000
87.779470	78.702065	1.339853	0.000000	1.000000	0.000000
87.779470	78.702065	1.339853	0.000000	0.000000	1.000000
129.056550	71.815353	8.448979	1.000000	0.000000	0.000000
129.056550	71.815353	8.448979	0.000000	1.000000	0.000000
129.056550	71.815353	8.448979	0.000000	0.000000	1.000000
141.766271	69.694849	10.637966	1.000000	0.000000	0.000000
141.766271	69.694849	10.637966	0.000000	1.000000	0.000000
141.766271	69.694849	10.637966	0.000000	0.000000	1.000000
150.689031	68.206166	12.174728	1.000000	0.000000	0.000000
150.689031	68.206166	12.174728	0.000000	1.000000	0.000000
150.689031	68.206166	12.174728	0.000000	0.000000	1.000000
157.794703	67.020648	13.398533	1.000000	0.000000	0.000000
157.794703	67.020648	13.398533	0.000000	1.000000	0.000000
157.794703	67.020648	13.398533	0.000000	0.000000	1.000000
75.142466	86.209377	1.359413	1.000000	0.000000	0.000000
75.142466	86.209377	1.359413	0.000000	1.000000	0.000000
75.142466	86.209377	1.359413	0.000000	0.000000	1.000000
49.368884	119.155700	8.572322	1.000000	0.000000	0.000000
49.368884	119.155700	8.572322	0.000000	1.000000	0.000000
49.368884	119.155700	8.572322	0.000000	0.000000	1.000000
41.432881	129.300279	10.793265	1.000000	0.000000	0.000000
41.432881	129.300279	10.793265	0.000000	1.000000	0.000000
41.432881	129.300279	10.793265	0.000000	0.000000	1.000000
35.861473	136.422200	12.352461	1.000000	0.000000	0.000000
35.861473	136.422200	12.352461	0.000000	1.000000	0.000000
35.861473	136.422200	12.352461	0.000000	0.000000	1.000000
31.424661	142.093768	13.594132	1.000000	0.000000	0.000000
31.424661	142.093768	13.594132	0.000000	1.000000	0.000000
31.424661	142.093768	13.594132	0.000000	0.000000	1.000000
79.387685	72.143569	1.378973	1.000000	0.000000	0.000000
79.387685	72.143569	1.378973	0.000000	1.000000	0.000000
79.387685	72.143569	1.378973	0.000000	0.000000	1.000000
76.138801	30.458145	8.695665	1.000000	0.000000	0.000000
76.138801	30.458145	8.695665	0.000000	1.000000	0.000000
76.138801	30.458145	8.695665	0.000000	0.000000	1.000000
75.138430	17.622690	10.948564	1.000000	0.000000	0.000000
75.138430	17.622690	10.948564	0.000000	1.000000	0.000000
75.138430	17.622690	10.948564	0.000000	0.000000	1.000000
74.436127	8.611660	12.530194	1.000000	0.000000	0.000000
74.436127	8.611660	12.530194	0.000000	1.000000	0.000000
74.436127	8.611660	12.530194	0.000000	0.000000	1.000000
73.876846	1.435693	13.789731	1.000000	0.000000	0.000000
73.876846	1.435693	13.789731	0.000000	1.000000	0.000000
73.876846	1.435693	13.789731	0.000000	0.000000	1.000000
85.755926	85.377121	1.398533	1.000000	0.000000	0.000000
85.755926	85.377121	1.398533	0.000000	1.000000	0.000000
85.755926	85.377121	1.398533	0.000000	0.000000	1.000000
116.296283	113.907577	8.819007	1.000000	0.000000	0.000000
116.296283	113.907577	8.819007	0.000000	1.000000	0.000000
116.296283	113.907577	8.819007	0.000000	0.000000	1.000000
125.700034	122.692456	11.103863	1.000000	0.000000	0.000000
125.700034	122.692456	11.103863	0.000000	1.000000	0.000000
125.700034	122.692456	11.103863	0.000000	0.000000	1.000000
132.301864	128.859811	12.707927	1.000000	0.000000	0.000000
132.301864	128.859811	12.707927	0.000000	1.000000	0.000000
132.301864	128.859811	12.707927	0.000000	0.000000	1.000000
137.559255	133.771207	13.985330	1.000000	0.000000	0.000000
137.559255	133.771207	13.985330	0.000000	1.000000	0.000000
137.559255	133.771207	13.985330	0.000000	0.000000	1.000000
72.127065	79.923185	1.418093	1.000000	0.000000	0.000000
72.127065	79.923185	1.418093	0.000000	1.000000	0.000000
72.127065	79.923185	1.418093	0.000000	0.000000	1.000000
30.354068	79.515609	8.942350	1.000000	0.000000	0.000000
30.354068	79.515609	8.942350	0.000000	1.000000	0.000000
30.354068	79.515609	8.942350	0.000000	0.000000	1.000000
17.491648	79.390112	11.259161	1.000000	0.000000	0.000000
17.491648	79.390112	11.259161	0.000000	1.000000	0.000000
17.491648	79.390112	11.259161	0.000000	0.000000	1.000000
8.461688	79.302008	12.885661	1.000000	0.000000	0.000000
8.461688	79.302008	12.885661	0.000000	1.000000	0.000000
8.461688	79.302008	12.885661	0.000000	0.000000	1.000000
1.270646	79.231845	14.180929	1.000000	0.000000	0.000000
1.270646	79.231845	14.180929	0.000000	1.000000	0.000000
1.270646	79.231845	14.180929	0.000000	0.000000	1.000000
85.854506	74.740921	1.437653	1.000000	0.000000	0.000000
85.854506	74.740921	1.437653	0.000000	1.000000	0.000000
85.854506	74.740921	1.437653	0.000000	0.000000	1.000000
116.917922	46.836781	9.065693	1.000000	0.000000	0.000000
116.917922	46.836781	9.065693	0.000000	1.000000	0.000000
116.917922	46.836781	9.065693	0.000000	0.000000	1.000000
126.482730	38.244753	11.414460	1.000000	0.000000	0.000000
126.482730	38.244753	11.414460	0.000000	1.000000	0.000000
126.482730	38.244753	11.414460	0.000000	0.000000	1.000000
133.197628	32.212787	13.063394	1.000000	0.000000	0.000000
133.197628	32.212787	13.063394	0.000000	1.000000	0.000000
133.197628	32.212787	13.063394	0.000000	0.000000	1.000000
138.545061	27.409210	14.376528	1.000000	0.000000	0.000000
138.545061	27.409210	14.376528	0.000000	1.000000	0.000000
138.545061	27.409210	14.376528	0.000000	0.000000	1.000000
79.235876	87.828962	1.457213	1.000000	0.000000	0.000000
79.235876	87.828962	1.457213	0.000000	1.000000	0.000000
79.235876	87.828962	1.457213	0.000000	0.000000	1.000000
75.181510	129.368640	9.189036	1.000000	0.000000	0.000000
75.181510	129.368640	9.189036	0.000000	1.000000	0.000000
75.181510	129.368640	9.189036	0.000000	0.000000	1.000000
73.933121	142.159218	11.569759	1.000000	0.000000	0.000000
73.933121	142.159218	11.569759	0.000000	1.000000	0.000000
73.933121	142.159218	11.569759	0.000000	0.000000	1.000000
73.056699	151.138742	13.241127	1.000000	0.000000	0.000000
73.056699	151.138742	13.241127	0.000000	1.000000	0.000000
73.056699	151.138742	13.241127	0.000000	0.000000	1.000000
72.358758	158.289620	14.572127	1.000000	0.000000	0.000000
72.358758	158.289620	14.572127	0.000000	1.000000	0.000000
72.358758	158.289620	14.572127	0.000000	0.000000	1.000000
75.277245	73.713926	1.476773	1.000000	0.000000	0.000000
75.277245	73.713926	1.476773	0.000000	1.000000	0.000000
75.277245	73.713926	1.476773	0.000000	0.000000	1.000000
50.218787	40.360653	9.312378	1.000000	0.000000	0.000000
50.218787	40.360653	9.312378	0.000000	1.000000	0.000000
50.218787	40.360653	9.312378	0.000000	0.000000	1.000000
42.502980	30.090770	11.725058	1.000000	0.000000	0.000000
42.502980	30.090770	11.725058	0.000000	1.000000	0.000000
42.502980	30.090770	11.725058	0.000000	0.000000	1.000000
37.086158	22.880880	13.418860	1.000000	0.000000	0.000000
37.086158	22.880880	13.418860	0.000000	1.000000	0.000000
37.086158	22.880880	13.418860	0.000000	0.000000	1.000000
32.772452	17.139257	14.767726	1.000000	0.000000	0.000000
32.772452	17.139257	14.767726	0.000000	1.000000	0.000000
32.772452	17.139257	14.767726	0.000000	0.000000	1.000000
87.724959	81.444301	1.496333	1.000000	0.000000	0.000000
87.724959	81.444301	1.496333	0.000000	1.000000	0.000000
87.724959	81.444301	1.496333	0.000000	0.000000	1.000000
128.712805	89.107614	9.435721	1.000000	0.000000	0.000000
128.712805	89.107614	9.435721	0.000000	1.000000	0.000000
128.712805	89.107614	9.435721	0.000000	0.000000	1.000000
141.333467	91.467242	11.880357	1.000000	0.000000	0.000000
141.333467	91.467242	11.880357	0.000000	1.000000	0.000000
141.333467	91.467242	11.880357	0.000000	0.000000	1.000000
150.193704	93.123801	13.596594	1.000000	0.000000	0.000000
150.193704	93.123801	13.596594	0.000000	1.000000	0.000000
150.193704	93.123801	13.596594	0.000000	0.000000	1.000000
157.249585	94.443007	14.963325	1.000000	0.000000	0.000000
157.249585	94.443007	14.963325	0.000000	1.000000	0.000000
157.249585	94.443007	14.963325	0.000000	0.000000	1.000000
73.331428	84.151171	1.515892	1.000000	0.000000	0.000000
73.331428	84.151171	1.515892	0.000000	1.000000	0.000000
73.331428	84.151171	1.515892	0.000000	0.000000	1.000000
37.948661	106.176861	9.559064	1.000000	0.000000	0.000000
37.948661	106.176861	9.559064	0.000000	1.000000	0.000000
37.948661	106.176861	9.559064	0.000000	0.000000	1.000000
27.053872	112.958842	12.035655	1.000000	0.000000	0.000000
27.053872	112.958842	12.035655	0.000000	1.000000	0.000000
27.053872	112.958842	12.035655	0.000000	0.000000	1.000000
19.405271	117.720078	13.774327	1.000000	0.000000	0.000000
19.405271	117.720078	13.774327	0.000000	1.000000	0.000000
19.405271	117.720078	13.774327	0.000000	0.000000	1.000000
13.314280	121.511706	15.158924	1.000000	0.000000	0.000000
13.314280	121.511706	15.158924	0.000000	1.000000	0.000000
13.314280	121.511706	15.158924	0.000000	0.000000	1.000000
82.112100	72.438160	1.535452	1.000000	0.000000	0.000000
82.112100	72.438160	1.535452	0.000000	1.000000	0.000000
82.112100	72.438160	1.535452	0.000000	0.000000	1.000000
93.318687	32.315805	9.682407	1.000000	0.000000	0.000000
93.318687	32.315805	9.682407	0.000000	1.000000	0.000000
93.318687	32.315805	9.682407	0.000000	0.000000	1.000000
96.769333	19.961638	12.190954	1.000000	0.000000	0.000000
96.769333	19.961638	12.190954	0.000000	1.000000	0.000000
96.769333	19.961638	12.190954	0.000000	0.000000	1.000000
99.191832	11.288493	13.952060	1.000000	0.000000	0.000000
99.191832	11.288493	13.952060	0.000000	1.000000	0.000000
99.191832	11.288493	13.952060	0.000000	0.000000	1.000000
101.120997	4.381602	15.354523	1.000000	0.000000	0.000000
101.120997	4.381602	15.354523	0.000000	1.000000	0.000000
101.120997	4.381602	15.354523	0.000000	0.000000	1.000000
83.548811	86.999134	1.555012	1.000000	0.000000	0.000000
83.548811	86.999134	1.555012	0.000000	1.000000	0.000000
83.548811	86.999134	1.555012	0.000000	0.000000	1.000000
102.378445	124.135828	9.805749	1.000000	0.000000	0.000000
102.378445	124.135828	9.805749	0.000000	1.000000	0.000000
102.378445	124.135828	9.805749	0.000000	0.000000	1.000000
108.176321	135.570673	12.346253	1.000000	0.000000	0.000000
108.176321	135.570673	12.346253	0.000000	1.000000	0.000000
108.176321	135.570673	12.346253	0.000000	0.000000	1.000000
112.246674	143.598416	14.129793	1.000000	0.000000	0.000000
112.246674	143.598416	14.129793	0.000000	1.000000	0.000000
112.246674	143.598416	14.129793	0.000000	0.000000	1.000000
115.488114	149.991338	15.550122	1.000000	0.000000	0.000000
115.488114	149.991338	15.550122	0.000000	1.000000	0.000000
115.488114	149.991338	15.550122	0.000000	0.000000	1.000000
72.659021	77.237618	1.574572	1.000000	0.000000	0.000000
72.659021	77.237618	1.574572	0.000000	1.000000	0.000000
72.659021	77.237618	1.574572	0.000000	0.000000	1.000000
33.708533	62.580700	9.929092	1.000000	0.000000	0.000000
33.708533	62.580700	9.929092	0.000000	1.000000	0.000000
33.708533	62.580700	9.929092	0.000000	0.000000	1.000000
21.715198	58.067655	12.501552	1.000000	0.000000	0.000000
21.715198	58.067655	12.501552	0.000000	1.000000	0.000000
21.715198	58.067655	12.501552	0.000000	0.000000	1.000000
13.295372	54.899307	14.307527	1.000000	0.000000	0.000000
13.295372	54.899307	14.307527	0.000000	1.000000	0.000000
13.295372	54.899307	14.307527	0.000000	0.000000	1.000000
6.590212	52.376182	15.745721	1.000000	0.000000	0.000000
6.590212	52.376182	15.745721	0.000000	1.000000	0.000000
6.590212	52.376182	15.745721	0.000000	0.000000	1.000000
87.275304	77.079607	1.594132	1.000000	0.000000	0.000000
87.275304	77.079607	1.594132	0.000000	1.000000	0.000000
87.275304	77.079607	1.594132	0.000000	0.000000	1.000000
125.877328	61.584296	10.052435	1.000000	0.000000	0.000000
125.877328	61.584296	10.052435	0.000000	1.000000	0.000000
125.877328	61.584296	10.052435	0.000000	0.000000	1.000000
137.763366	56.813099	12.656850	1.000000	0.000000	0.000000
137.763366	56.813099	12.656850	0.000000	1.000000	0.000000
137.763366	56.813099	12.656850	0.000000	0.000000	1.000000
146.107866	53.463518	14.485260	1.000000	0.000000	0.000000
146.107866	53.463518	14.485260	0.000000	1.000000	0.000000
146.107866	53.463518	14.485260	0.000000	0.000000	1.000000
152.753038	50.796067	15.941320	1.000000	0.000000	0.000000
152.753038	50.796067	15.941320	0.000000	1.000000	0.000000
152.753038	50.796067	15.941320	0.000000	0.000000	1.000000
76.609847	87.064196	1.613692	1.000000	0.000000	0.000000
76.609847	87.064196	1.613692	0.000000	1.000000	0.000000
76.609847	87.064196	1.613692	0.000000	0.000000	1.000000
58.622036	124.546100	10.175778	1.000000	0.000000	0.000000
58.622036	124.546100	10.175778	0.000000	1.000000	0.000000
58.622036	124.546100	10.175778	0.000000	0.000000	1.000000
53.083368	136.087240	12.812149	1.000000	0.000000	0.000000
53.083368	136.087240	12.812149	0.000000	1.000000	0.000000
53.083368	136.087240	12.812149	0.000000	0.000000	1.000000
49.194990	144.189606	14.662993	1.000000	0.000000	0.000000
49.194990	144.189606	14.662993	0.000000	1.000000	0.000000
49.194990	144.189606	14.662993	0.000000	0.000000	1.000000
46.098466	150.641955	16.136919	1.000000	0.000000	0.000000
46.098466	150.641955	16.136919	0.000000	1.000000	0.000000
46.098466	150.641955	16.136919	0.000000	0.000000	1.000000
77.729174	72.504946	1.633252	1.000000	0.000000	0.000000
77.729174	72.504946	1.633252	0.000000	1.000000	0.000000
77.729174	72.504946	1.633252	0.000000	0.000000	1.000000
65.680399	32.736949	10.299120	1.000000	0.000000	0.000000
65.680399	32.736949	10.299120	0.000000	1.000000	0.000000
65.680399	32.736949	10.299120	0.000000	0.000000	1.000000
61.970433	20.491894	12.967448	1.000000	0.000000	0.000000
61.970433	20.491894	12.967448	0.000000	1.000000	0.000000
61.970433	20.491894	12.967448	0.000000	0.000000	1.000000
59.365880	11.895349	14.840726	1.000000	0.000000	0.000000
59.365880	11.895349	14.840726	0.000000	1.000000	0.000000
59.365880	11.895349	14.840726	0.000000	0.000000	1.000000
57.291735	5.049459	16.332518	1.000000	0.000000	0.000000
57.291735	5.049459	16.332518	0.000000	1.000000	0.000000
57.291735	5.049459	16.332518	0.000000	0.000000	1.000000
86.733742	83.990606	1.652812	1.000000	0.000000	0.000000
86.733742	83.990606	1.652812	0.000000	1.000000	0.000000
86.733742	83.990606	1.652812	0.000000	0.000000	1.000000
122.462293	105.164355	10.422463	1.000000	0.000000	0.000000
122.462293	105.164355	10.422463	0.000000	1.000000	0.000000
122.462293	105.164355	10.422463	0.000000	0.000000	1.000000
133.463554	111.684013	13.122747	1.000000	0.000000	0.000000
133.463554	111.684013	13.122747	0.000000	1.000000	0.000000
133.463554	111.684013	13.122747	0.000000	0.000000	1.000000
141.186902	116.261087	15.018460	1.000000	0.000000	0.000000
141.186902	116.261087	15.018460	0.000000	1.000000	0.000000
141.186902	116.261087	15.018460	0.000000	0.000000	1.000000
147.337419	119.906057	16.528117	1.000000	0.000000	0.000000
147.337419	119.906057	16.528117	0.000000	1.000000	0.000000
147.337419	119.906057	16.528117	0.000000	0.000000	1.000000
72.343200	81.605176	1.672372	1.000000	0.000000	0.000000
72.343200	81.605176	1.672372	0.000000	1.000000	0.000000
72.343200	81.605176	1.672372	0.000000	0.000000	1.000000
31.716997	90.122078	10.545806	1.000000	0.000000	0.000000
31.716997	90.122078	10.545806	0.000000	1.000000	0.000000
31.716997	90.122078	10.545806	0.000000	0.000000	1.000000
19.207689	92.744537	13.278046	1.000000	0.000000	0.000000
19.207689	92.744537	13.278046	0.000000	1.000000	0.000000
19.207689	92.744537	13.278046	0.000000	0.000000	1.000000
10.425629	94.585613	15.196193	1.000000	0.000000	0.000000
10.425629	94.585613	15.196193	0.000000	1.000000	0.000000
10.425629	94.585613	15.196193	0.000000	0.000000	1.000000
3.432002	96.051762	16.723716	1.000000	0.000000	0.000000
3.432002	96.051762	16.723716	0.000000	1.000000	0.000000
3.432002	96.051762	16.723716	0.000000	0.000000	1.000000
84.559152	73.647717	1.691932	1.000000	0.000000	0.000000
84.559152	73.647717	1.691932	0.000000	1.000000	0.000000
84.559152	73.647717	1.691932	0.000000	0.000000	1.000000
108.749550	39.943147	10.669149	1.000000	0.000000	0.000000
108.749550	39.943147	10.669149	0.000000	1.000000	0.000000
108.749550	39.943147	10.669149	0.000000	0.000000	1.000000
116.198071	29.565095	13.433344	1.000000	0.000000	0.000000
116.198071	29.565095	13.433344	0.000000	1.000000	0.000000
116.198071	29.565095	13.433344	0.000000	0.000000	1.000000
121.427247	22.279266	15.373926	1.000000	0.000000	0.000000
121.427247	22.279266	15.373926	0.000000	1.000000	0.000000
121.427247	22.279266	15.373926	0.000000	0.000000	1.000000
125.591520	16.477169	16.919315	1.000000	0.000000	0.000000
125.591520	16.477169	16.919315	0.000000	1.000000	0.000000
125.591520	16.477169	16.919315	0.000000	0.000000	1.000000
80.928623	87.759411	1.711491	1.000000	0.000000	0.000000
80.928623	87.759411	1.711491	0.000000	1.000000	0.000000
80.928623	87.759411	1.711491	0.000000	0.000000	1.000000
85.855801	128.930058	10.792491	1.000000	0.000000	0.000000
85.855801	128.930058	10.792491	0.000000	1.000000	0.000000
85.855801	128.930058	10.792491	0.000000	0.000000	1.000000
87.372940	141.607007	13.588643	1.000000	0.000000	0.000000
87.372940	141.607007	13.588643	0.000000	1.000000	0.000000
87.372940	141.607007	13.588643	0.000000	0.000000	1.000000
88.438036	150.506759	15.551659	1.000000	0.000000	0.000000
88.438036	150.506759	15.551659	0.000000	1.000000	0.000000
88.438036	150.506759	15.551659	0.000000	0.000000	1.000000
89.286228	157.594108	17.114914	1.000000	0.000000	0.000000
89.286228	157.594108	17.114914	0.000000	1.000000	0.000000
89.286228	157.594108	17.114914	0.000000	0.000000	1.000000
74.077124	74.908537	1.731051	1.000000	0.000000	0.000000
74.077124	74.908537	1.731051	0.000000	1.000000	0.000000
74.077124	74.908537	1.731051	0.000000	0.000000	1.000000
42.650942	47.893750	10.915834	1.000000	0.000000	0.000000
42.650942	47.893750	10.915834	0.000000	1.000000	0.000000
42.650942	47.893750	10.915834	0.000000	0.000000	1.000000
32.974434	39.575564	13.743942	1.000000	0.000000	0.000000
32.974434	39.575564	13.743942	0.000000	1.000000	0.000000
32.974434	39.575564	13.743942	0.000000	0.000000	1.000000
26.181118	33.735848	15.729393	1.000000	0.000000	0.000000
26.181118	33.735848	15.729393	0.000000	1.000000	0.000000
26.181118	33.735848	15.729393	0.000000	0.000000	1.000000
20.771236	29.085369	17.310513	1.000000	0.000000	0.000000
20.771236	29.085369	17.310513	0.000000	1.000000	0.000000
20.771236	29.085369	17.310513	0.000000	0.000000	1.000000
87.802220	79.753579	1.750611	1.000000	0.000000	0.000000
87.802220	79.753579	1.750611	0.000000	1.000000	0.000000
87.802220	79.753579	1.750611	0.000000	0.000000	1.000000
129.200008	78.446092	11.039177	1.000000	0.000000	0.000000
129.200008	78.446092	11.039177	0.000000	1.000000	0.000000
129.200008	78.446092	11.039177	0.000000	0.000000	1.000000
141.946896	78.043501	13.899241	1.000000	0.000000	0.000000
141.946896	78.043501	13.899241	0.000000	1.000000	0.000000
141.946896	78.043501	13.899241	0.000000	0.000000	1.000000
150.895749	77.760865	15.907126	1.000000	0.000000	0.000000
150.895749	77.760865	15.907126	0.000000	1.000000	0.000000
150.895749	77.760865	15.907126	0.000000	0.000000	1.000000
158.022200	77.535786	17.506112	1.000000	0.000000	0.000000
158.022200	77.535786	17.506112	0.000000	1.000000	0.000000
158.022200	77.535786	17.506112	0.000000	0.000000	1.000000
74.416499	85.448946	1.770171	1.000000	0.000000	0.000000
74.416499	85.448946	1.770171	0.000000	1.000000	0.000000
74.416499	85.448946	1.770171	0.000000	0.000000	1.000000
44.791008	114.360499	11.162520	1.000000	0.000000	0.000000
44.791008	114.360499	11.162520	0.000000	1.000000	0.000000
44.791008	114.360499	11.162520	0.000000	0.000000	1.000000
35.668955	123.262722	14.054539	1.000000	0.000000	0.000000
35.668955	123.262722	14.054539	0.000000	1.000000	0.000000
35.668955	123.262722	14.054539	0.000000	0.000000	1.000000
29.264889	129.512457	16.084859	1.000000	0.000000	0.000000
29.264889	129.512457	16.084859	0.000000	1.000000	0.000000
29.264889	129.512457	16.084859	0.000000	0.000000	1.000000
24.164988	134.489456	17.701711	1.000000	0.000000	0.000000
24.164988	134.489456	17.701711	0.000000	1.000000	0.000000
24.164988	134.489456	17.701711	0.000000	0.000000	1.000000
80.436140	72.214973	1.789731	1.000000	0.000000	0.000000
80.436140	72.214973	1.789731	0.000000	1.000000	0.000000
80.436140	72.214973	1.789731	0.000000	0.000000	1.000000
82.750257	30.908410	11.285862	1.000000	0.000000	0.000000
82.750257	30.908410	11.285862	0.000000	1.000000	0.000000
82.750257	30.908410	11.285862	0.000000	0.000000	1.000000
83.462802	18.189611	14.209838	1.000000	0.000000	0.000000
83.462802	18.189611	14.209838	0.000000	1.000000	0.000000
83.462802	18.189611	14.209838	0.000000	0.000000	1.000000
83.963039	9.260478	16.262592	1.000000	0.000000	0.000000
83.963039	9.260478	16.262592	0.000000	1.000000	0.000000
83.963039	9.260478	16.262592	0.000000	0.000000	1.000000
84.361404	2.149731	17.897311	1.000000	0.000000	0.000000
84.361404	2.149731	17.897311	0.000000	1.000000	0.000000
84.361404	2.149731	17.897311	0.000000	0.000000	1.000000
84.934255	86.031550	1.809291	1.000000	0.000000	0.000000
84.934255	86.031550	1.809291	0.000000	1.000000	0.000000
84.934255	86.031550	1.809291	0.000000	0.000000	1.000000
111.114909	118.034344	11.409205	1.000000	0.000000	0.000000
111.114909	118.034344	11.409205	0.000000	1.000000	0.000000
111.114909	118.034344	11.409205	0.000000	0.000000	1.000000
119.176255	127.888398	14.365137	1.000000	0.000000	0.000000
119.176255	127.888398	14.365137	0.000000	1.000000	0.000000
119.176255	127.888398	14.365137	0.000000	0.000000	1.000000
124.835659	134.806359	16.440326	1.000000	0.000000	0.000000
124.835659	134.806359	16.440326	0.000000	1.000000	0.000000
124.835659	134.806359	16.440326	0.000000	0.000000	1.000000
129.342546	140.315502	18.092910	1.000000	0.000000	0.000000
129.342546	140.315502	18.092910	0.000000	1.000000	0.000000
129.342546	140.315502	18.092910	0.000000	0.000000	1.000000
72.291901	78.886217	1.828851	1.000000	0.000000	0.000000
72.291901	78.886217	1.828851	0.000000	1.000000	0.000000
72.291901	78.886217	1.828851	0.000000	0.000000	1.000000
31.393509	72.976596	11.532548	1.000000	0.000000	0.000000
31.393509	72.976596	11.532548	0.000000	1.000000	0.000000
31.393509	72.976596	11.532548	0.000000	0.000000	1.000000
18.800391	71.156952	14.520436	1.000000	0.000000	0.000000
18.800391	71.156952	14.520436	0.000000	1.000000	0.000000
18.800391	71.156952	14.520436	0.000000	0.000000	1.000000
9.959491	69.879484	16.618059	1.000000	0.000000	0.000000
9.959491	69.879484	16.618059	0.000000	1.000000	0.000000
9.959491	69.879484	16.618059	0.000000	0.000000	1.000000
2.919009	68.862168	18.288509	1.000000	0.000000	0.000000
2.919009	68.862168	18.288509	0.000000	1.000000	0.000000
2.919009	68.862168	18.288509	0.000000	0.000000	1.000000
86.432245	75.617124	1.848411	1.000000	0.000000	0.000000
86.432245	75.617124	1.848411	0.000000	1.000000	0.000000
86.432245	75.617124	1.848411	0.000000	0.000000	1.000000
120.561084	52.362028	11.655891	1.000000	0.000000	0.000000
120.561084	52.362028	11.655891	0.000000	1.000000	0.000000
120.561084	52.362028	11.655891	0.000000	0.000000	1.000000
131.069774	45.201498	14.675735	1.000000	0.000000	0.000000
131.069774	45.201498	14.675735	0.000000	1.000000	0.000000
131.069774	45.201498	14.675735	0.000000	0.000000	1.000000
138.447316	40.174504	16.795792	1.000000	0.000000	0.000000
138.447316	40.174504	16.795792	0.000000	1.000000	0.000000
138.447316	40.174504	16.795792	0.000000	0.000000	1.000000
144.322449	36.171239	18.484108	1.000000	0.000000	0.000000
144.322449	36.171239	18.484108	0.000000	1.000000	0.000000
144.322449	36.171239	18.484108	0.000000	0.000000	1.000000
78.218723	87.572169	1.867971	1.000000	0.000000	0.000000
78.218723	87.572169	1.867971	0.000000	1.000000	0.000000
78.218723	87.572169	1.867971	0.000000	0.000000	1.000000
68.767446	127.749327	11.779234	1.000000	0.000000	0.000000
68.767446	127.749327	11.779234	0.000000	1.000000	0.000000
68.767446	127.749327	11.779234	0.000000	0.000000	1.000000
65.857281	140.120368	14.831033	1.000000	0.000000	0.000000
65.857281	140.120368	14.831033	0.000000	1.000000	0.000000
65.857281	140.120368	14.831033	0.000000	0.000000	1.000000
63.814223	148.805360	16.973525	1.000000	0.000000	0.000000
63.814223	148.805360	16.973525	0.000000	1.000000	0.000000
63.814223	148.805360	16.973525	0.000000	0.000000	1.000000
62.187227	155.721686	18.679707	1.000000	0.000000	0.000000
62.187227	155.721686	18.679707	0.000000	1.000000	0.000000
62.187227	155.721686	18.679707	0.000000	0.000000	1.000000
76.200840	73.217404	1.887531	1.000000	0.000000	0.000000
76.200840	73.217404	1.887531	0.000000	1.000000	0.000000
76.200840	73.217404	1.887531	0.000000	0.000000	1.000000
56.042884	37.229635	11.902576	1.000000	0.000000	0.000000
56.042884	37.229635	11.902576	0.000000	1.000000	0.000000
56.042884	37.229635	11.902576	0.000000	0.000000	1.000000
49.836001	26.148559	14.986332	1.000000	0.000000	0.000000
49.836001	26.148559	14.986332	0.000000	1.000000	0.000000
49.836001	26.148559	14.986332	0.000000	0.000000	1.000000
45.478508	18.369176	17.151259	1.000000	0.000000	0.000000
45.478508	18.369176	17.151259	0.000000	1.000000	0.000000
45.478508	18.369176	17.151259	0.000000	0.000000	1.000000
42.008402	12.174036	18.875306	1.000000	0.000000	0.000000
42.008402	12.174036	18.875306	0.000000	1.000000	0.000000
42.008402	12.174036	18.875306	0.000000	0.000000	1.000000
87.378425	82.433484	1.907090	1.000000	0.000000	0.000000
87.378425	82.433484	1.907090	0.000000	1.000000	0.000000
87.378425	82.433484	1.907090	0.000000	0.000000	1.000000
126.527602	95.345305	12.025919	1.000000	0.000000	0.000000
126.527602	95.345305	12.025919	0.000000	1.000000	0.000000
126.527602	95.345305	12.025919	0.000000	0.000000	1.000000
138.582115	99.321013	15.141631	1.000000	0.000000	0.000000
138.582115	99.321013	15.141631	0.000000	1.000000	0.000000
138.582115	99.321013	15.141631	0.000000	0.000000	1.000000
147.044891	102.112128	17.328992	1.000000	0.000000	0.000000
147.044891	102.112128	17.328992	0.000000	1.000000	0.000000
147.044891	102.112128	17.328992	0.000000	0.000000	1.000000
153.784253	104.334843	19.070905	1.000000	0.000000	0.000000
153.784253	104.334843	19.070905	0.000000	1.000000	0.000000
153.784253	104.334843	19.070905	0.000000	0.000000	1.000000
72.919986	83.187697	1.926650	1.000000	0.000000	0.000000
72.919986	83.187697	1.926650	0.000000	1.000000	0.000000
72.919986	83.187697	1.926650	0.000000	0.000000	1.000000
35.354147	100.101296	12.149262	1.000000	0.000000	0.000000
35.354147	100.101296	12.149262	0.000000	1.000000	0.000000
35.354147	100.101296	12.149262	0.000000	0.000000	1.000000
23.787163	105.309201	15.296930	1.000000	0.000000	0.000000
23.787163	105.309201	15.296930	0.000000	1.000000	0.000000
23.787163	105.309201	15.296930	0.000000	0.000000	1.000000
15.666653	108.965370	17.506725	1.000000	0.000000	0.000000
15.666653	108.965370	17.506725	0.000000	1.000000	0.000000
15.666653	108.965370	17.506725	0.000000	0.000000	1.000000
9.199856	111.876973	19.266504	1.000000	0.000000	0.000000
9.199856	111.876973	19.266504	0.000000	1.000000	0.000000
9.199856	111.876973	19.266504	0.000000	0.000000	1.000000
83.065396	72.871493	1.946210	1.000000	0.000000	0.000000
83.065396	72.871493	1.946210	0.000000	1.000000	0.000000
83.065396	72.871493	1.946210	0.000000	0.000000	1.000000
99.330076	35.048358	12.272605	1.000000	0.000000	0.000000
99.330076	35.048358	12.272605	0.000000	1.000000	0.000000
99.330076	35.048358	12.272605	0.000000	0.000000	1.000000
104.338172	23.402149	15.452228	1.000000	0.000000	0.000000
104.338172	23.402149	15.452228	0.000000	1.000000	0.000000
104.338172	23.402149	15.452228	0.000000	0.000000	1.000000
107.854066	15.226020	17.684458	1.000000	0.000000	0.000000
107.854066	15.226020	17.684458	0.000000	1.000000	0.000000
107.854066	15.226020	17.684458	0.000000	0.000000	1.000000
110.653960	8.714930	19.462103	1.000000	0.000000	0.000000
110.653960	8.714930	19.462103	0.000000	1.000000	0.000000
110.653960	8.714930	19.462103	0.000000	0.000000	1.000000
82.553286	87.322327	1.965770	1.000000	0.000000	0.000000
82.553286	87.322327	1.965770	0.000000	1.000000	0.000000
82.553286	87.322327	1.965770	0.000000	0.000000	1.000000
96.100761	126.173854	12.395947	1.000000	0.000000	0.000000
96.100761	126.173854	12.395947	0.000000	1.000000	0.000000
96.100761	126.173854	12.395947	0.000000	0.000000	1.000000
100.272196	138.136718	15.607527	1.000000	0.000000	0.000000
100.272196	138.136718	15.607527	0.000000	1.000000	0.000000
100.272196	138.136718	15.607527	0.000000	0.000000	1.000000
103.200718	146.535151	17.862192	1.000000	0.000000	0.000000
103.200718	146.535151	17.862192	0.000000	1.000000	0.000000
103.200718	146.535151	17.862192	0.000000	0.000000	1.000000
105.532858	153.223275	19.657702	1.000000	0.000000	0.000000
105.532858	153.223275	19.657702	0.000000	1.000000	0.000000
105.532858	153.223275	19.657702	0.000000	0.000000	1.000000
73.175515	76.327825	1.985330	1.000000	0.000000	0.000000
73.175515	76.327825	1.985330	0.000000	1.000000	0.000000
73.175515	76.327825	1.985330	0.000000	0.000000	1.000000
36.965489	56.843639	12.519290	1.000000	0.000000	0.000000
36.965489	56.843639	12.519290	0.000000	1.000000	0.000000
36.965489	56.843639	12.519290	0.000000	0.000000	1.000000
25.815976	50.844218	15.762826	1.000000	0.000000	0.000000
25.815976	50.844218	15.762826	0.000000	1.000000	0.000000
25.815976	50.844218	15.762826	0.000000	0.000000	1.000000
17.988549	46.632372	18.039925	1.000000	0.000000	0.000000
17.988549	46.632372	18.039925	0.000000	1.000000	0.000000
17.988549	46.632372	18.039925	0.000000	0.000000	1.000000
11.755149	43.278253	19.853301	1.000000	0.000000	0.000000
11.755149	43.278253	19.853301	0.000000	1.000000	0.000000
11.755149	43.278253	19.853301	0.000000	0.000000	1.000000
87.507798	78.099110	2.004890	1.000000	0.000000	0.000000
87.507798	78.099110	2.004890	0.000000	1.000000	0.000000
87.507798	78.099110	2.004890	0.000000	0.000000	1.000000
127.343414	68.013182	12.642633	1.000000	0.000000	0.000000
127.343414	68.013182	12.642633	0.000000	1.000000	0.000000
127.343414	68.013182	12.642633	0.000000	0.000000	1.000000
139.609291	64.907600	15.918125	1.000000	0.000000	0.000000
139.609291	64.907600	15.918125	0.000000	1.000000	0.000000
139.609291	64.907600	15.918125	0.000000	0.000000	1.000000
148.220452	62.727351	18.217658	1.000000	0.000000	0.000000
148.220452	62.727351	18.217658	0.000000	1.000000	0.000000
148.220452	62.727351	18.217658	0.000000	0.000000	1.000000
155.077982	60.991102	20.048900	1.000000	0.000000	0.000000
155.077982	60.991102	20.048900	0.000000	1.000000	0.000000
155.077982	60.991102	20.048900	0.000000	0.000000	1.000000
75.750810	86.468848	2.024450	1.000000	0.000000	0.000000
75.750810	86.468848	2.024450	0.000000	1.000000	0.000000
75.750810	86.468848	2.024450	0.000000	0.000000	1.000000
53.205041	120.791897	12.765976	1.000000	0.000000	0.000000
53.205041	120.791897	12.765976	0.000000	1.000000	0.000000
53.205041	120.791897	12.765976	0.000000	0.000000	1.000000
46.262921	131.360386	16.073424	1.000000	0.000000	0.000000
46.262921	131.360386	16.073424	0.000000	1.000000	0.000000
46.262921	131.360386	16.073424	0.000000	0.000000	1.000000
41.389260	138.779911	18.395391	1.000000	0.000000	0.000000
41.389260	138.779911	18.395391	0.000000	1.000000	0.000000
41.389260	138.779911	18.395391	0.000000	0.000000	1.000000
37.508103	144.688476	20.244499	1.000000	0.000000	0.000000
37.508103	144.688476	20.244499	0.000000	1.000000	0.000000
37.508103	144.688476	20.244499	0.000000	0.000000	1.000000
78.764398	72.364863	2.044010	1.000000	0.000000	0.000000
78.764398	72.364863	2.044010	0.000000	1.000000	0.000000
78.764398	72.364863	2.044010	0.000000	0.000000	1.000000
72.208419	31.853603	12.889318	1.000000	0.000000	0.000000
72.208419	31.853603	12.889318	0.000000	1.000000	0.000000
72.208419	31.853603	12.889318	0.000000	0.000000	1.000000
70.189753	19.379687	16.228722	1.000000	0.000000	0.000000
70.189753	19.379687	16.228722	0.000000	1.000000	0.000000
70.189753	19.379687	16.228722	0.000000	0.000000	1.000000
68.772564	10.622473	18.573125	1.000000	0.000000	0.000000
68.772564	10.622473	18.573125	0.000000	1.000000	0.000000
68.772564	10.622473	18.573125	0.000000	0.000000	1.000000
67.643980	3.648633	20.440098	1.000000	0.000000	0.000000
67.643980	3.648633	20.440098	0.000000	1.000000	0.000000
67.643980	3.648633	20.440098	0.000000	0.000000	1.000000
86.064479	84.792054	2.063570	1.000000	0.000000	0.000000
86.064479	84.792054	2.063570	0.000000	1.000000	0.000000
86.064479	84.792054	2.063570	0.000000	0.000000	1.000000
118.241987	110.218205	13.012661	1.000000	0.000000	0.000000
118.241987	110.218205	13.012661	0.000000	1.000000	0.000000
118.241987	110.218205	13.012661	0.000000	0.000000	1.000000
128.149838	118.047230	16.384021	1.000000	0.000000	0.000000
128.149838	118.047230	16.384021	0.000000	1.000000	0.000000
128.149838	118.047230	16.384021	0.000000	0.000000	1.000000
135.105566	123.543535	18.750858	1.000000	0.000000	0.000000
135.105566	123.543535	18.750858	0.000000	1.000000	0.000000
135.105566	123.543535	18.750858	0.000000	0.000000	1.000000
140.644786	127.920538	20.635697	1.000000	0.000000	0.000000
140.644786	127.920538	20.635697	0.000000	1.000000	0.000000
140.644786	127.920538	20.635697	0.000000	0.000000	1.000000
72.296491	80.562603	2.083130	1.000000	0.000000	0.000000
72.296491	80.562603	2.083130	0.000000	1.000000	0.000000
72.296491	80.562603	2.083130	0.000000	0.000000	1.000000
31.422454	83.547716	13.136004	1.000000	0.000000	0.000000
31.422454	83.547716	13.136004	0.000000	1.000000	0.000000
31.422454	83.547716	13.136004	0.000000	0.000000	1.000000
18.836835	84.466869	16.539320	1.000000	0.000000	0.000000
18.836835	84.466869	16.539320	0.000000	1.000000	0.000000
18.836835	84.466869	16.539320	0.000000	0.000000	1.000000
10.001201	85.112154	18.928591	1.000000	0.000000	0.000000
10.001201	85.112154	18.928591	0.000000	1.000000	0.000000
10.001201	85.112154	18.928591	0.000000	0.000000	1.000000
2.964911	85.626028	20.831296	1.000000	0.000000	0.000000
2.964911	85.626028	20.831296	0.000000	1.000000	0.000000
2.964911	85.626028	20.831296	0.000000	0.000000	1.000000
85.296657	74.385365	2.102689	1.000000	0.000000	0.000000
85.296657	74.385365	2.102689	0.000000	1.000000	0.000000
85.296657	74.385365	2.102689	0.000000	0.000000	1.000000
113.400181	44.594683	13.259347	1.000000	0.000000	0.000000
113.400181	44.594683	13.259347	0.000000	1.000000	0.000000
113.400181	44.594683	13.259347	0.000000	0.000000	1.000000
122.053602	35.421765	16.694619	1.000000	0.000000	0.000000
122.053602	35.421765	16.694619	0.000000	1.000000	0.000000
122.053602	35.421765	16.694619	0.000000	0.000000	1.000000
128.128668	28.981991	19.106324	1.000000	0.000000	0.000000
128.128668	28.981991	19.106324	0.000000	1.000000	0.000000
128.128668	28.981991	19.106324	0.000000	0.000000	1.000000
132.966568	23.853653	21.026895	1.000000	0.000000	0.000000
132.966568	23.853653	21.026895	0.000000	1.000000	0.000000
132.966568	23.853653	21.026895	0.000000	0.000000	1.000000
79.887120	87.712543	2.122249	1.000000	0.000000	0.000000
79.887120	87.712543	2.122249	0.000000	1.000000	0.000000
79.887120	87.712543	2.122249	0.000000	0.000000	1.000000
79.288188	128.634512	13.382689	1.000000	0.000000	0.000000
79.288188	128.634512	13.382689	0.000000	1.000000	0.000000
79.288188	128.634512	13.382689	0.000000	0.000000	1.000000
79.103770	141.234890	16.849917	1.000000	0.000000	0.000000
79.103770	141.234890	16.849917	0.000000	1.000000	0.000000
79.103770	141.234890	16.849917	0.000000	0.000000	1.000000
78.974301	150.080886	19.284058	1.000000	0.000000	0.000000
78.974301	150.080886	19.284058	0.000000	1.000000	0.000000
78.974301	150.080886	19.284058	0.000000	0.000000	1.000000
78.871197	157.125427	21.222494	1.000000	0.000000	0.000000
78.871197	157.125427	21.222494	0.000000	1.000000	0.000000
78.871197	157.125427	21.222494	0.000000	0.000000	1.000000
74.877081	74.240802	2.141809	1.000000	0.000000	0.000000
74.877081	74.240802	2.141809	0.000000	1.000000	0.000000
74.877081	74.240802	2.141809	0.000000	0.000000	1.000000
47.695394	43.683085	13.506032	1.000000	0.000000	0.000000
47.695394	43.683085	13.506032	0.000000	1.000000	0.000000
47.695394	43.683085	13.506032	0.000000	0.000000	1.000000
39.325817	34.273987	17.005216	1.000000	0.000000	0.000000
39.325817	34.273987	17.005216	0.000000	1.000000	0.000000
39.325817	34.273987	17.005216	0.000000	0.000000	1.000000
33.450023	27.668405	19.461791	1.000000	0.000000	0.000000
33.450023	27.668405	19.461791	0.000000	1.000000	0.000000
33.450023	27.668405	19.461791	0.000000	0.000000	1.000000
28.770812	22.408025	21.418093	1.000000	0.000000	0.000000
28.770812	22.408025	21.418093	0.000000	1.000000	0.000000
28.770812	22.408025	21.418093	0.000000	0.000000	1.000000
87.662330	80.785614	2.161369	1.000000	0.000000	0.000000
87.662330	80.785614	2.161369	0.000000	1.000000	0.000000
87.662330	80.785614	2.161369	0.000000	0.000000	1.000000
128.317873	84.954002	13.629375	1.000000	0.000000	0.000000
128.317873	84.954002	13.629375	0.000000	1.000000	0.000000
128.317873	84.954002	13.629375	0.000000	0.000000	1.000000
140.836215	86.237500	17.160515	1.000000	0.000000	0.000000
140.836215	86.237500	17.160515	0.000000	1.000000	0.000000
140.836215	86.237500	17.160515	0.000000	0.000000	1.000000
149.624618	87.138570	19.639524	1.000000	0.000000	0.000000
149.624618	87.138570	19.639524	0.000000	1.000000	0.000000
149.624618	87.138570	19.639524	0.000000	0.000000	1.000000
156.623295	87.856140	21.613692	1.000000	0.000000	0.000000
156.623295	87.856140	21.613692	0.000000	1.000000	0.000000
156.623295	87.856140	21.613692	0.000000	0.000000	1.000000
73.823788	84.593251	2.180929	1.000000	0.000000	0.000000
73.823788	84.593251	2.180929	0.000000	1.000000	0.000000
73.823788	84.593251	2.180929	0.000000	0.000000	1.000000
41.053432	108.964572	13.752718	1.000000	0.000000	0.000000
41.053432	108.964572	13.752718	0.000000	1.000000	0.000000
41.053432	108.964572	13.752718	0.000000	0.000000	1.000000
30.963036	116.468802	17.315814	1.000000	0.000000	0.000000
30.963036	116.468802	17.315814	0.000000	1.000000	0.000000
30.963036	116.468802	17.315814	0.000000	0.000000	1.000000
23.879153	121.737087	19.817257	1.000000	0.000000	0.000000
23.879153	121.737087	19.817257	0.000000	1.000000	0.000000
23.879153	121.737087	19.817257	0.000000	0.000000	1.000000
18.237877	125.932505	21.809291	1.000000	0.000000	0.000000
18.237877	125.932505	21.809291	0.000000	1.000000	0.000000
18.237877	125.932505	21.809291	0.000000	0.000000	1.000000
81.450400	72.446578	2.200489	1.000000	0.000000	0.000000
81.450400	72.446578	2.200489	0.000000	1.000000	0.000000
81.450400	72.446578	2.200489	0.000000	0.000000	1.000000
89.146078	32.368886	13.876060	1.000000	0.000000	0.000000
89.146078	32.368886	13.876060	0.000000	1.000000	0.000000
89.146078	32.368886	13.876060	0.000000	0.000000	1.000000
91.515671	20.028471	17.471113	1.000000	0.000000	0.000000
91.515671	20.028471	17.471113	0.000000	1.000000	0.000000
91.515671	20.028471	17.471113	0.000000	0.000000	1.000000
93.179226	11.364980	19.994991	1.000000	0.000000	0.000000
93.179226	11.364980	19.994991	0.000000	1.000000	0.000000
93.179226	11.364980	19.994991	0.000000	0.000000	1.000000
94.504004	4.465778	22.004890	1.000000	0.000000	0.000000
94.504004	4.465778	22.004890	0.000000	1.000000	0.000000
94.504004	4.465778	22.004890	0.000000	0.000000	1.000000
84.029835	86.544602	2.220049	1.000000	0.000000	0.000000
84.029835	86.544602	2.220049	0.000000	1.000000	0.000000
84.029835	86.544602	2.220049	0.000000	0.000000	1.000000
105.411731	121.269595	13.999403	1.000000	0.000000	0.000000
105.411731	121.269595	13.999403	0.000000	1.000000	0.000000
105.411731	121.269595	13.999403	0.000000	0.000000	1.000000
111.995480	131.961848	17.626411	1.000000	0.000000	0.000000
111.995480	131.961848	17.626411	0.000000	1.000000	0.000000
111.995480	131.961848	17.626411	0.000000	0.000000	1.000000
116.617549	139.468259	20.172724	1.000000	0.000000	0.000000
116.617549	139.468259	20.172724	0.000000	1.000000	0.000000
116.617549	139.468259	20.172724	0.000000	0.000000	1.000000
120.298351	145.446018	22.200489	1.000000	0.000000	0.000000
120.298351	145.446018	22.200489	0.000000	1.000000	0.000000
120.298351	145.446018	22.200489	0.000000	0.000000	1.000000
72.613170	77.897883	2.239609	1.000000	0.000000	0.000000
72.613170	77.897883	2.239609	0.000000	1.000000	0.000000
72.613170	77.897883	2.239609	0.000000	0.000000	1.000000
33.419400	66.744261	14.122746	1.000000	0.000000	0.000000
33.419400	66.744261	14.122746	0.000000	1.000000	0.000000
33.419400	66.744261	14.122746	0.000000	0.000000	1.000000
21.351156	63.309924	17.781710	1.000000	0.000000	0.000000
21.351156	63.309924	17.781710	0.000000	1.000000	0.000000
21.351156	63.309924	17.781710	0.000000	0.000000	1.000000
12.878741	60.898874	20.350457	1.000000	0.000000	0.000000
12.878741	60.898874	20.350457	0.000000	1.000000	0.000000
12.878741	60.898874	20.350457	0.000000	0.000000	1.000000
6.131702	58.978826	22.396088	1.000000	0.000000	0.000000
6.131702	58.978826	22.396088	0.000000	1.000000	0.000000
6.131702	58.978826	22.396088	0.000000	0.000000	1.000000
86.861654	76.562871	2.259169	1.000000	0.000000	0.000000
86.861654	76.562871	2.259169	0.000000	1.000000	0.000000
86.861654	76.562871	2.259169	0.000000	0.000000	1.000000
123.268896	58.325812	14.246089	1.000000	0.000000	0.000000
123.268896	58.325812	14.246089	0.000000	1.000000	0.000000
123.268896	58.325812	14.246089	0.000000	0.000000	1.000000
134.479134	52.710397	17.937009	1.000000	0.000000	0.000000
134.479134	52.710397	17.937009	0.000000	1.000000	0.000000
134.479134	52.710397	17.937009	0.000000	0.000000	1.000000
142.349193	48.768139	20.528190	1.000000	0.000000	0.000000
142.349193	48.768139	20.528190	0.000000	1.000000	0.000000
142.349193	48.768139	20.528190	0.000000	0.000000	1.000000
148.616543	45.628708	22.591687	1.000000	0.000000	0.000000
148.616543	45.628708	22.591687	0.000000	1.000000	0.000000
148.616543	45.628708	22.591687	0.000000	0.000000	1.000000
77.264241	87.164009	2.278729	1.000000	0.000000	0.000000
77.264241	87.164009	2.278729	0.000000	1.000000	0.000000
77.264241	87.164009	2.278729	0.000000	0.000000	1.000000
62.748581	125.175511	14.369431	1.000000	0.000000	0.000000
62.748581	125.175511	14.369431	0.000000	1.000000	0.000000
62.748581	125.175511	14.369431	0.000000	0.000000	1.000000
58.279030	136.879721	18.092308	1.000000	0.000000	0.000000
58.279030	136.879721	18.092308	0.000000	1.000000	0.000000
58.279030	136.879721	18.092308	0.000000	0.000000	1.000000
55.141218	145.096568	20.705924	1.000000	0.000000	0.000000
55.141218	145.096568	20.705924	0.000000	1.000000	0.000000
55.141218	145.096568	20.705924	0.000000	0.000000	1.000000
52.642409	151.640085	22.787286	1.000000	0.000000	0.000000
52.642409	151.640085	22.787286	0.000000	1.000000	0.000000
52.642409	151.640085	22.787286	0.000000	0.000000	1.000000
77.180194	72.874934	2.298289	1.000000	0.000000	0.000000
77.180194	72.874934	2.298289	0.000000	1.000000	0.000000
77.180194	72.874934	2.298289	0.000000	0.000000	1.000000
62.218591	35.070057	14.492774	1.000000	0.000000	0.000000
62.218591	35.070057	14.492774	0.000000	1.000000	0.000000
62.218591	35.070057	14.492774	0.000000	0.000000	1.000000
57.611729	23.429470	18.247606	1.000000	0.000000	0.000000
57.611729	23.429470	18.247606	0.000000	1.000000	0.000000
57.611729	23.429470	18.247606	0.000000	0.000000	1.000000
54.377518	15.257287	20.883657	1.000000	0.000000	0.000000
54.377518	15.257287	20.883657	0.000000	1.000000	0.000000
54.377518	15.257287	20.883657	0.000000	0.000000	1.000000
51.801942	8.749340	22.982885	1.000000	0.000000	0.000000
51.801942	8.749340	22.982885	0.000000	1.000000	0.000000
51.801942	8.749340	22.982885	0.000000	0.000000	1.000000
86.886849	83.346475	2.317848	1.000000	0.000000	0.000000
86.886849	83.346475	2.317848	0.000000	1.000000	0.000000
86.886849	83.346475	2.317848	0.000000	0.000000	1.000000
123.427770	101.102529	14.616117	1.000000	0.000000	0.000000
123.427770	101.102529	14.616117	0.000000	1.000000	0.000000
123.427770	101.102529	14.616117	0.000000	0.000000	1.000000
134.679170	106.569837	18.402905	1.000000	0.000000	0.000000
134.679170	106.569837	18.402905	0.000000	1.000000	0.000000
134.679170	106.569837	18.402905	0.000000	0.000000	1.000000
142.578126	110.408117	21.061390	1.000000	0.000000	0.000000
142.578126	110.408117	21.061390	0.000000	1.000000	0.000000
142.578126	110.408117	21.061390	0.000000	0.000000	1.000000
148.868488	113.464745	23.178484	1.000000	0.000000	0.000000
148.868488	113.464745	23.178484	0.000000	1.000000	0.000000
148.868488	113.464745	23.178484	0.000000	0.000000	1.000000
72.667042	82.182716	2.337408	1.000000	0.000000	0.000000
72.667042	82.182716	2.337408	0.000000	1.000000	0.000000
72.667042	82.182716	2.337408	0.000000	0.000000	1.000000
33.759111	93.763988	14.739460	1.000000	0.000000	0.000000
33.759111	93.763988	14.739460	0.000000	1.000000	0.000000
33.759111	93.763988	14.739460	0.000000	0.000000	1.000000
21.778880	97.330004	18.558204	1.000000	0.000000	0.000000
21.778880	97.330004	18.558204	0.000000	1.000000	0.000000
21.778880	97.330004	18.558204	0.000000	0.000000	1.000000
13.368254	99.833498	21.239123	1.000000	0.000000	0.000000
13.368254	99.833498	21.239123	0.000000	1.000000	0.000000
13.368254	99.833498	21.239123	0.000000	0.000000	1.000000
6.670421	101.827164	23.374083	1.000000	0.000000	0.000000
6.670421	101.827164	23.374083	0.000000	1.000000	0.000000
6.670421	101.827164	23.374083	0.000000	0.000000	1.000000
83.929606	73.442340	2.356968	1.000000	0.000000	0.000000
83.929606	73.442340	2.356968	0.000000	1.000000	0.000000
83.929606	73.442340	2.356968	0.000000	0.000000	1.000000
104.779694	38.648063	14.862802	1.000000	0.000000	0.000000
104.779694	38.648063	14.862802	0.000000	1.000000	0.000000
104.779694	38.648063	14.862802	0.000000	0.000000	1.000000
111.199693	27.934477	18.713503	1.000000	0.000000	0.000000
111.199693	27.934477	18.713503	0.000000	1.000000	0.000000
111.199693	27.934477	18.713503	0.000000	0.000000	1.000000
115.706802	20.413088	21.416857	1.000000	0.000000	0.000000
115.706802	20.413088	21.416857	0.000000	1.000000	0.000000
115.706802	20.413088	21.416857	0.000000	0.000000	1.000000
119.296055	14.423403	23.569682	1.000000	0.000000	0.000000
119.296055	14.423403	23.569682	0.000000	1.000000	0.000000
119.296055	14.423403	23.569682	0.000000	0.000000	1.000000
81.530853	87.483890	2.376528	1.000000	0.000000	0.000000
81.530853	87.483890	2.376528	0.000000	1.000000	0.000000
81.530853	87.483890	2.376528	0.000000	0.000000	1.000000
89.653402	127.192649	14.986145	1.000000	0.000000	0.000000
89.653402	127.192649	14.986145	0.000000	1.000000	0.000000
89.653402	127.192649	14.986145	0.000000	0.000000	1.000000
92.154434	139.419465	18.868802	1.000000	0.000000	0.000000
92.154434	139.419465	18.868802	0.000000	1.000000	0.000000
92.154434	139.419465	18.868802	0.000000	0.000000	1.000000
93.910265	148.003204	21.594590	1.000000	0.000000	0.000000
93.910265	148.003204	21.594590	0.000000	1.000000	0.000000
93.910265	148.003204	21.594590	0.000000	0.000000	1.000000
95.308526	154.838896	23.765281	1.000000	0.000000	0.000000
95.308526	154.838896	23.765281	0.000000	1.000000	0.000000
95.308526	154.838896	23.765281	0.000000	0.000000	1.000000
73.820851	75.519277	2.396088	1.000000	0.000000	0.000000
73.820851	75.519277	2.396088	0.000000	1.000000	0.000000
73.820851	75.519277	2.396088	0.000000	0.000000	1.000000
41.034911	51.745017	15.109488	1.000000	0.000000	0.000000
41.034911	51.745017	15.109488	0.000000	1.000000	0.000000
41.034911	51.745017	15.109488	0.000000	0.000000	1.000000
30.939717	44.424629	19.024100	1.000000	0.000000	0.000000
30.939717	44.424629	19.024100	0.000000	1.000000	0.000000
30.939717	44.424629	19.024100	0.000000	0.000000	1.000000
23.852466	39.285409	21.772323	1.000000	0.000000	0.000000
23.852466	39.285409	21.772323	0.000000	1.000000	0.000000
23.852466	39.285409	21.772323	0.000000	0.000000	1.000000
18.208507	35.192772	23.960880	1.000000	0.000000	0.000000
18.208507	35.192772	23.960880	0.000000	1.000000	0.000000
18.208507	35.192772	23.960880	0.000000	0.000000	1.000000
87.576869	79.130693	2.415648	1.000000	0.000000	0.000000
87.576869	79.130693	2.415648	0.000000	1.000000	0.000000
87.576869	79.130693	2.415648	0.000000	0.000000	1.000000
127.778970	74.518239	15.232831	1.000000	0.000000	0.000000
127.778970	74.518239	15.232831	0.000000	1.000000	0.000000
127.778970	74.518239	15.232831	0.000000	0.000000	1.000000
140.157692	73.098008	19.179399	1.000000	0.000000	0.000000
140.157692	73.098008	19.179399	0.000000	1.000000	0.000000
140.157692	73.098008	19.179399	0.000000	0.000000	1.000000
148.848076	72.100946	21.950056	1.000000	0.000000	0.000000
148.848076	72.100946	21.950056	0.000000	1.000000	0.000000
148.848076	72.100946	21.950056	0.000000	0.000000	1.000000
155.768695	71.306932	24.156479	1.000000	0.000000	0.000000
155.768695	71.306932	24.156479	0.000000	1.000000	0.000000
155.768695	71.306932	24.156479	0.000000	0.000000	1.000000
75.004340	85.754402	2.435208	1.000000	0.000000	0.000000
75.004340	85.754402	2.435208	0.000000	1.000000	0.000000
75.004340	85.754402	2.435208	0.000000	0.000000	1.000000
48.497876	116.286677	15.356174	1.000000	0.000000	0.000000
48.497876	116.286677	15.356174	0.000000	1.000000	0.000000
48.497876	116.286677	15.356174	0.000000	0.000000	1.000000
40.336209	125.687941	19.334698	1.000000	0.000000	0.000000
40.336209	125.687941	19.334698	0.000000	1.000000	0.000000
40.336209	125.687941	19.334698	0.000000	0.000000	1.000000
34.606376	132.288023	22.127790	1.000000	0.000000	0.000000
34.606376	132.288023	22.127790	0.000000	1.000000	0.000000
34.606376	132.288023	22.127790	0.000000	0.000000	1.000000
30.043402	137.544023	24.352078	1.000000	0.000000	0.000000
30.043402	137.544023	24.352078	0.000000	1.000000	0.000000
30.043402	137.544023	24.352078	0.000000	0.000000	1.000000
79.796769	72.388639	2.454768	1.000000	0.000000	0.000000
79.796769	72.388639	2.454768	0.000000	1.000000	0.000000
79.796769	72.388639	2.454768	0.000000	0.000000	1.000000
78.718444	32.003531	15.479516	1.000000	0.000000	0.000000
78.718444	32.003531	15.479516	0.000000	1.000000	0.000000
78.718444	32.003531	15.479516	0.000000	0.000000	1.000000
78.386415	19.568459	19.489997	1.000000	0.000000	0.000000
78.386415	19.568459	19.489997	0.000000	1.000000	0.000000
78.386415	19.568459	19.489997	0.000000	0.000000	1.000000
78.153316	10.838515	22.305523	1.000000	0.000000	0.000000
78.153316	10.838515	22.305523	0.000000	1.000000	0.000000
78.153316	10.838515	22.305523	0.000000	0.000000	1.000000
77.967687	3.886393	24.547677	1.000000	0.000000	0.000000
77.967687	3.886393	24.547677	0.000000	1.000000	0.000000
77.967687	3.886393	24.547677	0.000000	0.000000	1.000000
85.286855	85.470545	2.474328	1.000000	0.000000	0.000000
85.286855	85.470545	2.474328	0.000000	1.000000	0.000000
85.286855	85.470545	2.474328	0.000000	0.000000	1.000000
113.338372	114.496704	15.602859	1.000000	0.000000	0.000000
113.338372	114.496704	15.602859	0.000000	1.000000	0.000000
113.338372	114.496704	15.602859	0.000000	0.000000	1.000000
121.975780	123.434215	19.645295	1.000000	0.000000	0.000000
121.975780	123.434215	19.645295	0.000000	1.000000	0.000000
121.975780	123.434215	19.645295	0.000000	0.000000	1.000000
128.039603	129.708724	22.483256	1.000000	0.000000	0.000000
128.039603	129.708724	22.483256	0.000000	1.000000	0.000000
128.039603	129.708724	22.483256	0.000000	0.000000	1.000000
132.868551	134.705453	24.743276	1.000000	0.000000	0.000000
132.868551	134.705453	24.743276	0.000000	1.000000	0.000000
132.868551	134.705453	24.743276	0.000000	0.000000	1.000000
72.412715	79.537798	2.493888	1.000000	0.000000	0.000000
72.412715	79.537798	2.493888	0.000000	1.000000	0.000000
72.412715	79.537798	2.493888	0.000000	0.000000	1.000000
32.155350	77.085401	15.726202	1.000000	0.000000	0.000000
32.155350	77.085401	15.726202	0.000000	1.000000	0.000000
32.155350	77.085401	15.726202	0.000000	0.000000	1.000000
19.759612	76.330278	19.800594	1.000000	0.000000	0.000000
19.759612	76.330278	19.800594	0.000000	1.000000	0.000000
19.759612	76.330278	19.800594	0.000000	0.000000	1.000000
11.057282	75.800150	22.660989	1.000000	0.000000	0.000000
11.057282	75.800150	22.660989	0.000000	1.000000	0.000000
11.057282	75.800150	22.660989	0.000000	0.000000	1.000000
4.127150	75.377980	24.938875	1.000000	0.000000	0.000000
4.127150	75.377980	24.938875	0.000000	1.000000	0.000000
4.127150	75.377980	24.938875	0.000000	0.000000	1.000000
85.901832	75.219733	2.513447	1.000000	0.000000	0.000000
85.901832	75.219733	2.513447	0.000000	1.000000	0.000000
85.901832	75.219733	2.513447	0.000000	0.000000	1.000000
117.216356	49.856119	15.849545	1.000000	0.000000	0.000000
117.216356	49.856119	15.849545	0.000000	1.000000	0.000000
117.216356	49.856119	15.849545	0.000000	0.000000	1.000000
126.858484	42.046350	19.955893	1.000000	0.000000	0.000000
126.858484	42.046350	19.955893	0.000000	1.000000	0.000000
126.858484	42.046350	19.955893	0.000000	0.000000	1.000000
133.627663	36.563563	22.838723	1.000000	0.000000	0.000000
133.627663	36.563563	22.838723	0.000000	1.000000	0.000000
133.627663	36.563563	22.838723	0.000000	0.000000	1.000000
139.018324	32.197326	25.134474	1.000000	0.000000	0.000000
139.018324	32.197326	25.134474	0.000000	1.000000	0.000000
139.018324	32.197326	25.134474	0.000000	0.000000	1.000000
78.878158	87.505021	2.533007	1.000000	0.000000	0.000000
78.878158	87.505021	2.533007	0.000000	1.000000	0.000000
78.878158	87.505021	2.533007	0.000000	0.000000	1.000000
72.925777	127.325903	15.972887	1.000000	0.000000	0.000000
72.925777	127.325903	15.972887	0.000000	1.000000	0.000000
72.925777	127.325903	15.972887	0.000000	0.000000	1.000000
71.092966	139.587242	20.111192	1.000000	0.000000	0.000000
71.092966	139.587242	20.111192	0.000000	1.000000	0.000000
71.092966	139.587242	20.111192	0.000000	0.000000	1.000000
69.806255	148.195219	23.016456	1.000000	0.000000	0.000000
69.806255	148.195219	23.016456	0.000000	1.000000	0.000000
69.806255	148.195219	23.016456	0.000000	0.000000	1.000000
68.781578	155.050213	25.330073	1.000000	0.000000	0.000000
68.781578	155.050213	25.330073	0.000000	1.000000	0.000000
68.781578	155.050213	25.330073	0.000000	0.000000	1.000000
75.761308	73.713674	2.552567	1.000000	0.000000	0.000000
75.761308	73.713674	2.552567	0.000000	1.000000	0.000000
75.761308	73.713674	2.552567	0.000000	0.000000	1.000000
53.271240	40.359067	16.096230	1.000000	0.000000	0.000000
53.271240	40.359067	16.096230	0.000000	1.000000	0.000000
53.271240	40.359067	16.096230	0.000000	0.000000	1.000000
46.346271	30.088772	20.266491	1.000000	0.000000	0.000000
46.346271	30.088772	20.266491	0.000000	1.000000	0.000000
46.346271	30.088772	20.266491	0.000000	0.000000	1.000000
41.484652	22.878593	23.194189	1.000000	0.000000	0.000000
41.484652	22.878593	23.194189	0.000000	1.000000	0.000000
41.484652	22.878593	23.194189	0.000000	0.000000	1.000000
37.613083	17.136741	25.525672	1.000000	0.000000	0.000000
37.613083	17.136741	25.525672	0.000000	1.000000	0.000000
37.613083	17.136741	25.525672	0.000000	0.000000	1.000000
87.365401	81.770600	2.572127	1.000000	0.000000	0.000000
87.365401	81.770600	2.572127	0.000000	1.000000	0.000000
87.365401	81.770600	2.572127	0.000000	0.000000	1.000000
126.445474	91.165225	16.219573	1.000000	0.000000	0.000000
126.445474	91.165225	16.219573	0.000000	1.000000	0.000000
126.445474	91.165225	16.219573	0.000000	0.000000	1.000000
138.478709	94.057946	20.421789	1.000000	0.000000	0.000000
138.478709	94.057946	20.421789	0.000000	1.000000	0.000000
138.478709	94.057946	20.421789	0.000000	0.000000	1.000000
146.926547	96.088758	23.371922	1.000000	0.000000	0.000000
146.926547	96.088758	23.371922	0.000000	1.000000	0.000000
146.926547	96.088758	23.371922	0.000000	0.000000	1.000000
153.654013	97.706002	25.721271	1.000000	0.000000	0.000000
153.654013	97.706002	25.721271	0.000000	1.000000	0.000000
153.654013	97.706002	25.721271	0.000000	0.000000	1.000000
73.378794	83.666441	2.591687	1.000000	0.000000	0.000000
73.378794	83.666441	2.591687	0.000000	1.000000	0.000000
73.378794	83.666441	2.591687	0.000000	0.000000	1.000000
38.247345	103.120203	16.342916	1.000000	0.000000	0.000000
38.247345	103.120203	16.342916	0.000000	1.000000	0.000000
38.247345	103.120203	16.342916	0.000000	0.000000	1.000000
27.429940	109.110256	20.577088	1.000000	0.000000	0.000000
27.429940	109.110256	20.577088	0.000000	1.000000	0.000000
27.429940	109.110256	20.577088	0.000000	0.000000	1.000000
19.835666	113.315525	23.549656	1.000000	0.000000	0.000000
19.835666	113.315525	23.549656	0.000000	1.000000	0.000000
19.835666	113.315525	23.549656	0.000000	0.000000	1.000000
13.787938	116.664407	25.916870	1.000000	0.000000	0.000000
13.787938	116.664407	25.916870	0.000000	1.000000	0.000000
13.787938	116.664407	25.916870	0.000000	0.000000	1.000000
82.403488	72.830298	2.611247	1.000000	0.000000	0.000000
82.403488	72.830298	2.611247	0.000000	1.000000	0.000000
82.403488	72.830298	2.611247	0.000000	0.000000	1.000000
95.156154	34.788584	16.466258	1.000000	0.000000	0.000000
95.156154	34.788584	16.466258	0.000000	1.000000	0.000000
95.156154	34.788584	16.466258	0.000000	0.000000	1.000000
99.082857	23.075072	20.732387	1.000000	0.000000	0.000000
99.082857	23.075072	20.732387	0.000000	1.000000	0.000000
99.082857	23.075072	20.732387	0.000000	0.000000	1.000000
101.839568	14.851693	23.727389	1.000000	0.000000	0.000000
101.839568	14.851693	23.727389	0.000000	1.000000	0.000000
101.839568	14.851693	23.727389	0.000000	0.000000	1.000000
104.034884	8.302976	26.112469	1.000000	0.000000	0.000000
104.034884	8.302976	26.112469	0.000000	1.000000	0.000000
104.034884	8.302976	26.112469	0.000000	0.000000	1.000000
83.068052	86.904050	2.630807	1.000000	0.000000	0.000000
83.068052	86.904050	2.630807	0.000000	1.000000	0.000000
83.068052	86.904050	2.630807	0.000000	0.000000	1.000000
99.346827	123.536241	16.589601	1.000000	0.000000	0.000000
99.346827	123.536241	16.589601	0.000000	1.000000	0.000000
99.346827	123.536241	16.589601	0.000000	0.000000	1.000000
104.359262	134.815743	20.887686	1.000000	0.000000	0.000000
104.359262	134.815743	20.887686	0.000000	1.000000	0.000000
104.359262	134.815743	20.887686	0.000000	0.000000	1.000000
107.878203	142.734428	23.905122	1.000000	0.000000	0.000000
107.878203	142.734428	23.905122	0.000000	1.000000	0.000000
107.878203	142.734428	23.905122	0.000000	0.000000	1.000000
110.680524	149.040502	26.308068	1.000000	0.000000	0.000000
110.680524	149.040502	26.308068	0.000000	1.000000	0.000000
110.680524	149.040502	26.308068	0.000000	0.000000	1.000000
73.080365	76.984340	2.650367	1.000000	0.000000	0.000000
73.080365	76.984340	2.650367	0.000000	1.000000	0.000000
73.080365	76.984340	2.650367	0.000000	0.000000	1.000000
36.365482	60.983556	16.712944	1.000000	0.000000	0.000000
36.365482	60.983556	16.712944	0.000000	1.000000	0.000000
36.365482	60.983556	16.712944	0.000000	0.000000	1.000000
25.060517	56.056718	21.042984	1.000000	0.000000	0.000000
25.060517	56.056718	21.042984	0.000000	1.000000	0.000000
25.060517	56.056718	21.042984	0.000000	0.000000	1.000000
17.123956	52.597870	24.082855	1.000000	0.000000	0.000000
17.123956	52.597870	24.082855	0.000000	1.000000	0.000000
17.123956	52.597870	24.082855	0.000000	0.000000	1.000000
10.803647	49.843404	26.503667	1.000000	0.000000	0.000000
10.803647	49.843404	26.503667	0.000000	1.000000	0.000000
10.803647	49.843404	26.503667	0.000000	0.000000	1.000000
87.132850	77.551746	2.669927	1.000000	0.000000	0.000000
87.132850	77.551746	2.669927	0.000000	1.000000	0.000000
87.132850	77.551746	2.669927	0.000000	0.000000	1.000000
124.979026	64.561558	16.836287	1.000000	0.000000	0.000000
124.979026	64.561558	16.836287	0.000000	1.000000	0.000000
124.979026	64.561558	16.836287	0.000000	0.000000	1.000000
136.632330	60.561720	21.198283	1.000000	0.000000	0.000000
136.632330	60.561720	21.198283	0.000000	1.000000	0.000000
136.632330	60.561720	21.198283	0.000000	0.000000	1.000000
144.813440	57.753665	24.260589	1.000000	0.000000	0.000000
144.813440	57.753665	24.260589	0.000000	1.000000	0.000000
144.813440	57.753665	24.260589	0.000000	0.000000	1.000000
151.328496	55.517460	26.699267	1.000000	0.000000	0.000000
151.328496	55.517460	26.699267	0.000000	1.000000	0.000000
151.328496	55.517460	26.699267	0.000000	0.000000	1.000000
76.397555	86.617330	2.689487	1.000000	0.000000	0.000000
76.397555	86.617330	2.689487	0.000000	1.000000	0.000000
76.397555	86.617330	2.689487	0.000000	0.000000	1.000000
57.283349	121.728211	16.959629	1.000000	0.000000	0.000000
57.283349	121.728211	16.959629	0.000000	1.000000	0.000000
57.283349	121.728211	16.959629	0.000000	0.000000	1.000000
51.397849	132.539283	21.353582	1.000000	0.000000	0.000000
51.397849	132.539283	21.353582	0.000000	1.000000	0.000000
51.397849	132.539283	21.353582	0.000000	0.000000	1.000000
47.265981	140.129111	24.438322	1.000000	0.000000	0.000000
47.265981	140.129111	24.438322	0.000000	1.000000	0.000000
47.265981	140.129111	24.438322	0.000000	0.000000	1.000000
43.975552	146.173298	26.894866	1.000000	0.000000	0.000000
43.975552	146.173298	26.894866	0.000000	1.000000	0.000000
43.975552	146.173298	26.894866	0.000000	0.000000	1.000000
78.188076	72.693975	2.709046	1.000000	0.000000	0.000000
78.188076	72.693975	2.709046	0.000000	1.000000	0.000000
78.188076	72.693975	2.709046	0.000000	0.000000	1.000000
68.574192	33.928948	17.082972	1.000000	0.000000	0.000000
68.574192	33.928948	17.082972	0.000000	1.000000	0.000000
68.574192	33.928948	17.082972	0.000000	0.000000	1.000000
65.613959	21.992719	21.508881	1.000000	0.000000	0.000000
65.613959	21.992719	21.508881	0.000000	1.000000	0.000000
65.613959	21.992719	21.508881	0.000000	0.000000	1.000000
63.535751	13.612984	24.616055	1.000000	0.000000	0.000000
63.535751	13.612984	24.616055	0.000000	1.000000	0.000000
63.535751	13.612984	24.616055	0.000000	0.000000	1.000000
61.880762	6.939751	27.090465	1.000000	0.000000	0.000000
61.880762	6.939751	27.090465	0.000000	1.000000	0.000000
61.880762	6.939751	27.090465	0.000000	0.000000	1.000000
86.265316	84.159389	2.728606	1.000000	0.000000	0.000000
86.265316	84.159389	2.728606	0.000000	1.000000	0.000000
86.265316	84.159389	2.728606	0.000000	0.000000	1.000000
119.508450	106.228685	17.206315	1.000000	0.000000	0.000000
119.508450	106.228685	17.206315	0.000000	1.000000	0.000000
119.508450	106.228685	17.206315	0.000000	0.000000	1.000000
129.744420	113.024093	21.664180	1.000000	0.000000	0.000000
129.744420	113.024093	21.664180	0.000000	1.000000	0.000000
129.744420	113.024093	21.664180	0.000000	0.000000	1.000000
136.930502	117.794756	24.793788	1.000000	0.000000	0.000000
136.930502	117.794756	24.793788	0.000000	1.000000	0.000000
136.930502	117.794756	24.793788	0.000000	0.000000	1.000000
142.653164	121.593890	27.286064	1.000000	0.000000	0.000000
142.653164	121.593890	27.286064	0.000000	1.000000	0.000000
142.653164	121.593890	27.286064	0.000000	0.000000	1.000000
72.577563	81.164052	2.748166	1.000000	0.000000	0.000000
72.577563	81.164052	2.748166	0.000000	1.000000	0.000000
72.577563	81.164052	2.748166	0.000000	0.000000	1.000000
33.194868	87.340396	17.329658	1.000000	0.000000	0.000000
33.194868	87.340396	17.329658	0.000000	1.000000	0.000000
33.194868	87.340396	17.329658	0.000000	0.000000	1.000000
21.068451	89.242169	21.819478	1.000000	0.000000	0.000000
21.068451	89.242169	21.819478	0.000000	1.000000	0.000000
21.068451	89.242169	21.819478	0.000000	0.000000	1.000000
12.555196	90.577293	24.971522	1.000000	0.000000	0.000000
12.555196	90.577293	24.971522	0.000000	1.000000	0.000000
12.555196	90.577293	24.971522	0.000000	0.000000	1.000000
5.775635	91.640524	27.481663	1.000000	0.000000	0.000000
5.775635	91.640524	27.481663	0.000000	1.000000	0.000000
5.775635	91.640524	27.481663	0.000000	0.000000	1.000000
84.682286	74.133495	2.767726	1.000000	0.000000	0.000000
84.682286	74.133495	2.767726	0.000000	1.000000	0.000000
84.682286	74.133495	2.767726	0.000000	0.000000	1.000000
109.526024	43.006412	17.453000	1.000000	0.000000	0.000000
109.526024	43.006412	17.453000	0.000000	1.000000	0.000000
109.526024	43.006412	17.453000	0.000000	0.000000	1.000000
117.175716	33.422000	21.974777	1.000000	0.000000	0.000000
117.175716	33.422000	21.974777	0.000000	1.000000	0.000000
117.175716	33.422000	21.974777	0.000000	0.000000	1.000000
122.546122	26.693340	25.149255	1.000000	0.000000	0.000000
122.546122	26.693340	25.149255	0.000000	1.000000	0.000000
122.546122	26.693340	25.149255	0.000000	0.000000	1.000000
126.822865	21.334946	27.677262	1.000000	0.000000	0.000000
126.822865	21.334946	27.677262	0.000000	1.000000	0.000000
126.822865	21.334946	27.677262	0.000000	0.000000	1.000000
80.509703	87.481393	2.787286	1.000000	0.000000	0.000000
80.509703	87.481393	2.787286	0.000000	1.000000	0.000000
80.509703	87.481393	2.787286	0.000000	0.000000	1.000000
83.214135	127.176905	17.576343	1.000000	0.000000	0.000000
83.214135	127.176905	17.576343	0.000000	1.000000	0.000000
83.214135	127.176905	17.576343	0.000000	0.000000	1.000000
84.046863	139.399641	22.130076	1.000000	0.000000	0.000000
84.046863	139.399641	22.130076	0.000000	1.000000	0.000000
84.046863	139.399641	22.130076	0.000000	0.000000	1.000000
84.631473	147.980517	25.326988	1.000000	0.000000	0.000000
84.631473	147.980517	25.326988	0.000000	1.000000	0.000000
84.631473	147.980517	25.326988	0.000000	0.000000	1.000000
85.097029	154.813929	27.872861	1.000000	0.000000	0.000000
85.097029	154.813929	27.872861	0.000000	1.000000	0.000000
85.097029	154.813929	27.872861	0.000000	0.000000	1.000000
74.575838	74.832788	2.806846	1.000000	0.000000	0.000000
74.575838	74.832788	2.806846	0.000000	1.000000	0.000000
74.575838	74.832788	2.806846	0.000000	0.000000	1.000000
45.795784	47.416085	17.699686	1.000000	0.000000	0.000000
45.795784	47.416085	17.699686	0.000000	1.000000	0.000000
45.795784	47.416085	17.699686	0.000000	0.000000	1.000000
36.934051	38.974144	22.285375	1.000000	0.000000	0.000000
36.934051	38.974144	22.285375	0.000000	1.000000	0.000000
36.934051	38.974144	22.285375	0.000000	0.000000	1.000000
30.712741	33.047547	25.504721	1.000000	0.000000	0.000000
30.712741	33.047547	25.504721	0.000000	1.000000	0.000000
30.712741	33.047547	25.504721	0.000000	0.000000	1.000000
25.758379	28.327879	28.068460	1.000000	0.000000	0.000000
25.758379	28.327879	28.068460	0.000000	1.000000	0.000000
25.758379	28.327879	28.068460	0.000000	0.000000	1.000000
87.482654	80.146029	2.826406	1.000000	0.000000	0.000000
87.482654	80.146029	2.826406	0.000000	1.000000	0.000000
87.482654	80.146029	2.826406	0.000000	0.000000	1.000000
127.184855	80.920844	17.823029	1.000000	0.000000	0.000000
127.184855	80.920844	17.823029	0.000000	1.000000	0.000000
127.184855	80.920844	17.823029	0.000000	0.000000	1.000000
139.409651	81.159419	22.440673	1.000000	0.000000	0.000000
139.409651	81.159419	22.440673	0.000000	1.000000	0.000000
139.409651	81.159419	22.440673	0.000000	0.000000	1.000000
147.991973	81.326908	25.682455	1.000000	0.000000	0.000000
147.991973	81.326908	25.682455	0.000000	1.000000	0.000000
147.991973	81.326908	25.682455	0.000000	0.000000	1.000000
154.826536	81.460289	28.264059	1.000000	0.000000	0.000000
154.826536	81.460289	28.264059	0.000000	1.000000	0.000000
154.826536	81.460289	28.264059	0.000000	0.000000	1.000000
74.389448	84.941881	2.845966	1.000000	0.000000	0.000000
74.389448	84.941881	2.845966	0.000000	1.000000	0.000000
74.389448	84.941881	2.845966	0.000000	0.000000	1.000000
44.620429	111.162999	17.946371	1.000000	0.000000	0.000000
44.620429	111.162999	17.946371	0.000000	1.000000	0.000000
44.620429	111.162999	17.946371	0.000000	0.000000	1.000000
35.454181	119.236804	22.595972	1.000000	0.000000	0.000000
35.454181	119.236804	22.595972	0.000000	1.000000	0.000000
35.454181	119.236804	22.595972	0.000000	0.000000	1.000000
29.019090	124.904955	25.860188	1.000000	0.000000	0.000000
29.019090	124.904955	25.860188	0.000000	1.000000	0.000000
29.019090	124.904955	25.860188	0.000000	0.000000	1.000000
23.894481	129.418808	28.459658	1.000000	0.000000	0.000000
23.894481	129.418808	28.459658	0.000000	1.000000	0.000000
23.894481	129.418808	28.459658	0.000000	0.000000	1.000000
80.798055	72.573569	2.865526	1.000000	0.000000	0.000000
80.798055	72.573569	2.865526	0.000000	1.000000	0.000000
80.798055	72.573569	2.865526	0.000000	0.000000	1.000000
85.032455	33.169682	18.069714	1.000000	0.000000	0.000000
85.032455	33.169682	18.069714	0.000000	1.000000	0.000000
85.032455	33.169682	18.069714	0.000000	0.000000	1.000000
86.336279	21.036740	22.751271	1.000000	0.000000	0.000000
86.336279	21.036740	22.751271	0.000000	1.000000	0.000000
86.336279	21.036740	22.751271	0.000000	0.000000	1.000000
87.251618	12.518904	26.037921	1.000000	0.000000	0.000000
87.251618	12.518904	26.037921	0.000000	1.000000	0.000000
87.251618	12.518904	26.037921	0.000000	0.000000	1.000000
87.980552	5.735695	28.655257	1.000000	0.000000	0.000000
87.980552	5.735695	28.655257	0.000000	1.000000	0.000000
87.980552	5.735695	28.655257	0.000000	0.000000	1.000000
84.423555	86.009030	2.885086	1.000000	0.000000	0.000000
84.423555	86.009030	2.885086	0.000000	1.000000	0.000000
84.423555	86.009030	2.885086	0.000000	0.000000	1.000000
107.894486	117.892336	18.193057	1.000000	0.000000	0.000000
107.894486	117.892336	18.193057	0.000000	1.000000	0.000000
107.894486	117.892336	18.193057	0.000000	0.000000	1.000000
115.121475	127.709599	22.906570	1.000000	0.000000	0.000000
115.121475	127.709599	22.906570	0.000000	1.000000	0.000000
115.121475	127.709599	22.906570	0.000000	0.000000	1.000000
120.195125	134.601730	26.215654	1.000000	0.000000	0.000000
120.195125	134.601730	26.215654	0.000000	1.000000	0.000000
120.195125	134.601730	26.215654	0.000000	0.000000	1.000000
124.235545	140.090304	28.850856	1.000000	0.000000	0.000000
124.235545	140.090304	28.850856	0.000000	1.000000	0.000000
124.235545	140.090304	28.850856	0.000000	0.000000	1.000000
72.686616	78.558664	2.904645	1.000000	0.000000	0.000000
72.686616	78.558664	2.904645	0.000000	1.000000	0.000000
72.686616	78.558664	2.904645	0.000000	0.000000	1.000000
33.882542	70.911083	18.316400	1.000000	0.000000	0.000000
33.882542	70.911083	18.316400	0.000000	1.000000	0.000000
33.882542	70.911083	18.316400	0.000000	0.000000	1.000000
21.934290	68.556299	23.061869	1.000000	0.000000	0.000000
21.934290	68.556299	23.061869	0.000000	1.000000	0.000000
21.934290	68.556299	23.061869	0.000000	0.000000	1.000000
13.546114	66.903141	26.393388	1.000000	0.000000	0.000000
13.546114	66.903141	26.393388	0.000000	1.000000	0.000000
13.546114	66.903141	26.393388	0.000000	0.000000	1.000000
6.866160	65.586642	29.046455	1.000000	0.000000	0.000000
6.866160	65.586642	29.046455	0.000000	1.000000	0.000000
6.866160	65.586642	29.046455	0.000000	0.000000	1.000000
86.359735	76.126656	2.924205	1.000000	0.000000	0.000000
86.359735	76.126656	2.924205	0.000000	1.000000	0.000000
86.359735	76.126656	2.924205	0.000000	0.000000	1.000000
120.103845	55.575087	18.439743	1.000000	0.000000	0.000000
120.103845	55.575087	18.439743	0.000000	1.000000	0.000000
120.103845	55.575087	18.439743	0.000000	0.000000	1.000000
130.494071	49.247006	23.217167	1.000000	0.000000	0.000000
130.494071	49.247006	23.217167	0.000000	1.000000	0.000000
130.494071	49.247006	23.217167	0.000000	0.000000	1.000000
137.788448	44.804427	26.571121	1.000000	0.000000	0.000000
137.788448	44.804427	26.571121	0.000000	1.000000	0.000000
137.788448	44.804427	26.571121	0.000000	0.000000	1.000000
143.597351	41.266563	29.242054	1.000000	0.000000	0.000000
143.597351	41.266563	29.242054	0.000000	1.000000	0.000000
143.597351	41.266563	29.242054	0.000000	0.000000	1.000000
77.929082	87.144616	2.943765	1.000000	0.000000	0.000000
77.929082	87.144616	2.943765	0.000000	1.000000	0.000000
77.929082	87.144616	2.943765	0.000000	0.000000	1.000000
66.941001	125.053227	18.563085	1.000000	0.000000	0.000000
66.941001	125.053227	18.563085	0.000000	1.000000	0.000000
66.941001	125.053227	18.563085	0.000000	0.000000	1.000000
63.557636	136.725755	23.372466	1.000000	0.000000	0.000000
63.557636	136.725755	23.372466	0.000000	1.000000	0.000000
63.557636	136.725755	23.372466	0.000000	0.000000	1.000000
61.182371	144.920360	26.748854	1.000000	0.000000	0.000000
61.182371	144.920360	26.748854	0.000000	1.000000	0.000000
61.182371	144.920360	26.748854	0.000000	0.000000	1.000000
59.290820	151.446165	29.437653	1.000000	0.000000	0.000000
59.290820	151.446165	29.437653	0.000000	1.000000	0.000000
59.290820	151.446165	29.437653	0.000000	0.000000	1.000000
76.704358	73.339862	2.963325	1.000000	0.000000	0.000000
76.704358	73.339862	2.963325	0.000000	1.000000	0.000000
76.704358	73.339862	2.963325	0.000000	0.000000	1.000000
59.218013	38.001842	18.686428	1.000000	0.000000	0.000000
59.218013	38.001842	18.686428	0.000000	1.000000	0.000000
59.218013	38.001842	18.686428	0.000000	0.000000	1.000000
53.833752	27.120831	23.527765	1.000000	0.000000	0.000000
53.833752	27.120831	23.527765	0.000000	1.000000	0.000000
53.833752	27.120831	23.527765	0.000000	0.000000	1.000000
50.053775	19.481903	26.926587	1.000000	0.000000	0.000000
50.053775	19.481903	26.926587	0.000000	1.000000	0.000000
50.053775	19.481903	26.926587	0.000000	0.000000	1.000000
47.043575	13.398615	29.633252	1.000000	0.000000	0.000000
47.043575	13.398615	29.633252	0.000000	1.000000	0.000000
47.043575	13.398615	29.633252	0.000000	0.000000	1.000000
86.921662	82.681975	2.982885	1.000000	0.000000	0.000000
86.921662	82.681975	2.982885	0.000000	1.000000	0.000000
86.921662	82.681975	2.982885	0.000000	0.000000	1.000000
123.647298	96.912265	18.809771	1.000000	0.000000	0.000000
123.647298	96.912265	18.809771	0.000000	1.000000	0.000000
123.647298	96.912265	18.809771	0.000000	0.000000	1.000000
134.955574	101.293946	23.683064	1.000000	0.000000	0.000000
134.955574	101.293946	23.683064	0.000000	1.000000	0.000000
134.955574	101.293946	23.683064	0.000000	0.000000	1.000000
142.894459	104.370070	27.104320	1.000000	0.000000	0.000000
142.894459	104.370070	27.104320	0.000000	1.000000	0.000000
142.894459	104.370070	27.104320	0.000000	0.000000	1.000000
149.216620	106.819754	29.828851	1.000000	0.000000	0.000000
149.216620	106.819754	29.828851	0.000000	1.000000	0.000000
149.216620	106.819754	29.828851	0.000000	0.000000	1.000000
73.091884	82.695043	3.002445	1.000000	0.000000	0.000000
73.091884	82.695043	3.002445	0.000000	1.000000	0.000000
73.091884	82.695043	3.002445	0.000000	0.000000	1.000000
36.438120	96.994666	18.933114	1.000000	0.000000	0.000000
36.438120	96.994666	18.933114	0.000000	1.000000	0.000000
36.438120	96.994666	18.933114	0.000000	0.000000	1.000000
25.151975	101.397696	23.838362	1.000000	0.000000	0.000000
25.151975	101.397696	23.838362	0.000000	1.000000	0.000000
25.151975	101.397696	23.838362	0.000000	0.000000	1.000000
17.228627	104.488809	27.282054	1.000000	0.000000	0.000000
17.228627	104.488809	27.282054	0.000000	1.000000	0.000000
17.228627	104.488809	27.282054	0.000000	0.000000	1.000000
10.918839	106.950428	30.024450	1.000000	0.000000	0.000000
10.918839	106.950428	30.024450	0.000000	1.000000	0.000000
10.918839	106.950428	30.024450	0.000000	0.000000	1.000000
83.269845	73.353527	3.022005	1.000000	0.000000	0.000000
83.269845	73.353527	3.022005	0.000000	1.000000	0.000000
83.269845	73.353527	3.022005	0.000000	0.000000	1.000000
100.619312	38.088018	19.056456	1.000000	0.000000	0.000000
100.619312	38.088018	19.056456	0.000000	1.000000	0.000000
100.619312	38.088018	19.056456	0.000000	0.000000	1.000000
105.961427	27.229333	23.993661	1.000000	0.000000	0.000000
105.961427	27.229333	23.993661	0.000000	1.000000	0.000000
105.961427	27.229333	23.993661	0.000000	0.000000	1.000000
109.711816	19.606079	27.459787	1.000000	0.000000	0.000000
109.711816	19.606079	27.459787	0.000000	1.000000	0.000000
109.711816	19.606079	27.459787	0.000000	0.000000	1.000000
112.698452	13.535273	30.220049	1.000000	0.000000	0.000000
112.698452	13.535273	30.220049	0.000000	1.000000	0.000000
112.698452	13.535273	30.220049	0.000000	0.000000	1.000000
82.076298	87.101962	3.041565	1.000000	0.000000	0.000000
82.076298	87.101962	3.041565	0.000000	1.000000	0.000000
82.076298	87.101962	3.041565	0.000000	0.000000	1.000000
93.092924	124.784255	19.179799	1.000000	0.000000	0.000000
93.092924	124.784255	19.179799	0.000000	1.000000	0.000000
93.092924	124.784255	19.179799	0.000000	0.000000	1.000000
96.485079	136.387096	24.148960	1.000000	0.000000	0.000000
96.485079	136.387096	24.148960	0.000000	1.000000	0.000000
96.485079	136.387096	24.148960	0.000000	0.000000	1.000000
98.866515	144.532780	27.637520	1.000000	0.000000	0.000000
98.866515	144.532780	27.637520	0.000000	1.000000	0.000000
98.866515	144.532780	27.637520	0.000000	0.000000	1.000000
100.762979	151.019624	30.415648	1.000000	0.000000	0.000000
100.762979	151.019624	30.415648	0.000000	1.000000	0.000000
100.762979	151.019624	30.415648	0.000000	0.000000	1.000000
73.678598	76.169935	3.061125	1.000000	0.000000	0.000000
73.678598	76.169935	3.061125	0.000000	1.000000	0.000000
73.678598	76.169935	3.061125	0.000000	0.000000	1.000000
40.137882	55.848000	19.303142	1.000000	0.000000	0.000000
40.137882	55.848000	19.303142	0.000000	1.000000	0.000000
40.137882	55.848000	19.303142	0.000000	0.000000	1.000000
29.810283	49.590626	24.304259	1.000000	0.000000	0.000000
29.810283	49.590626	24.304259	0.000000	1.000000	0.000000
29.810283	49.590626	24.304259	0.000000	0.000000	1.000000
22.559873	45.197686	27.815253	1.000000	0.000000	0.000000
22.559873	45.197686	27.815253	0.000000	1.000000	0.000000
22.559873	45.197686	27.815253	0.000000	0.000000	1.000000
16.785983	41.699352	30.611247	1.000000	0.000000	0.000000
16.785983	41.699352	30.611247	0.000000	1.000000	0.000000
16.785983	41.699352	30.611247	0.000000	0.000000	1.000000
87.240402	78.555716	3.080685	1.000000	0.000000	0.000000
87.240402	78.555716	3.080685	0.000000	1.000000	0.000000
87.240402	78.555716	3.080685	0.000000	0.000000	1.000000
125.657242	70.892490	19.426485	1.000000	0.000000	0.000000
125.657242	70.892490	19.426485	0.000000	1.000000	0.000000
125.657242	70.892490	19.426485	0.000000	0.000000	1.000000
137.486260	68.532889	24.459558	1.000000	0.000000	0.000000
137.486260	68.532889	24.459558	0.000000	1.000000	0.000000
137.486260	68.532889	24.459558	0.000000	0.000000	1.000000
145.790729	66.876349	27.992987	1.000000	0.000000	0.000000
145.790729	66.876349	27.992987	0.000000	1.000000	0.000000
145.790729	66.876349	27.992987	0.000000	0.000000	1.000000
152.404023	65.557158	30.806846	1.000000	0.000000	0.000000
152.404023	65.557158	30.806846	0.000000	1.000000	0.000000
152.404023	65.557158	30.806846	0.000000	0.000000	1.000000
75.641594	85.949183	3.100244	1.000000	0.000000	0.000000
75.641594	85.949183	3.100244	0.000000	1.000000	0.000000
75.641594	85.949183	3.100244	0.000000	0.000000	1.000000
52.516334	117.514946	19.549827	1.000000	0.000000	0.000000
52.516334	117.514946	19.549827	0.000000	1.000000	0.000000
52.516334	117.514946	19.549827	0.000000	0.000000	1.000000
45.395782	127.234433	24.614856	1.000000	0.000000	0.000000
45.395782	127.234433	24.614856	0.000000	1.000000	0.000000
45.395782	127.234433	24.614856	0.000000	0.000000	1.000000
40.396855	134.057922	28.170720	1.000000	0.000000	0.000000
40.396855	134.057922	28.170720	0.000000	1.000000	0.000000
40.396855	134.057922	28.170720	0.000000	0.000000	1.000000
36.415941	139.491833	31.002445	1.000000	0.000000	0.000000
36.415941	139.491833	31.002445	0.000000	1.000000	0.000000
36.415941	139.491833	31.002445	0.000000	0.000000	1.000000
79.196038	72.677400	3.119804	1.000000	0.000000	0.000000
79.196038	72.677400	3.119804	0.000000	1.000000	0.000000
79.196038	72.677400	3.119804	0.000000	0.000000	1.000000
74.930298	33.824429	19.673170	1.000000	0.000000	0.000000
74.930298	33.824429	19.673170	0.000000	1.000000	0.000000
74.930298	33.824429	19.673170	0.000000	0.000000	1.000000
73.616824	21.861121	24.770155	1.000000	0.000000	0.000000
73.616824	21.861121	24.770155	0.000000	1.000000	0.000000
73.616824	21.861121	24.770155	0.000000	0.000000	1.000000
72.694710	13.462375	28.348453	1.000000	0.000000	0.000000
72.694710	13.462375	28.348453	0.000000	1.000000	0.000000
72.694710	13.462375	28.348453	0.000000	0.000000	1.000000
71.960381	6.774003	31.198044	1.000000	0.000000	0.000000
71.960381	6.774003	31.198044	0.000000	1.000000	0.000000
71.960381	6.774003	31.198044	0.000000	0.000000	1.000000
85.532910	84.850907	3.139364	1.000000	0.000000	0.000000
85.532910	84.850907	3.139364	0.000000	1.000000	0.000000
85.532910	84.850907	3.139364	0.000000	0.000000	1.000000
114.889967	110.589330	19.796513	1.000000	0.000000	0.000000
114.889967	110.589330	19.796513	0.000000	1.000000	0.000000
114.889967	110.589330	19.796513	0.000000	0.000000	1.000000
123.929366	118.514507	24.925454	1.000000	0.000000	0.000000
123.929366	118.514507	24.925454	0.000000	1.000000	0.000000
123.929366	118.514507	24.925454	0.000000	0.000000	1.000000
130.275405	124.078315	28.526186	1.000000	0.000000	0.000000
130.275405	124.078315	28.526186	0.000000	1.000000	0.000000
130.275405	124.078315	28.526186	0.000000	0.000000	1.000000
135.329097	128.509074	31.393643	1.000000	0.000000	0.000000
135.329097	128.509074	31.393643	0.000000	1.000000	0.000000
135.329097	128.509074	31.393643	0.000000	0.000000	1.000000
72.651838	80.160336	3.158924	1.000000	0.000000	0.000000
72.651838	80.160336	3.158924	0.000000	1.000000	0.000000
72.651838	80.160336	3.158924	0.000000	0.000000	1.000000
33.663233	81.011062	19.919856	1.000000	0.000000	0.000000
33.663233	81.011062	19.919856	0.000000	1.000000	0.000000
33.663233	81.011062	19.919856	0.000000	0.000000	1.000000
21.658162	81.273011	25.080753	1.000000	0.000000	0.000000
21.658162	81.273011	25.080753	0.000000	1.000000	0.000000
21.658162	81.273011	25.080753	0.000000	0.000000	1.000000
13.230097	81.456910	28.703920	1.000000	0.000000	0.000000
13.230097	81.456910	28.703920	0.000000	1.000000	0.000000
13.230097	81.456910	28.703920	0.000000	0.000000	1.000000
6.518376	81.603359	31.589242	1.000000	0.000000	0.000000
6.518376	81.603359	31.589242	0.000000	1.000000	0.000000
6.518376	81.603359	31.589242	0.000000	0.000000	1.000000
85.303905	74.923995	3.178484	1.000000	0.000000	0.000000
85.303905	74.923995	3.178484	0.000000	1.000000	0.000000
85.303905	74.923995	3.178484	0.000000	0.000000	1.000000
113.445888	47.991226	20.043198	1.000000	0.000000	0.000000
113.445888	47.991226	20.043198	0.000000	1.000000	0.000000
113.445888	47.991226	20.043198	0.000000	0.000000	1.000000
122.111151	39.698295	25.236051	1.000000	0.000000	0.000000
122.111151	39.698295	25.236051	0.000000	1.000000	0.000000
122.111151	39.698295	25.236051	0.000000	0.000000	1.000000
128.194530	33.876308	28.881653	1.000000	0.000000	0.000000
128.194530	33.876308	28.881653	0.000000	1.000000	0.000000
128.194530	33.876308	28.881653	0.000000	0.000000	1.000000
133.039051	29.239948	31.784841	1.000000	0.000000	0.000000
133.039051	29.239948	31.784841	0.000000	1.000000	0.000000
133.039051	29.239948	31.784841	0.000000	0.000000	1.000000
79.518416	87.317144	3.198044	1.000000	0.000000	0.000000
79.518416	87.317144	3.198044	0.000000	1.000000	0.000000
79.518416	87.317144	3.198044	0.000000	0.000000	1.000000
76.963180	126.141166	20.166541	1.000000	0.000000	0.000000
76.963180	126.141166	20.166541	0.000000	1.000000	0.000000
76.963180	126.141166	20.166541	0.000000	0.000000	1.000000
76.176391	138.095560	25.391350	1.000000	0.000000	0.000000
76.176391	138.095560	25.391350	0.000000	1.000000	0.000000
76.176391	138.095560	25.391350	0.000000	0.000000	1.000000
75.624032	146.488048	29.059386	1.000000	0.000000	0.000000
75.624032	146.488048	29.059386	0.000000	1.000000	0.000000
75.624032	146.488048	29.059386	0.000000	0.000000	1.000000
75.184159	153.171437	31.980440	1.000000	0.000000	0.000000
75.184159	153.171437	31.980440	0.000000	1.000000	0.000000
75.184159	153.171437	31.980440	0.000000	0.000000	1.000000
75.417802	74.285940	3.217604	1.000000	0.000000	0.000000
75.417802	74.285940	3.217604	0.000000	1.000000	0.000000
75.417802	74.285940	3.217604	0.000000	0.000000	1.000000
51.105123	43.967716	20.289884	1.000000	0.000000	0.000000
51.105123	43.967716	20.289884	0.000000	1.000000	0.000000
51.105123	43.967716	20.289884	0.000000	0.000000	1.000000
43.618949	34.632361	25.546649	1.000000	0.000000	0.000000
43.618949	34.632361	25.546649	0.000000	1.000000	0.000000
43.618949	34.632361	25.546649	0.000000	0.000000	1.000000
38.363341	28.078550	29.237119	1.000000	0.000000	0.000000
38.363341	28.078550	29.237119	0.000000	1.000000	0.000000
38.363341	28.078550	29.237119	0.000000	0.000000	1.000000
34.178017	22.859398	32.176039	1.000000	0.000000	0.000000
34.178017	22.859398	32.176039	0.000000	1.000000	0.000000
34.178017	22.859398	32.176039	0.000000	0.000000	1.000000
87.230040	81.116823	3.237164	1.000000	0.000000	0.000000
87.230040	81.116823	3.237164	0.000000	1.000000	0.000000
87.230040	81.116823	3.237164	0.000000	0.000000	1.000000
125.591898	87.042574	20.413227	1.000000	0.000000	0.000000
125.591898	87.042574	20.413227	0.000000	1.000000	0.000000
125.591898	87.042574	20.413227	0.000000	0.000000	1.000000
137.403986	88.867186	25.701948	1.000000	0.000000	0.000000
137.403986	88.867186	25.701948	0.000000	1.000000	0.000000
137.403986	88.867186	25.701948	0.000000	0.000000	1.000000
145.696570	90.148140	29.414853	1.000000	0.000000	0.000000
145.696570	90.148140	29.414853	0.000000	1.000000	0.000000
145.696570	90.148140	29.414853	0.000000	0.000000	1.000000
152.300399	91.168232	32.371638	1.000000	0.000000	0.000000
152.300399	91.168232	32.371638	0.000000	1.000000	0.000000
152.300399	91.168232	32.371638	0.000000	0.000000	1.000000
73.921616	84.055490	3.256724	1.000000	0.000000	0.000000
73.921616	84.055490	3.256724	0.000000	1.000000	0.000000
73.921616	84.055490	3.256724	0.000000	0.000000	1.000000
41.670328	105.573509	20.536569	1.000000	0.000000	0.000000
41.670328	105.573509	20.536569	0.000000	1.000000	0.000000
41.670328	105.573509	20.536569	0.000000	0.000000	1.000000
31.739759	112.199172	25.857247	1.000000	0.000000	0.000000
31.739759	112.199172	25.857247	0.000000	1.000000	0.000000
31.739759	112.199172	25.857247	0.000000	0.000000	1.000000
24.768082	116.850666	29.592586	1.000000	0.000000	0.000000
24.768082	116.850666	29.592586	0.000000	1.000000	0.000000
24.768082	116.850666	29.592586	0.000000	0.000000	1.000000
19.216161	120.554901	32.567237	1.000000	0.000000	0.000000
19.216161	120.554901	32.567237	0.000000	1.000000	0.000000
19.216161	120.554901	32.567237	0.000000	0.000000	1.000000
81.740480	72.912215	3.276284	1.000000	0.000000	0.000000
81.740480	72.912215	3.276284	0.000000	1.000000	0.000000
81.740480	72.912215	3.276284	0.000000	0.000000	1.000000
90.975293	35.305148	20.659912	1.000000	0.000000	0.000000
90.975293	35.305148	20.659912	0.000000	1.000000	0.000000
90.975293	35.305148	20.659912	0.000000	0.000000	1.000000
93.818806	23.725469	26.012545	1.000000	0.000000	0.000000
93.818806	23.725469	26.012545	0.000000	1.000000	0.000000
93.818806	23.725469	26.012545	0.000000	0.000000	1.000000
95.815071	15.596047	29.770319	1.000000	0.000000	0.000000
95.815071	15.596047	29.770319	0.000000	1.000000	0.000000
95.815071	15.596047	29.770319	0.000000	0.000000	1.000000
97.404805	9.122152	32.762836	1.000000	0.000000	0.000000
97.404805	9.122152	32.762836	0.000000	1.000000	0.000000
97.404805	9.122152	32.762836	0.000000	0.000000	1.000000
83.500123	86.394260	3.295844	1.000000	0.000000	0.000000
83.500123	86.394260	3.295844	0.000000	1.000000	0.000000
83.500123	86.394260	3.295844	0.000000	0.000000	1.000000
102.071417	120.321553	20.783255	1.000000	0.000000	0.000000
102.071417	120.321553	20.783255	0.000000	1.000000	0.000000
102.071417	120.321553	20.783255	0.000000	0.000000	1.000000
107.789748	130.768185	26.167844	1.000000	0.000000	0.000000
107.789748	130.768185	26.167844	0.000000	1.000000	0.000000
107.789748	130.768185	26.167844	0.000000	0.000000	1.000000
111.804256	138.102160	29.948052	1.000000	0.000000	0.000000
111.804256	138.102160	29.948052	0.000000	1.000000	0.000000
111.804256	138.102160	29.948052	0.000000	0.000000	1.000000
115.001225	143.942598	32.958435	1.000000	0.000000	0.000000
115.001225	143.942598	32.958435	0.000000	1.000000	0.000000
115.001225	143.942598	32.958435	0.000000	0.000000	1.000000
73.108259	77.652233	3.315403	1.000000	0.000000	0.000000
73.108259	77.652233	3.315403	0.000000	1.000000	0.000000
73.108259	77.652233	3.315403	0.000000	0.000000	1.000000
36.541383	65.195217	20.906598	1.000000	0.000000	0.000000
36.541383	65.195217	20.906598	0.000000	1.000000	0.000000
36.541383	65.195217	20.906598	0.000000	0.000000	1.000000
25.281991	61.359549	26.323143	1.000000	0.000000	0.000000
25.281991	61.359549	26.323143	0.000000	1.000000	0.000000
25.281991	61.359549	26.323143	0.000000	0.000000	1.000000
17.377425	58.666748	30.125786	1.000000	0.000000	0.000000
17.377425	58.666748	30.125786	0.000000	1.000000	0.000000
17.377425	58.666748	30.125786	0.000000	0.000000	1.000000
11.082594	56.522326	33.154034	1.000000	0.000000	0.000000
11.082594	56.522326	33.154034	0.000000	1.000000	0.000000
11.082594	56.522326	33.154034	0.000000	0.000000	1.000000
86.659463	77.079457	3.334963	1.000000	0.000000	0.000000
86.659463	77.079457	3.334963	0.000000	1.000000	0.000000
86.659463	77.079457	3.334963	0.000000	0.000000	1.000000
121.993898	61.583351	21.029940	1.000000	0.000000	0.000000
121.993898	61.583351	21.029940	0.000000	1.000000	0.000000
121.993898	61.583351	21.029940	0.000000	0.000000	1.000000
132.873805	56.811909	26.478442	1.000000	0.000000	0.000000
132.873805	56.811909	26.478442	0.000000	1.000000	0.000000
132.873805	56.811909	26.478442	0.000000	0.000000	1.000000
140.511959	53.462156	30.303519	1.000000	0.000000	0.000000
140.511959	53.462156	30.303519	0.000000	1.000000	0.000000
140.511959	53.462156	30.303519	0.000000	0.000000	1.000000
146.594630	50.794568	33.349633	1.000000	0.000000	0.000000
146.594630	50.794568	33.349633	0.000000	1.000000	0.000000
146.594630	50.794568	33.349633	0.000000	0.000000	1.000000
77.065955	86.643685	3.354523	1.000000	0.000000	0.000000
77.065955	86.643685	3.354523	0.000000	1.000000	0.000000
77.065955	86.643685	3.354523	0.000000	0.000000	1.000000
61.498208	121.894405	21.153283	1.000000	0.000000	0.000000
61.498208	121.894405	21.153283	0.000000	1.000000	0.000000
61.498208	121.894405	21.153283	0.000000	0.000000	1.000000
56.704707	132.748535	26.633740	1.000000	0.000000	0.000000
56.704707	132.748535	26.633740	0.000000	1.000000	0.000000
56.704707	132.748535	26.633740	0.000000	0.000000	1.000000
53.339468	140.368592	30.481252	1.000000	0.000000	0.000000
53.339468	140.368592	30.481252	0.000000	1.000000	0.000000
53.339468	140.368592	30.481252	0.000000	0.000000	1.000000
50.659547	146.436851	33.545232	1.000000	0.000000	0.000000
50.659547	146.436851	33.545232	0.000000	1.000000	0.000000
50.659547	146.436851	33.545232	0.000000	0.000000	1.000000
77.678630	73.127824	3.374083	1.000000	0.000000	0.000000
77.678630	73.127824	3.374083	0.000000	1.000000	0.000000
77.678630	73.127824	3.374083	0.000000	0.000000	1.000000
65.361678	36.664754	21.276626	1.000000	0.000000	0.000000
65.361678	36.664754	21.276626	0.000000	1.000000	0.000000
65.361678	36.664754	21.276626	0.000000	0.000000	1.000000
61.569137	25.437326	26.789039	1.000000	0.000000	0.000000
61.569137	25.437326	26.789039	0.000000	1.000000	0.000000
61.569137	25.437326	26.789039	0.000000	0.000000	1.000000
58.906614	17.555199	30.658985	1.000000	0.000000	0.000000
58.906614	17.555199	30.658985	0.000000	1.000000	0.000000
58.906614	17.555199	30.658985	0.000000	0.000000	1.000000
56.786303	11.278238	33.740831	1.000000	0.000000	0.000000
56.786303	11.278238	33.740831	0.000000	1.000000	0.000000
56.786303	11.278238	33.740831	0.000000	0.000000	1.000000
86.345796	83.494861	3.393643	1.000000	0.000000	0.000000
86.345796	83.494861	3.393643	0.000000	1.000000	0.000000
86.345796	83.494861	3.393643	0.000000	0.000000	1.000000
120.015948	102.038242	21.399969	1.000000	0.000000	0.000000
120.015948	102.038242	21.399969	0.000000	1.000000	0.000000
120.015948	102.038242	21.399969	0.000000	0.000000	1.000000
130.383402	107.747977	26.944338	1.000000	0.000000	0.000000
130.383402	107.747977	26.944338	0.000000	1.000000	0.000000
130.383402	107.747977	26.944338	0.000000	0.000000	1.000000
137.661791	111.756452	30.836719	1.000000	0.000000	0.000000
137.661791	111.756452	30.836719	0.000000	1.000000	0.000000
137.661791	111.756452	30.836719	0.000000	0.000000	1.000000
143.457963	114.948615	33.936430	1.000000	0.000000	0.000000
143.457963	114.948615	33.936430	0.000000	1.000000	0.000000
143.457963	114.948615	33.936430	0.000000	0.000000	1.000000
72.968998	81.707352	3.413203	1.000000	0.000000	0.000000
72.968998	81.707352	3.413203	0.000000	1.000000	0.000000
72.968998	81.707352	3.413203	0.000000	0.000000	1.000000
35.663212	90.766388	21.523311	1.000000	0.000000	0.000000
35.663212	90.766388	21.523311	0.000000	1.000000	0.000000
35.663212	90.766388	21.523311	0.000000	0.000000	1.000000
24.176301	93.555777	27.099637	1.000000	0.000000	0.000000
24.176301	93.555777	27.099637	0.000000	1.000000	0.000000
24.176301	93.555777	27.099637	0.000000	0.000000	1.000000
16.112006	95.514045	31.014452	1.000000	0.000000	0.000000
16.112006	95.514045	31.014452	0.000000	1.000000	0.000000
16.112006	95.514045	31.014452	0.000000	0.000000	1.000000
9.689976	97.073519	34.132029	1.000000	0.000000	0.000000
9.689976	97.073519	34.132029	0.000000	1.000000	0.000000
9.689976	97.073519	34.132029	0.000000	0.000000	1.000000
84.025984	73.999367	3.432763	1.000000	0.000000	0.000000
84.025984	73.999367	3.432763	0.000000	1.000000	0.000000
84.025984	73.999367	3.432763	0.000000	0.000000	1.000000
105.387445	42.160618	21.646654	1.000000	0.000000	0.000000
105.387445	42.160618	21.646654	0.000000	1.000000	0.000000
105.387445	42.160618	21.646654	0.000000	0.000000	1.000000
111.964902	32.357076	27.254936	1.000000	0.000000	0.000000
111.964902	32.357076	27.254936	0.000000	1.000000	0.000000
111.964902	32.357076	27.254936	0.000000	0.000000	1.000000
116.582554	25.474576	31.192185	1.000000	0.000000	0.000000
116.582554	25.474576	31.192185	0.000000	1.000000	0.000000
116.582554	25.474576	31.192185	0.000000	0.000000	1.000000
120.259838	19.993672	34.327628	1.000000	0.000000	0.000000
120.259838	19.993672	34.327628	0.000000	1.000000	0.000000
120.259838	19.993672	34.327628	0.000000	0.000000	1.000000
81.083334	87.134974	3.452323	1.000000	0.000000	0.000000
81.083334	87.134974	3.452323	0.000000	1.000000	0.000000
81.083334	87.134974	3.452323	0.000000	0.000000	1.000000
86.831396	124.992423	21.769997	1.000000	0.000000	0.000000
86.831396	124.992423	21.769997	0.000000	1.000000	0.000000
86.831396	124.992423	21.769997	0.000000	0.000000	1.000000
88.601296	136.649197	27.410234	1.000000	0.000000	0.000000
88.601296	136.649197	27.410234	0.000000	1.000000	0.000000
88.601296	136.649197	27.410234	0.000000	0.000000	1.000000
89.843839	144.832743	31.369918	1.000000	0.000000	0.000000
89.843839	144.832743	31.369918	0.000000	1.000000	0.000000
89.843839	144.832743	31.369918	0.000000	0.000000	1.000000
90.833343	151.349740	34.523227	1.000000	0.000000	0.000000
90.833343	151.349740	34.523227	0.000000	1.000000	0.000000
90.833343	151.349740	34.523227	0.000000	0.000000	1.000000
74.388887	75.476567	3.471883	1.000000	0.000000	0.000000
74.388887	75.476567	3.471883	0.000000	1.000000	0.000000
74.388887	75.476567	3.471883	0.000000	0.000000	1.000000
44.616893	51.475691	21.893340	1.000000	0.000000	0.000000
44.616893	51.475691	21.893340	0.000000	1.000000	0.000000
44.616893	51.475691	21.893340	0.000000	0.000000	1.000000
35.449729	44.085526	27.565533	1.000000	0.000000	0.000000
35.449729	44.085526	27.565533	0.000000	1.000000	0.000000
35.449729	44.085526	27.565533	0.000000	0.000000	1.000000
29.013994	38.897319	31.547652	1.000000	0.000000	0.000000
29.013994	38.897319	31.547652	0.000000	1.000000	0.000000
29.013994	38.897319	31.547652	0.000000	0.000000	1.000000
23.888873	34.765671	34.718826	1.000000	0.000000	0.000000
23.888873	34.765671	34.718826	0.000000	1.000000	0.000000
23.888873	34.765671	34.718826	0.000000	0.000000	1.000000
87.183559	79.545783	3.491443	1.000000	0.000000	0.000000
87.183559	79.545783	3.491443	0.000000	1.000000	0.000000
87.183559	79.545783	3.491443	0.000000	0.000000	1.000000
125.298793	77.135755	22.016683	1.000000	0.000000	0.000000
125.298793	77.135755	22.016683	0.000000	1.000000	0.000000
125.298793	77.135755	22.016683	0.000000	0.000000	1.000000
137.034942	76.393677	27.720832	1.000000	0.000000	0.000000
137.034942	76.393677	27.720832	0.000000	1.000000	0.000000
137.034942	76.393677	27.720832	0.000000	0.000000	1.000000
145.274214	75.872708	31.725385	1.000000	0.000000	0.000000
145.274214	75.872708	31.725385	0.000000	1.000000	0.000000
145.274214	75.872708	31.725385	0.000000	0.000000	1.000000
151.835587	75.457831	34.914425	1.000000	0.000000	0.000000
151.835587	75.457831	34.914425	0.000000	1.000000	0.000000
151.835587	75.457831	34.914425	0.000000	0.000000	1.000000
75.016487	85.180488	3.511002	1.000000	0.000000	0.000000
75.016487	85.180488	3.511002	0.000000	1.000000	0.000000
75.016487	85.180488	3.511002	0.000000	0.000000	1.000000
48.574472	112.667633	22.140025	1.000000	0.000000	0.000000
48.574472	112.667633	22.140025	0.000000	1.000000	0.000000
48.574472	112.667633	22.140025	0.000000	0.000000	1.000000
40.432650	121.131264	27.876131	1.000000	0.000000	0.000000
40.432650	121.131264	27.876131	0.000000	1.000000	0.000000
40.432650	121.131264	27.876131	0.000000	0.000000	1.000000
34.716748	127.073089	31.903118	1.000000	0.000000	0.000000
34.716748	127.073089	31.903118	0.000000	1.000000	0.000000
34.716748	127.073089	31.903118	0.000000	0.000000	1.000000
30.164869	131.804883	35.110024	1.000000	0.000000	0.000000
30.164869	131.804883	35.110024	0.000000	1.000000	0.000000
30.164869	131.804883	35.110024	0.000000	0.000000	1.000000
80.175084	72.823338	3.530562	1.000000	0.000000	0.000000
80.175084	72.823338	3.530562	0.000000	1.000000	0.000000
80.175084	72.823338	3.530562	0.000000	0.000000	1.000000
81.104063	34.744698	22.263368	1.000000	0.000000	0.000000
81.104063	34.744698	22.263368	0.000000	1.000000	0.000000
81.104063	34.744698	22.263368	0.000000	0.000000	1.000000
81.390107	23.019817	28.031430	1.000000	0.000000	0.000000
81.390107	23.019817	28.031430	0.000000	1.000000	0.000000
81.390107	23.019817	28.031430	0.000000	0.000000	1.000000
81.590922	14.788456	32.080851	1.000000	0.000000	0.000000
81.590922	14.788456	32.080851	0.000000	1.000000	0.000000
81.590922	14.788456	32.080851	0.000000	0.000000	1.000000
81.750841	8.233382	35.305623	1.000000	0.000000	0.000000
81.750841	8.233382	35.305623	0.000000	1.000000	0.000000
81.750841	8.233382	35.305623	0.000000	0.000000	1.000000
84.712319	85.402840	3.550122	1.000000	0.000000	0.000000
84.712319	85.402840	3.550122	0.000000	1.000000	0.000000
84.712319	85.402840	3.550122	0.000000	0.000000	1.000000
109.715406	114.069762	22.386711	1.000000	0.000000	0.000000
109.715406	114.069762	22.386711	0.000000	1.000000	0.000000
109.715406	114.069762	22.386711	0.000000	0.000000	1.000000
117.414164	122.896660	28.186728	1.000000	0.000000	0.000000
117.414164	122.896660	28.186728	0.000000	1.000000	0.000000
117.414164	122.896660	28.186728	0.000000	0.000000	1.000000
122.819016	129.093514	32.258585	1.000000	0.000000	0.000000
122.819016	129.093514	32.258585	0.000000	1.000000	0.000000
122.819016	129.093514	32.258585	0.000000	0.000000	1.000000
127.123190	134.028402	35.501222	1.000000	0.000000	0.000000
127.123190	134.028402	35.501222	0.000000	1.000000	0.000000
127.123190	134.028402	35.501222	0.000000	0.000000	1.000000
72.885375	79.200325	3.569682	1.000000	0.000000	0.000000
72.885375	79.200325	3.569682	0.000000	1.000000	0.000000
72.885375	79.200325	3.569682	0.000000	0.000000	1.000000
35.135896	74.957331	22.510054	1.000000	0.000000	0.000000
35.135896	74.957331	22.510054	0.000000	1.000000	0.000000
35.135896	74.957331	22.510054	0.000000	0.000000	1.000000
23.512367	73.650862	28.342027	1.000000	0.000000	0.000000
23.512367	73.650862	28.342027	0.000000	1.000000	0.000000
23.512367	73.650862	28.342027	0.000000	0.000000	1.000000
15.352160	72.733665	32.436318	1.000000	0.000000	0.000000
15.352160	72.733665	32.436318	0.000000	1.000000	0.000000
15.352160	72.733665	32.436318	0.000000	0.000000	1.000000
8.853750	72.003251	35.696822	1.000000	0.000000	0.000000
8.853750	72.003251	35.696822	0.000000	1.000000	0.000000
8.853750	72.003251	35.696822	0.000000	0.000000	1.000000
85.778367	75.789558	3.589242	1.000000	0.000000	0.000000
85.778367	75.789558	3.589242	0.000000	1.000000	0.000000
85.778367	75.789558	3.589242	0.000000	0.000000	1.000000
116.437794	53.449381	22.633396	1.000000	0.000000	0.000000
116.437794	53.449381	22.633396	0.000000	1.000000	0.000000
116.437794	53.449381	22.633396	0.000000	0.000000	1.000000
125.878209	46.570565	28.497326	1.000000	0.000000	0.000000
125.878209	46.570565	28.497326	0.000000	1.000000	0.000000
125.878209	46.570565	28.497326	0.000000	0.000000	1.000000
132.505778	41.741347	32.614051	1.000000	0.000000	0.000000
132.505778	41.741347	32.614051	0.000000	1.000000	0.000000
132.505778	41.741347	32.614051	0.000000	0.000000	1.000000
137.783666	37.895582	35.892421	1.000000	0.000000	0.000000
137.783666	37.895582	35.892421	0.000000	1.000000	0.000000
137.783666	37.895582	35.892421	0.000000	0.000000	1.000000
78.585277	86.998222	3.608802	1.000000	0.000000	0.000000
78.585277	86.998222	3.608802	0.000000	1.000000	0.000000
78.585277	86.998222	3.608802	0.000000	0.000000	1.000000
71.078902	124.130077	22.756739	1.000000	0.000000	0.000000
71.078902	124.130077	22.756739	0.000000	1.000000	0.000000
71.078902	124.130077	22.756739	0.000000	0.000000	1.000000
68.767596	135.563432	28.652625	1.000000	0.000000	0.000000
68.767596	135.563432	28.652625	0.000000	1.000000	0.000000
68.767596	135.563432	28.652625	0.000000	0.000000	1.000000
67.144962	143.590128	32.791784	1.000000	0.000000	0.000000
67.144962	143.590128	32.791784	0.000000	1.000000	0.000000
67.144962	143.590128	32.791784	0.000000	0.000000	1.000000
65.852772	149.982218	36.088020	1.000000	0.000000	0.000000
65.852772	149.982218	36.088020	0.000000	1.000000	0.000000
65.852772	149.982218	36.088020	0.000000	0.000000	1.000000
76.321060	73.892595	3.628362	1.000000	0.000000	0.000000
76.321060	73.892595	3.628362	0.000000	1.000000	0.000000
76.321060	73.892595	3.628362	0.000000	0.000000	1.000000
56.800980	41.487325	22.880082	1.000000	0.000000	0.000000
56.800980	41.487325	22.880082	0.000000	1.000000	0.000000
56.800980	41.487325	22.880082	0.000000	0.000000	1.000000
50.790507	31.509343	28.807923	1.000000	0.000000	0.000000
50.790507	31.509343	28.807923	0.000000	1.000000	0.000000
50.790507	31.509343	28.807923	0.000000	0.000000	1.000000
46.570902	24.504380	32.969518	1.000000	0.000000	0.000000
46.570902	24.504380	32.969518	0.000000	1.000000	0.000000
46.570902	24.504380	32.969518	0.000000	0.000000	1.000000
43.210604	18.925952	36.283619	1.000000	0.000000	0.000000
43.210604	18.925952	36.283619	0.000000	1.000000	0.000000
43.210604	18.925952	36.283619	0.000000	0.000000	1.000000
86.828649	82.015495	3.647922	1.000000	0.000000	0.000000
86.828649	82.015495	3.647922	0.000000	1.000000	0.000000
86.828649	82.015495	3.647922	0.000000	0.000000	1.000000
123.060768	92.709507	23.003425	1.000000	0.000000	0.000000
123.060768	92.709507	23.003425	0.000000	1.000000	0.000000
123.060768	92.709507	23.003425	0.000000	0.000000	1.000000
134.217083	96.002324	28.963222	1.000000	0.000000	0.000000
134.217083	96.002324	28.963222	0.000000	1.000000	0.000000
134.217083	96.002324	28.963222	0.000000	0.000000	1.000000
142.049286	98.314021	33.147251	1.000000	0.000000	0.000000
142.049286	98.314021	33.147251	0.000000	1.000000	0.000000
142.049286	98.314021	33.147251	0.000000	0.000000	1.000000
148.286490	100.154949	36.479218	1.000000	0.000000	0.000000
148.286490	100.154949	36.479218	0.000000	1.000000	0.000000
148.286490	100.154949	36.479218	0.000000	0.000000	1.000000
73.612354	83.122107	3.667482	1.000000	0.000000	0.000000
73.612354	83.122107	3.667482	0.000000	1.000000	0.000000
73.612354	83.122107	3.667482	0.000000	0.000000	1.000000
39.720151	99.687691	23.126767	1.000000	0.000000	0.000000
39.720151	99.687691	23.126767	0.000000	1.000000	0.000000
39.720151	99.687691	23.126767	0.000000	0.000000	1.000000
29.284324	104.788438	29.118521	1.000000	0.000000	0.000000
29.284324	104.788438	29.118521	0.000000	1.000000	0.000000
29.284324	104.788438	29.118521	0.000000	0.000000	1.000000
21.957934	108.369378	33.324984	1.000000	0.000000	0.000000
21.957934	108.369378	33.324984	0.000000	1.000000	0.000000
21.957934	108.369378	33.324984	0.000000	0.000000	1.000000
16.123537	111.221072	36.674817	1.000000	0.000000	0.000000
16.123537	111.221072	36.674817	0.000000	1.000000	0.000000
16.123537	111.221072	36.674817	0.000000	0.000000	1.000000
82.597395	73.392484	3.687042	1.000000	0.000000	0.000000
82.597395	73.392484	3.687042	0.000000	1.000000	0.000000
82.597395	73.392484	3.687042	0.000000	0.000000	1.000000
96.378908	38.333676	23.250110	1.000000	0.000000	0.000000
96.378908	38.333676	23.250110	0.000000	1.000000	0.000000
96.378908	38.333676	23.250110	0.000000	0.000000	1.000000
100.622405	27.538637	29.273820	1.000000	0.000000	0.000000
100.622405	27.538637	29.273820	0.000000	1.000000	0.000000
100.622405	27.538637	29.273820	0.000000	0.000000	1.000000
103.601519	19.960065	33.502717	1.000000	0.000000	0.000000
103.601519	19.960065	33.502717	0.000000	1.000000	0.000000
103.601519	19.960065	33.502717	0.000000	0.000000	1.000000
105.973947	13.924842	36.870416	1.000000	0.000000	0.000000
105.973947	13.924842	36.870416	0.000000	1.000000	0.000000
105.973947	13.924842	36.870416	0.000000	0.000000	1.000000
82.544417	86.617178	3.706601	1.000000	0.000000	0.000000
82.544417	86.617178	3.706601	0.000000	1.000000	0.000000
82.544417	86.617178	3.706601	0.000000	0.000000	1.000000
96.044834	121.727255	23.373453	1.000000	0.000000	0.000000
96.044834	121.727255	23.373453	0.000000	1.000000	0.000000
96.044834	121.727255	23.373453	0.000000	0.000000	1.000000
100.201779	132.538080	29.429119	1.000000	0.000000	0.000000
100.201779	132.538080	29.429119	0.000000	1.000000	0.000000
100.201779	132.538080	29.429119	0.000000	0.000000	1.000000
103.120129	140.127734	33.680451	1.000000	0.000000	0.000000
103.120129	140.127734	33.680451	0.000000	1.000000	0.000000
103.120129	140.127734	33.680451	0.000000	0.000000	1.000000
105.444168	146.171783	37.066015	1.000000	0.000000	0.000000
105.444168	146.171783	37.066015	0.000000	1.000000	0.000000
105.444168	146.171783	37.066015	0.000000	0.000000	1.000000
73.663171	76.844002	3.726161	1.000000	0.000000	0.000000
73.663171	76.844002	3.726161	0.000000	1.000000	0.000000
73.663171	76.844002	3.726161	0.000000	0.000000	1.000000
40.040601	60.098596	23.496796	1.000000	0.000000	0.000000
40.040601	60.098596	23.496796	0.000000	1.000000	0.000000
40.040601	60.098596	23.496796	0.000000	0.000000	1.000000
29.687798	54.942480	29.584417	1.000000	0.000000	0.000000
29.687798	54.942480	29.584417	0.000000	1.000000	0.000000
29.687798	54.942480	29.584417	0.000000	0.000000	1.000000
22.419694	51.322669	33.858184	1.000000	0.000000	0.000000
22.419694	51.322669	33.858184	0.000000	1.000000	0.000000
22.419694	51.322669	33.858184	0.000000	0.000000	1.000000
16.631713	48.440019	37.261614	1.000000	0.000000	0.000000
16.631713	48.440019	37.261614	0.000000	1.000000	0.000000
16.631713	48.440019	37.261614	0.000000	0.000000	1.000000
86.794497	78.049519	3.745721	1.000000	0.000000	0.000000
86.794497	78.049519	3.745721	0.000000	1.000000	0.000000
86.794497	78.049519	3.745721	0.000000	0.000000	1.000000
122.845412	67.700463	23.620138	1.000000	0.000000	0.000000
122.845412	67.700463	23.620138	0.000000	1.000000	0.000000
122.845412	67.700463	23.620138	0.000000	0.000000	1.000000
133.945932	64.513862	29.739716	1.000000	0.000000	0.000000
133.945932	64.513862	29.739716	0.000000	1.000000	0.000000
133.945932	64.513862	29.739716	0.000000	0.000000	1.000000
141.738964	62.276733	34.035917	1.000000	0.000000	0.000000
141.738964	62.276733	34.035917	0.000000	1.000000	0.000000
141.738964	62.276733	34.035917	0.000000	0.000000	1.000000
147.944974	60.495188	37.457213	1.000000	0.000000	0.000000
147.944974	60.495188	37.457213	0.000000	1.000000	0.000000
147.944974	60.495188	37.457213	0.000000	0.000000	1.000000
76.312912	86.018974	3.765281	1.000000	0.000000	0.000000
76.312912	86.018974	3.765281	0.000000	1.000000	0.000000
76.312912	86.018974	3.765281	0.000000	0.000000	1.000000
56.749599	117.955037	23.743481	1.000000	0.000000	0.000000
56.749599	117.955037	23.743481	0.000000	1.000000	0.000000
56.749599	117.955037	23.743481	0.000000	0.000000	1.000000
50.725814	127.788543	29.895015	1.000000	0.000000	0.000000
50.725814	127.788543	29.895015	0.000000	1.000000	0.000000
50.725814	127.788543	29.895015	0.000000	0.000000	1.000000
46.496864	134.692079	34.213650	1.000000	0.000000	0.000000
46.496864	134.692079	34.213650	0.000000	1.000000	0.000000
46.496864	134.692079	34.213650	0.000000	0.000000	1.000000
43.129123	140.189735	37.652812	1.000000	0.000000	0.000000
43.129123	140.189735	37.652812	0.000000	1.000000	0.000000
43.129123	140.189735	37.652812	0.000000	0.000000	1.000000
78.654983	73.081481	3.784841	1.000000	0.000000	0.000000
78.654983	73.081481	3.784841	0.000000	1.000000	0.000000
78.654983	73.081481	3.784841	0.000000	0.000000	1.000000
71.518461	36.372520	23.866824	1.000000	0.000000	0.000000
71.518461	36.372520	23.866824	0.000000	1.000000	0.000000
71.518461	36.372520	23.866824	0.000000	0.000000	1.000000
69.321038	25.069379	30.050314	1.000000	0.000000	0.000000
69.321038	25.069379	30.050314	0.000000	1.000000	0.000000
69.321038	25.069379	30.050314	0.000000	0.000000	1.000000
67.778355	17.134098	34.391384	1.000000	0.000000	0.000000
67.778355	17.134098	34.391384	0.000000	1.000000	0.000000
67.778355	17.134098	34.391384	0.000000	0.000000	1.000000
66.549833	10.814808	37.848411	1.000000	0.000000	0.000000
66.549833	10.814808	37.848411	0.000000	1.000000	0.000000
66.549833	10.814808	37.848411	0.000000	0.000000	1.000000
85.656695	84.186685	3.804401	1.000000	0.000000	0.000000
85.656695	84.186685	3.804401	0.000000	1.000000	0.000000
85.656695	84.186685	3.804401	0.000000	0.000000	1.000000
115.670545	106.400813	23.990167	1.000000	0.000000	0.000000
115.670545	106.400813	23.990167	0.000000	1.000000	0.000000
115.670545	106.400813	23.990167	0.000000	0.000000	1.000000
124.912179	113.240817	30.205612	1.000000	0.000000	0.000000
124.912179	113.240817	30.205612	0.000000	1.000000	0.000000
124.912179	113.240817	30.205612	0.000000	0.000000	1.000000
131.400195	118.042787	34.569117	1.000000	0.000000	0.000000
131.400195	118.042787	34.569117	0.000000	1.000000	0.000000
131.400195	118.042787	34.569117	0.000000	0.000000	1.000000
136.566950	121.866854	38.044010	1.000000	0.000000	0.000000
136.566950	121.866854	38.044010	0.000000	1.000000	0.000000
136.566950	121.866854	38.044010	0.000000	0.000000	1.000000
73.011415	80.732805	3.823961	1.000000	0.000000	0.000000
73.011415	80.732805	3.823961	0.000000	1.000000	0.000000
73.011415	80.732805	3.823961	0.000000	0.000000	1.000000
35.930692	84.620992	24.113509	1.000000	0.000000	0.000000
35.930692	84.620992	24.113509	0.000000	1.000000	0.000000
35.930692	84.620992	24.113509	0.000000	0.000000	1.000000
24.513081	85.818213	30.360911	1.000000	0.000000	0.000000
24.513081	85.818213	30.360911	0.000000	1.000000	0.000000
24.513081	85.818213	30.360911	0.000000	0.000000	1.000000
16.497437	86.658712	34.746850	1.000000	0.000000	0.000000
16.497437	86.658712	34.746850	0.000000	1.000000	0.000000
16.497437	86.658712	34.746850	0.000000	0.000000	1.000000
10.114150	87.328047	38.239609	1.000000	0.000000	0.000000
10.114150	87.328047	38.239609	0.000000	1.000000	0.000000
10.114150	87.328047	38.239609	0.000000	0.000000	1.000000
84.651083	74.746927	3.843521	1.000000	0.000000	0.000000
84.651083	74.746927	3.843521	0.000000	1.000000	0.000000
84.651083	74.746927	3.843521	0.000000	0.000000	1.000000
109.329258	46.874655	24.236852	1.000000	0.000000	0.000000
109.329258	46.874655	24.236852	0.000000	1.000000	0.000000
109.329258	46.874655	24.236852	0.000000	0.000000	1.000000
116.927972	38.292440	30.516210	1.000000	0.000000	0.000000
116.927972	38.292440	30.516210	0.000000	1.000000	0.000000
116.927972	38.292440	30.516210	0.000000	0.000000	1.000000
122.262589	32.267363	34.924583	1.000000	0.000000	0.000000
122.262589	32.267363	34.924583	0.000000	1.000000	0.000000
122.262589	32.267363	34.924583	0.000000	0.000000	1.000000
126.510831	27.469272	38.435208	1.000000	0.000000	0.000000
126.510831	27.469272	38.435208	0.000000	1.000000	0.000000
126.510831	27.469272	38.435208	0.000000	0.000000	1.000000
80.118654	87.004465	3.863081	1.000000	0.000000	0.000000
80.118654	87.004465	3.863081	0.000000	1.000000	0.000000
80.118654	87.004465	3.863081	0.000000	0.000000	1.000000
80.748218	124.169445	24.360195	1.000000	0.000000	0.000000
80.748218	124.169445	24.360195	0.000000	1.000000	0.000000
80.748218	124.169445	24.360195	0.000000	0.000000	1.000000
80.942069	135.613000	30.671509	1.000000	0.000000	0.000000
80.942069	135.613000	30.671509	0.000000	1.000000	0.000000
80.942069	135.613000	30.671509	0.000000	0.000000	1.000000
81.078161	143.646858	35.102317	1.000000	0.000000	0.000000
81.078161	143.646858	35.102317	0.000000	1.000000	0.000000
81.078161	143.646858	35.102317	0.000000	0.000000	1.000000
81.186537	150.044649	38.630807	1.000000	0.000000	0.000000
81.186537	150.044649	38.630807	0.000000	1.000000	0.000000
81.186537	150.044649	38.630807	0.000000	0.000000	1.000000
75.188504	74.923130	3.882641	1.000000	0.000000	0.000000
75.188504	74.923130	3.882641	0.000000	1.000000	0.000000
75.188504	74.923130	3.882641	0.000000	0.000000	1.000000
49.659197	47.985771	24.483538	1.000000	0.000000	0.000000
49.659197	47.985771	24.483538	0.000000	1.000000	0.000000
49.659197	47.985771	24.483538	0.000000	0.000000	1.000000
41.798409	39.691426	30.826808	1.000000	0.000000	0.000000
41.798409	39.691426	30.826808	0.000000	1.000000	0.000000
41.798409	39.691426	30.826808	0.000000	0.000000	1.000000
36.279805	33.868447	35.280050	1.000000	0.000000	0.000000
36.279805	33.868447	35.280050	0.000000	1.000000	0.000000
36.279805	33.868447	35.280050	0.000000	0.000000	1.000000
31.885044	29.231297	38.826406	1.000000	0.000000	0.000000
31.885044	29.231297	38.826406	0.000000	1.000000	0.000000
31.885044	29.231297	38.826406	0.000000	0.000000	1.000000
86.966358	80.492639	3.902200	1.000000	0.000000	0.000000
86.966358	80.492639	3.902200	0.000000	1.000000	0.000000
86.966358	80.492639	3.902200	0.000000	0.000000	1.000000
123.929144	83.106533	24.606880	1.000000	0.000000	0.000000
123.929144	83.106533	24.606880	0.000000	1.000000	0.000000
123.929144	83.106533	24.606880	0.000000	0.000000	1.000000
135.310441	83.911383	30.982106	1.000000	0.000000	0.000000
135.310441	83.911383	30.982106	0.000000	1.000000	0.000000
135.310441	83.911383	30.982106	0.000000	0.000000	1.000000
143.300591	84.476422	35.457783	1.000000	0.000000	0.000000
143.300591	84.476422	35.457783	0.000000	1.000000	0.000000
143.300591	84.476422	35.457783	0.000000	0.000000	1.000000
149.663576	84.926392	39.022005	1.000000	0.000000	0.000000
149.663576	84.926392	39.022005	0.000000	1.000000	0.000000
149.663576	84.926392	39.022005	0.000000	0.000000	1.000000
74.539039	84.335632	3.921760	1.000000	0.000000	0.000000
74.539039	84.335632	3.921760	0.000000	1.000000	0.000000
74.539039	84.335632	3.921760	0.000000	0.000000	1.000000
45.563737	107.340056	24.730223	1.000000	0.000000	0.000000
45.563737	107.340056	24.730223	0.000000	1.000000	0.000000
45.563737	107.340056	24.730223	0.000000	0.000000	1.000000
36.641884	114.423401	31.137405	1.000000	0.000000	0.000000
36.641884	114.423401	31.137405	0.000000	1.000000	0.000000
36.641884	114.423401	31.137405	0.000000	0.000000	1.000000
30.378368	119.396208	35.635516	1.000000	0.000000	0.000000
30.378368	119.396208	35.635516	0.000000	1.000000	0.000000
30.378368	119.396208	35.635516	0.000000	0.000000	1.000000
25.390394	123.356320	39.217604	1.000000	0.000000	0.000000
25.390394	123.356320	39.217604	0.000000	1.000000	0.000000
25.390394	123.356320	39.217604	0.000000	0.000000	1.000000
81.096327	73.125114	3.941320	1.000000	0.000000	0.000000
81.096327	73.125114	3.941320	0.000000	1.000000	0.000000
81.096327	73.125114	3.941320	0.000000	0.000000	1.000000
86.913326	36.647664	24.853566	1.000000	0.000000	0.000000
86.913326	36.647664	24.853566	0.000000	1.000000	0.000000
86.913326	36.647664	24.853566	0.000000	0.000000	1.000000
88.704451	25.415809	31.292704	1.000000	0.000000	0.000000
88.704451	25.415809	31.292704	0.000000	1.000000	0.000000
88.704451	25.415809	31.292704	0.000000	0.000000	1.000000
89.961897	17.530573	35.813250	1.000000	0.000000	0.000000
89.961897	17.530573	35.813250	0.000000	1.000000	0.000000
89.961897	17.530573	35.813250	0.000000	0.000000	1.000000
90.963268	11.251137	39.413203	1.000000	0.000000	0.000000
90.963268	11.251137	39.413203	0.000000	1.000000	0.000000
90.963268	11.251137	39.413203	0.000000	0.000000	1.000000
83.829401	85.800614	3.960880	1.000000	0.000000	0.000000
83.829401	85.800614	3.960880	0.000000	1.000000	0.000000
83.829401	85.800614	3.960880	0.000000	0.000000	1.000000
104.147813	116.578081	24.976909	1.000000	0.000000	0.000000
104.147813	116.578081	24.976909	0.000000	1.000000	0.000000
104.147813	116.578081	24.976909	0.000000	0.000000	1.000000
110.404102	126.054842	31.448003	1.000000	0.000000	0.000000
110.404102	126.054842	31.448003	0.000000	1.000000	0.000000
110.404102	126.054842	31.448003	0.000000	0.000000	1.000000
114.796280	132.707927	35.990983	1.000000	0.000000	0.000000
114.796280	132.707927	35.990983	0.000000	1.000000	0.000000
114.796280	132.707927	35.990983	0.000000	0.000000	1.000000
118.294007	138.006136	39.608802	1.000000	0.000000	0.000000
118.294007	138.006136	39.608802	0.000000	1.000000	0.000000
118.294007	138.006136	39.608802	0.000000	0.000000	1.000000
73.268908	78.312251	3.980440	1.000000	0.000000	0.000000
73.268908	78.312251	3.980440	0.000000	1.000000	0.000000
73.268908	78.312251	3.980440	0.000000	0.000000	1.000000
37.554417	69.357225	25.100252	1.000000	0.000000	0.000000
37.554417	69.357225	25.100252	0.000000	1.000000	0.000000
37.554417	69.357225	25.100252	0.000000	0.000000	1.000000
26.557485	66.599863	31.603301	1.000000	0.000000	0.000000
26.557485	66.599863	31.603301	0.000000	1.000000	0.000000
26.557485	66.599863	31.603301	0.000000	0.000000	1.000000
18.837176	64.664078	36.168716	1.000000	0.000000	0.000000
18.837176	64.664078	36.168716	0.000000	1.000000	0.000000
18.837176	64.664078	36.168716	0.000000	0.000000	1.000000
12.689080	63.122509	39.804401	1.000000	0.000000	0.000000
12.689080	63.122509	39.804401	0.000000	1.000000	0.000000
12.689080	63.122509	39.804401	0.000000	0.000000	1.000000
86.093456	76.703063	4.000000	1.000000	0.000000	0.000000
86.093456	76.703063	4.000000	0.000000	1.000000	0.000000
86.093456	76.703063	4.000000	0.000000	0.000000	1.000000
118.424715	59.209849	25.223594	1.000000	0.000000	0.000000
118.424715	59.209849	25.223594	0.000000	1.000000	0.000000
118.424715	59.209849	25.223594	0.000000	0.000000	1.000000
128.379908	53.823473	31.758600	1.000000	0.000000	0.000000
128.379908	53.823473	31.758600	0.000000	1.000000	0.000000
128.379908	53.823473	31.758600	0.000000	0.000000	1.000000
135.368872	50.042010	36.346449	1.000000	0.000000	0.000000
135.368872	50.042010	36.346449	0.000000	1.000000	0.000000
135.368872	50.042010	36.346449	0.000000	0.000000	1.000000
140.934559	47.030628	40.000000	1.000000	0.000000	0.000000
140.934559	47.030628	40.000000	0.000000	1.000000	0.000000
140.934559	47.030628	40.000000	0.000000	0.000000	1.000000
77.737630	86.536423	4.019560	1.000000	0.000000	0.000000
77.737630	86.536423	4.019560	0.000000	1.000000	0.000000
77.737630	86.536423	4.019560	0.000000	0.000000	1.000000
65.733724	121.218018	25.346937	1.000000	0.000000	0.000000
65.733724	121.218018	25.346937	0.000000	1.000000	0.000000
65.733724	121.218018	25.346937	0.000000	0.000000	1.000000
62.037574	131.896908	31.913899	1.000000	0.000000	0.000000
62.037574	131.896908	31.913899	0.000000	1.000000	0.000000
62.037574	131.896908	31.913899	0.000000	0.000000	1.000000
59.442721	139.393938	36.524183	1.000000	0.000000	0.000000
59.442721	139.393938	36.524183	0.000000	1.000000	0.000000
59.442721	139.393938	36.524183	0.000000	0.000000	1.000000
57.376300	145.364226	40.195599	1.000000	0.000000	0.000000
57.376300	145.364226	40.195599	0.000000	1.000000	0.000000
57.376300	145.364226	40.195599	0.000000	0.000000	1.000000
77.257440	73.662502	4.039120	1.000000	0.000000	0.000000
77.257440	73.662502	4.039120	0.000000	1.000000	0.000000
77.257440	73.662502	4.039120	0.000000	0.000000	1.000000
62.705697	40.036382	25.470280	1.000000	0.000000	0.000000
62.705697	40.036382	25.470280	0.000000	1.000000	0.000000
62.705697	40.036382	25.470280	0.000000	0.000000	1.000000
58.225036	29.682486	32.069198	1.000000	0.000000	0.000000
58.225036	29.682486	32.069198	0.000000	1.000000	0.000000
58.225036	29.682486	32.069198	0.000000	0.000000	1.000000
55.079423	22.413615	36.701916	1.000000	0.000000	0.000000
55.079423	22.413615	36.701916	0.000000	1.000000	0.000000
55.079423	22.413615	36.701916	0.000000	0.000000	1.000000
52.574403	16.625023	40.391198	1.000000	0.000000	0.000000
52.574403	16.625023	40.391198	0.000000	1.000000	0.000000
52.574403	16.625023	40.391198	0.000000	0.000000	1.000000
86.292719	82.815813	4.058680	1.000000	0.000000	0.000000
86.292719	82.815813	4.058680	0.000000	1.000000	0.000000
86.292719	82.815813	4.058680	0.000000	0.000000	1.000000
119.681250	97.756231	25.593623	1.000000	0.000000	0.000000
119.681250	97.756231	25.593623	0.000000	1.000000	0.000000
119.681250	97.756231	25.593623	0.000000	0.000000	1.000000
129.961989	102.356569	32.224497	1.000000	0.000000	0.000000
129.961989	102.356569	32.224497	0.000000	1.000000	0.000000
129.961989	102.356569	32.224497	0.000000	0.000000	1.000000
137.179501	105.586201	36.879649	1.000000	0.000000	0.000000
137.179501	105.586201	36.879649	0.000000	1.000000	0.000000
137.179501	105.586201	36.879649	0.000000	0.000000	1.000000
142.927193	108.158129	40.586797	1.000000	0.000000	0.000000
142.927193	108.158129	40.586797	0.000000	1.000000	0.000000
142.927193	108.158129	40.586797	0.000000	0.000000	1.000000
73.468853	82.170734	4.078240	1.000000	0.000000	0.000000
73.468853	82.170734	4.078240	0.000000	1.000000	0.000000
73.468853	82.170734	4.078240	0.000000	0.000000	1.000000
38.815253	93.688430	25.716965	1.000000	0.000000	0.000000
38.815253	93.688430	25.716965	0.000000	1.000000	0.000000
38.815253	93.688430	25.716965	0.000000	0.000000	1.000000
28.144982	97.234870	32.379795	1.000000	0.000000	0.000000
28.144982	97.234870	32.379795	0.000000	1.000000	0.000000
28.144982	97.234870	32.379795	0.000000	0.000000	1.000000
20.654003	99.724620	37.057382	1.000000	0.000000	0.000000
20.654003	99.724620	37.057382	0.000000	1.000000	0.000000
20.654003	99.724620	37.057382	0.000000	0.000000	1.000000
14.688535	101.707342	40.782396	1.000000	0.000000	0.000000
14.688535	101.707342	40.782396	0.000000	1.000000	0.000000
14.688535	101.707342	40.782396	0.000000	0.000000	1.000000
83.343895	73.997800	4.097800	1.000000	0.000000	0.000000
83.343895	73.997800	4.097800	0.000000	1.000000	0.000000
83.343895	73.997800	4.097800	0.000000	0.000000	1.000000
101.086264	42.150736	25.840308	1.000000	0.000000	0.000000
101.086264	42.150736	25.840308	0.000000	1.000000	0.000000
101.086264	42.150736	25.840308	0.000000	0.000000	1.000000
106.549357	32.344633	32.535094	1.000000	0.000000	0.000000
106.549357	32.344633	32.535094	0.000000	1.000000	0.000000
106.549357	32.344633	32.535094	0.000000	0.000000	1.000000
110.384679	25.460336	37.235116	1.000000	0.000000	0.000000
110.384679	25.460336	37.235116	0.000000	1.000000	0.000000
110.384679	25.460336	37.235116	0.000000	0.000000	1.000000
113.438952	19.978000	40.977995	1.000000	0.000000	0.000000
113.438952	19.978000	40.977995	0.000000	1.000000	0.000000
113.438952	19.978000	40.977995	0.000000	0.000000	1.000000
81.586037	86.673218	4.117359	1.000000	0.000000	0.000000
81.586037	86.673218	4.117359	0.000000	1.000000	0.000000
81.586037	86.673218	4.117359	0.000000	0.000000	1.000000
90.001391	122.080635	25.963651	1.000000	0.000000	0.000000
90.001391	122.080635	25.963651	0.000000	1.000000	0.000000
90.001391	122.080635	25.963651	0.000000	0.000000	1.000000
92.592582	132.983015	32.690393	1.000000	0.000000	0.000000
92.592582	132.983015	32.690393	0.000000	1.000000	0.000000
92.592582	132.983015	32.690393	0.000000	0.000000	1.000000
94.411707	140.636944	37.412849	1.000000	0.000000	0.000000
94.411707	140.636944	37.412849	0.000000	1.000000	0.000000
94.411707	140.636944	37.412849	0.000000	0.000000	1.000000
95.860374	146.732179	41.173594	1.000000	0.000000	0.000000
95.860374	146.732179	41.173594	0.000000	1.000000	0.000000
95.860374	146.732179	41.173594	0.000000	0.000000	1.000000
74.332561	76.157340	4.136919	1.000000	0.000000	0.000000
74.332561	76.157340	4.136919	0.000000	1.000000	0.000000
74.332561	76.157340	4.136919	0.000000	0.000000	1.000000
44.261705	55.768577	26.086994	1.000000	0.000000	0.000000
44.261705	55.768577	26.086994	0.000000	1.000000	0.000000
44.261705	55.768577	26.086994	0.000000	0.000000	1.000000
35.002518	49.490625	32.845692	1.000000	0.000000	0.000000
35.002518	49.490625	32.845692	0.000000	1.000000	0.000000
35.002518	49.490625	32.845692	0.000000	0.000000	1.000000
28.502180	45.083239	37.590582	1.000000	0.000000	0.000000
28.502180	45.083239	37.590582	0.000000	1.000000	0.000000
28.502180	45.083239	37.590582	0.000000	0.000000	1.000000
23.325611	41.573401	41.369193	1.000000	0.000000	0.000000
23.325611	41.573401	41.369193	0.000000	1.000000	0.000000
23.325611	41.573401	41.369193	0.000000	0.000000	1.000000
86.762943	79.006880	4.156479	1.000000	0.000000	0.000000
86.762943	79.006880	4.156479	0.000000	1.000000	0.000000
86.762943	79.006880	4.156479	0.000000	0.000000	1.000000
122.646431	73.737488	26.210336	1.000000	0.000000	0.000000
122.646431	73.737488	26.210336	0.000000	1.000000	0.000000
122.646431	73.737488	26.210336	0.000000	0.000000	1.000000
133.695398	72.114977	33.000990	1.000000	0.000000	0.000000
133.695398	72.114977	33.000990	0.000000	1.000000	0.000000
133.695398	72.114977	33.000990	0.000000	0.000000	1.000000
141.452239	70.975906	37.768315	1.000000	0.000000	0.000000
141.452239	70.975906	37.768315	0.000000	1.000000	0.000000
141.452239	70.975906	37.768315	0.000000	0.000000	1.000000
147.629427	70.068803	41.564792	1.000000	0.000000	0.000000
147.629427	70.068803	41.564792	0.000000	1.000000	0.000000
147.629427	70.068803	41.564792	0.000000	0.000000	1.000000
75.691593	85.291345	4.176039	1.000000	0.000000	0.000000
75.691593	85.291345	4.176039	0.000000	1.000000	0.000000
75.691593	85.291345	4.176039	0.000000	0.000000	1.000000
52.831625	113.366683	26.333679	1.000000	0.000000	0.000000
52.831625	113.366683	26.333679	0.000000	1.000000	0.000000
52.831625	113.366683	26.333679	0.000000	0.000000	1.000000
45.792759	122.011426	33.156289	1.000000	0.000000	0.000000
45.792759	122.011426	33.156289	0.000000	1.000000	0.000000
45.792759	122.011426	33.156289	0.000000	0.000000	1.000000
40.851179	128.080399	37.946049	1.000000	0.000000	0.000000
40.851179	128.080399	37.946049	0.000000	1.000000	0.000000
40.851179	128.080399	37.946049	0.000000	0.000000	1.000000
36.915933	132.913448	41.760391	1.000000	0.000000	0.000000
36.915933	132.913448	41.760391	0.000000	1.000000	0.000000
36.915933	132.913448	41.760391	0.000000	0.000000	1.000000
79.603332	73.200029	4.195599	1.000000	0.000000	0.000000
79.603332	73.200029	4.195599	0.000000	1.000000	0.000000
79.603332	73.200029	4.195599	0.000000	0.000000	1.000000
77.498654	37.120074	26.457022	1.000000	0.000000	0.000000
77.498654	37.120074	26.457022	0.000000	1.000000	0.000000
77.498654	37.120074	26.457022	0.000000	0.000000	1.000000
76.850597	26.010611	33.311588	1.000000	0.000000	0.000000
76.850597	26.010611	33.311588	0.000000	1.000000	0.000000
76.850597	26.010611	33.311588	0.000000	0.000000	1.000000
76.395635	18.211301	38.123782	1.000000	0.000000	0.000000
76.395635	18.211301	38.123782	0.000000	1.000000	0.000000
76.395635	18.211301	38.123782	0.000000	0.000000	1.000000
76.033323	12.000291	41.955990	1.000000	0.000000	0.000000
76.033323	12.000291	41.955990	0.000000	1.000000	0.000000
76.033323	12.000291	41.955990	0.000000	0.000000	1.000000
84.877135	84.737720	4.215159	1.000000	0.000000	0.000000
84.877135	84.737720	4.215159	0.000000	1.000000	0.000000
84.877135	84.737720	4.215159	0.000000	0.000000	1.000000
110.754719	109.875581	26.580365	1.000000	0.000000	0.000000
110.754719	109.875581	26.580365	0.000000	1.000000	0.000000
110.754719	109.875581	26.580365	0.000000	0.000000	1.000000
118.722745	117.615838	33.466887	1.000000	0.000000	0.000000
118.722745	117.615838	33.466887	0.000000	1.000000	0.000000
118.722745	117.615838	33.466887	0.000000	0.000000	1.000000
124.316635	123.049824	38.301515	1.000000	0.000000	0.000000
124.316635	123.049824	38.301515	0.000000	1.000000	0.000000
124.316635	123.049824	38.301515	0.000000	0.000000	1.000000
128.771350	127.377198	42.151589	1.000000	0.000000	0.000000
128.771350	127.377198	42.151589	0.000000	1.000000	0.000000
128.771350	127.377198	42.151589	0.000000	0.000000	1.000000
73.215628	79.801366	4.234719	1.000000	0.000000	0.000000
73.215628	79.801366	4.234719	0.000000	1.000000	0.000000
73.215628	79.801366	4.234719	0.000000	0.000000	1.000000
37.218439	78.747435	26.703707	1.000000	0.000000	0.000000
37.218439	78.747435	26.703707	0.000000	1.000000	0.000000
37.218439	78.747435	26.703707	0.000000	0.000000	1.000000
26.134462	78.422917	33.622186	1.000000	0.000000	0.000000
26.134462	78.422917	33.622186	0.000000	1.000000	0.000000
26.134462	78.422917	33.622186	0.000000	0.000000	1.000000
18.353043	78.195092	38.479248	1.000000	0.000000	0.000000
18.353043	78.195092	38.479248	0.000000	1.000000	0.000000
18.353043	78.195092	38.479248	0.000000	0.000000	1.000000
12.156282	78.013662	42.347188	1.000000	0.000000	0.000000
12.156282	78.013662	42.347188	0.000000	1.000000	0.000000
12.156282	78.013662	42.347188	0.000000	0.000000	1.000000
85.127494	75.571691	4.254279	1.000000	0.000000	0.000000
85.127494	75.571691	4.254279	0.000000	1.000000	0.000000
85.127494	75.571691	4.254279	0.000000	0.000000	1.000000
112.333457	52.075535	26.827050	1.000000	0.000000	0.000000
112.333457	52.075535	26.827050	0.000000	1.000000	0.000000
112.333457	52.075535	26.827050	0.000000	0.000000	1.000000
120.710508	44.840779	33.777484	1.000000	0.000000	0.000000
120.710508	44.840779	33.777484	0.000000	1.000000	0.000000
120.710508	44.840779	33.777484	0.000000	0.000000	1.000000
126.591551	39.761676	38.656982	1.000000	0.000000	0.000000
126.591551	39.761676	38.656982	0.000000	1.000000	0.000000
126.591551	39.761676	38.656982	0.000000	0.000000	1.000000
131.274940	35.716914	42.542787	1.000000	0.000000	0.000000
131.274940	35.716914	42.542787	0.000000	1.000000	0.000000
131.274940	35.716914	42.542787	0.000000	0.000000	1.000000
79.211861	86.716632	4.273839	1.000000	0.000000	0.000000
79.211861	86.716632	4.273839	0.000000	1.000000	0.000000
79.211861	86.716632	4.273839	0.000000	0.000000	1.000000
75.030075	122.354398	26.950393	1.000000	0.000000	0.000000
75.030075	122.354398	26.950393	0.000000	1.000000	0.000000
75.030075	122.354398	26.950393	0.000000	0.000000	1.000000
73.742452	133.327705	33.932783	1.000000	0.000000	0.000000
73.742452	133.327705	33.932783	0.000000	1.000000	0.000000
73.742452	133.327705	33.932783	0.000000	0.000000	1.000000
72.838486	141.031428	38.834715	1.000000	0.000000	0.000000
72.838486	141.031428	38.834715	0.000000	1.000000	0.000000
72.838486	141.031428	38.834715	0.000000	0.000000	1.000000
72.118610	147.166316	42.738386	1.000000	0.000000	0.000000
72.118610	147.166316	42.738386	0.000000	1.000000	0.000000
72.118610	147.166316	42.738386	0.000000	0.000000	1.000000
76.051384	74.525043	4.293399	1.000000	0.000000	0.000000
76.051384	74.525043	4.293399	0.000000	1.000000	0.000000
76.051384	74.525043	4.293399	0.000000	0.000000	1.000000
55.100426	45.475474	27.073736	1.000000	0.000000	0.000000
55.100426	45.475474	27.073736	0.000000	1.000000	0.000000
55.100426	45.475474	27.073736	0.000000	0.000000	1.000000
48.649368	36.530754	34.088082	1.000000	0.000000	0.000000
48.649368	36.530754	34.088082	0.000000	1.000000	0.000000
48.649368	36.530754	34.088082	0.000000	0.000000	1.000000
44.120454	30.251185	39.012448	1.000000	0.000000	0.000000
44.120454	30.251185	39.012448	0.000000	1.000000	0.000000
44.120454	30.251185	39.012448	0.000000	0.000000	1.000000
40.513837	25.250426	42.933985	1.000000	0.000000	0.000000
40.513837	25.250426	42.933985	0.000000	1.000000	0.000000
40.513837	25.250426	42.933985	0.000000	0.000000	1.000000
86.597646	81.367279	4.312958	1.000000	0.000000	0.000000
86.597646	81.367279	4.312958	0.000000	1.000000	0.000000
86.597646	81.367279	4.312958	0.000000	0.000000	1.000000
121.604089	88.621920	27.197078	1.000000	0.000000	0.000000
121.604089	88.621920	27.197078	0.000000	1.000000	0.000000
121.604089	88.621920	27.197078	0.000000	0.000000	1.000000
132.383004	90.855713	34.243381	1.000000	0.000000	0.000000
132.383004	90.855713	34.243381	0.000000	1.000000	0.000000
132.383004	90.855713	34.243381	0.000000	0.000000	1.000000
139.950256	92.423930	39.190181	1.000000	0.000000	0.000000
139.950256	92.423930	39.190181	0.000000	1.000000	0.000000
139.950256	92.423930	39.190181	0.000000	0.000000	1.000000
145.976465	93.672786	43.129584	1.000000	0.000000	0.000000
145.976465	93.672786	43.129584	0.000000	1.000000	0.000000
145.976465	93.672786	43.129584	0.000000	0.000000	1.000000
74.222308	83.442029	4.332518	1.000000	0.000000	0.000000
74.222308	83.442029	4.332518	0.000000	1.000000	0.000000
74.222308	83.442029	4.332518	0.000000	0.000000	1.000000
43.566462	101.705085	27.320421	1.000000	0.000000	0.000000
43.566462	101.705085	27.320421	0.000000	1.000000	0.000000
43.566462	101.705085	27.320421	0.000000	0.000000	1.000000
34.127149	107.328505	34.398679	1.000000	0.000000	0.000000
34.127149	107.328505	34.398679	0.000000	1.000000	0.000000
34.127149	107.328505	34.398679	0.000000	0.000000	1.000000
27.500355	111.276382	39.367915	1.000000	0.000000	0.000000
27.500355	111.276382	39.367915	0.000000	1.000000	0.000000
27.500355	111.276382	39.367915	0.000000	0.000000	1.000000
22.223083	114.420289	43.325183	1.000000	0.000000	0.000000
22.223083	114.420289	43.325183	0.000000	1.000000	0.000000
22.223083	114.420289	43.325183	0.000000	0.000000	1.000000
81.931595	73.571287	4.352078	1.000000	0.000000	0.000000
81.931595	73.571287	4.352078	0.000000	1.000000	0.000000
81.931595	73.571287	4.352078	0.000000	0.000000	1.000000
92.180445	39.461186	27.443764	1.000000	0.000000	0.000000
92.180445	39.461186	27.443764	0.000000	1.000000	0.000000
92.180445	39.461186	27.443764	0.000000	0.000000	1.000000
95.336192	28.958266	34.553978	1.000000	0.000000	0.000000
95.336192	28.958266	34.553978	0.000000	1.000000	0.000000
95.336192	28.958266	34.553978	0.000000	0.000000	1.000000
97.551659	21.584775	39.545648	1.000000	0.000000	0.000000
97.551659	21.584775	39.545648	0.000000	1.000000	0.000000
97.551659	21.584775	39.545648	0.000000	0.000000	1.000000
99.315954	15.712867	43.520782	1.000000	0.000000	0.000000
99.315954	15.712867	43.520782	0.000000	1.000000	0.000000
99.315954	15.712867	43.520782	0.000000	0.000000	1.000000
82.912704	86.033650	4.371638	1.000000	0.000000	0.000000
82.912704	86.033650	4.371638	0.000000	1.000000	0.000000
82.912704	86.033650	4.371638	0.000000	0.000000	1.000000
98.367218	118.047586	27.567107	1.000000	0.000000	0.000000
98.367218	118.047586	27.567107	0.000000	1.000000	0.000000
98.367218	118.047586	27.567107	0.000000	0.000000	1.000000
103.125853	127.905070	34.709277	1.000000	0.000000	0.000000
103.125853	127.905070	34.709277	0.000000	1.000000	0.000000
103.125853	127.905070	34.709277	0.000000	0.000000	1.000000
106.466615	134.825440	39.723381	1.000000	0.000000	0.000000
106.466615	134.825440	39.723381	0.000000	1.000000	0.000000
106.466615	134.825440	39.723381	0.000000	0.000000	1.000000
109.127043	140.336501	43.716381	1.000000	0.000000	0.000000
109.127043	140.336501	43.716381	0.000000	1.000000	0.000000
109.127043	140.336501	43.716381	0.000000	0.000000	1.000000
73.788483	77.523220	4.391198	1.000000	0.000000	0.000000
73.788483	77.523220	4.391198	0.000000	1.000000	0.000000
73.788483	77.523220	4.391198	0.000000	0.000000	1.000000
40.830806	64.381676	27.690449	1.000000	0.000000	0.000000
40.830806	64.381676	27.690449	0.000000	1.000000	0.000000
40.830806	64.381676	27.690449	0.000000	0.000000	1.000000
30.682731	60.335232	34.864576	1.000000	0.000000	0.000000
30.682731	60.335232	34.864576	0.000000	1.000000	0.000000
30.682731	60.335232	34.864576	0.000000	0.000000	1.000000
23.558355	57.494459	39.901114	1.000000	0.000000	0.000000
23.558355	57.494459	39.901114	0.000000	1.000000	0.000000
23.558355	57.494459	39.901114	0.000000	0.000000	1.000000
17.884833	55.232199	43.911980	1.000000	0.000000	0.000000
17.884833	55.232199	43.911980	0.000000	1.000000	0.000000
17.884833	55.232199	43.911980	0.000000	0.000000	1.000000
86.241171	77.635047	4.410758	1.000000	0.000000	0.000000
86.241171	77.635047	4.410758	0.000000	1.000000	0.000000
86.241171	77.635047	4.410758	0.000000	0.000000	1.000000
119.356190	65.086847	27.813792	1.000000	0.000000	0.000000
119.356190	65.086847	27.813792	0.000000	1.000000	0.000000
119.356190	65.086847	27.813792	0.000000	0.000000	1.000000
129.552712	61.223102	35.019875	1.000000	0.000000	0.000000
129.552712	61.223102	35.019875	0.000000	1.000000	0.000000
129.552712	61.223102	35.019875	0.000000	0.000000	1.000000
136.711099	58.510590	40.078848	1.000000	0.000000	0.000000
136.711099	58.510590	40.078848	0.000000	1.000000	0.000000
136.711099	58.510590	40.078848	0.000000	0.000000	1.000000
142.411708	56.350472	44.107579	1.000000	0.000000	0.000000
142.411708	56.350472	44.107579	0.000000	1.000000	0.000000
142.411708	56.350472	44.107579	0.000000	0.000000	1.000000
77.001295	85.948113	4.430318	1.000000	0.000000	0.000000
77.001295	85.948113	4.430318	0.000000	1.000000	0.000000
77.001295	85.948113	4.430318	0.000000	0.000000	1.000000
61.090472	117.508200	27.937135	1.000000	0.000000	0.000000
61.090472	117.508200	27.937135	0.000000	1.000000	0.000000
61.090472	117.508200	27.937135	0.000000	0.000000	1.000000
56.191334	127.225939	35.175173	1.000000	0.000000	0.000000
56.191334	127.225939	35.175173	0.000000	1.000000	0.000000
56.191334	127.225939	35.175173	0.000000	0.000000	1.000000
52.751933	134.048201	40.256581	1.000000	0.000000	0.000000
52.751933	134.048201	40.256581	0.000000	1.000000	0.000000
52.751933	134.048201	40.256581	0.000000	0.000000	1.000000
50.012953	139.481135	44.303178	1.000000	0.000000	0.000000
50.012953	139.481135	44.303178	0.000000	1.000000	0.000000
50.012953	139.481135	44.303178	0.000000	0.000000	1.000000
78.196798	73.601012	4.449878	1.000000	0.000000	0.000000
78.196798	73.601012	4.449878	0.000000	1.000000	0.000000
78.196798	73.601012	4.449878	0.000000	0.000000	1.000000
68.629193	39.648629	28.060478	1.000000	0.000000	0.000000
68.629193	39.648629	28.060478	0.000000	1.000000	0.000000
68.629193	39.648629	28.060478	0.000000	0.000000	1.000000
65.683210	29.194272	35.330472	1.000000	0.000000	0.000000
65.683210	29.194272	35.330472	0.000000	1.000000	0.000000
65.683210	29.194272	35.330472	0.000000	0.000000	1.000000
63.615005	21.854873	40.434314	1.000000	0.000000	0.000000
63.615005	21.854873	40.434314	0.000000	1.000000	0.000000
63.615005	21.854873	40.434314	0.000000	0.000000	1.000000
61.967983	16.010117	44.498778	1.000000	0.000000	0.000000
61.967983	16.010117	44.498778	0.000000	1.000000	0.000000
61.967983	16.010117	44.498778	0.000000	0.000000	1.000000
85.640913	83.493454	4.469438	1.000000	0.000000	0.000000
85.640913	83.493454	4.469438	0.000000	1.000000	0.000000
85.640913	83.493454	4.469438	0.000000	0.000000	1.000000
115.571027	102.029369	28.183820	1.000000	0.000000	0.000000
115.571027	102.029369	28.183820	0.000000	1.000000	0.000000
115.571027	102.029369	28.183820	0.000000	0.000000	1.000000
124.786878	107.736806	35.485771	1.000000	0.000000	0.000000
124.786878	107.736806	35.485771	0.000000	1.000000	0.000000
124.786878	107.736806	35.485771	0.000000	0.000000	1.000000
131.256793	111.743666	40.612047	1.000000	0.000000	0.000000
131.256793	111.743666	40.612047	0.000000	1.000000	0.000000
131.256793	111.743666	40.612047	0.000000	0.000000	1.000000
136.409133	114.934544	44.694377	1.000000	0.000000	0.000000
136.409133	114.934544	44.694377	0.000000	1.000000	0.000000
136.409133	114.934544	44.694377	0.000000	0.000000	1.000000
73.493758	81.231959	4.488998	1.000000	0.000000	0.000000
73.493758	81.231959	4.488998	0.000000	1.000000	0.000000
73.493758	81.231959	4.488998	0.000000	0.000000	1.000000
38.972301	87.768606	28.307163	1.000000	0.000000	0.000000
38.972301	87.768606	28.307163	0.000000	1.000000	0.000000
38.972301	87.768606	28.307163	0.000000	0.000000	1.000000
28.342719	89.781320	35.641070	1.000000	0.000000	0.000000
28.342719	89.781320	35.641070	0.000000	1.000000	0.000000
28.342719	89.781320	35.641070	0.000000	0.000000	1.000000
20.880305	91.194330	40.789781	1.000000	0.000000	0.000000
20.880305	91.194330	40.789781	0.000000	1.000000	0.000000
20.880305	91.194330	40.789781	0.000000	0.000000	1.000000
14.937584	92.319585	44.889976	1.000000	0.000000	0.000000
14.937584	92.319585	44.889976	0.000000	1.000000	0.000000
14.937584	92.319585	44.889976	0.000000	0.000000	1.000000
83.957358	74.707342	4.508557	1.000000	0.000000	0.000000
83.957358	74.707342	4.508557	0.000000	1.000000	0.000000
83.957358	74.707342	4.508557	0.000000	0.000000	1.000000
104.954701	46.625038	28.430506	1.000000	0.000000	0.000000
104.954701	46.625038	28.430506	0.000000	1.000000	0.000000
104.954701	46.625038	28.430506	0.000000	0.000000	1.000000
111.420041	37.978151	35.796368	1.000000	0.000000	0.000000
111.420041	37.978151	35.796368	0.000000	1.000000	0.000000
111.420041	37.978151	35.796368	0.000000	0.000000	1.000000
115.958982	31.907672	40.967514	1.000000	0.000000	0.000000
115.958982	31.907672	40.967514	0.000000	1.000000	0.000000
115.958982	31.907672	40.967514	0.000000	0.000000	1.000000
119.573584	27.073424	45.085575	1.000000	0.000000	0.000000
119.573584	27.073424	45.085575	0.000000	1.000000	0.000000
119.573584	27.073424	45.085575	0.000000	0.000000	1.000000
80.655775	86.562478	4.528117	1.000000	0.000000	0.000000
80.655775	86.562478	4.528117	0.000000	1.000000	0.000000
80.655775	86.562478	4.528117	0.000000	0.000000	1.000000
84.135249	121.382318	28.553849	1.000000	0.000000	0.000000
84.135249	121.382318	28.553849	0.000000	1.000000	0.000000
84.135249	121.382318	28.553849	0.000000	0.000000	1.000000
85.206622	132.103776	35.951667	1.000000	0.000000	0.000000
85.206622	132.103776	35.951667	0.000000	1.000000	0.000000
85.206622	132.103776	35.951667	0.000000	0.000000	1.000000
85.958771	139.630690	41.145247	1.000000	0.000000	0.000000
85.958771	139.630690	41.145247	0.000000	1.000000	0.000000
85.958771	139.630690	41.145247	0.000000	0.000000	1.000000
86.557748	145.624776	45.281174	1.000000	0.000000	0.000000
86.557748	145.624776	45.281174	0.000000	1.000000	0.000000
86.557748	145.624776	45.281174	0.000000	0.000000	1.000000
75.093605	75.612983	4.547677	1.000000	0.000000	0.000000
75.093605	75.612983	4.547677	0.000000	1.000000	0.000000
75.093605	75.612983	4.547677	0.000000	0.000000	1.000000
49.060772	52.335913	28.677192	1.000000	0.000000	0.000000
49.060772	52.335913	28.677192	0.000000	1.000000	0.000000
49.060772	52.335913	28.677192	0.000000	0.000000	1.000000
41.044942	45.168617	36.106966	1.000000	0.000000	0.000000
41.044942	45.168617	36.106966	0.000000	1.000000	0.000000
41.044942	45.168617	36.106966	0.000000	0.000000	1.000000
35.417492	40.136874	41.322980	1.000000	0.000000	0.000000
35.417492	40.136874	41.322980	0.000000	1.000000	0.000000
35.417492	40.136874	41.322980	0.000000	0.000000	1.000000
30.936052	36.129826	45.476773	1.000000	0.000000	0.000000
30.936052	36.129826	45.476773	0.000000	1.000000	0.000000
30.936052	36.129826	45.476773	0.000000	0.000000	1.000000
86.567653	79.920791	4.567237	1.000000	0.000000	0.000000
86.567653	79.920791	4.567237	0.000000	1.000000	0.000000
86.567653	79.920791	4.567237	0.000000	0.000000	1.000000
121.414956	79.500519	28.800534	1.000000	0.000000	0.000000
121.414956	79.500519	28.800534	0.000000	1.000000	0.000000
121.414956	79.500519	28.800534	0.000000	0.000000	1.000000
132.144869	79.371112	36.262265	1.000000	0.000000	0.000000
132.144869	79.371112	36.262265	0.000000	1.000000	0.000000
132.144869	79.371112	36.262265	0.000000	0.000000	1.000000
139.677720	79.280263	41.500714	1.000000	0.000000	0.000000
139.677720	79.280263	41.500714	0.000000	1.000000	0.000000
139.677720	79.280263	41.500714	0.000000	0.000000	1.000000
145.676534	79.207915	45.672372	1.000000	0.000000	0.000000
145.676534	79.207915	45.672372	0.000000	1.000000	0.000000
145.676534	79.207915	45.672372	0.000000	0.000000	1.000000
75.220671	84.485455	4.586797	1.000000	0.000000	0.000000
75.220671	84.485455	4.586797	0.000000	1.000000	0.000000
75.220671	84.485455	4.586797	0.000000	0.000000	1.000000
49.862033	108.284822	28.923877	1.000000	0.000000	0.000000
49.862033	108.284822	28.923877	0.000000	1.000000	0.000000
49.862033	108.284822	28.923877	0.000000	0.000000	1.000000
42.053797	115.612940	36.417564	1.000000	0.000000	0.000000
42.053797	115.612940	36.417564	0.000000	1.000000	0.000000
42.053797	115.612940	36.417564	0.000000	0.000000	1.000000
36.572086	120.757587	41.678447	1.000000	0.000000	0.000000
36.572086	120.757587	41.678447	0.000000	1.000000	0.000000
36.572086	120.757587	41.678447	0.000000	0.000000	1.000000
32.206706	124.854546	45.867971	1.000000	0.000000	0.000000
32.206706	124.854546	45.867971	0.000000	1.000000	0.000000
32.206706	124.854546	45.867971	0.000000	0.000000	1.000000
80.493212	73.477867	4.606357	1.000000	0.000000	0.000000
80.493212	73.477867	4.606357	0.000000	1.000000	0.000000
80.493212	73.477867	4.606357	0.000000	0.000000	1.000000
83.110147	38.872092	29.047220	1.000000	0.000000	0.000000
83.110147	38.872092	29.047220	0.000000	1.000000	0.000000
83.110147	38.872092	29.047220	0.000000	0.000000	1.000000
83.915933	28.216548	36.572862	1.000000	0.000000	0.000000
83.915933	28.216548	36.572862	0.000000	1.000000	0.000000
83.915933	28.216548	36.572862	0.000000	0.000000	1.000000
84.481629	20.735907	41.856180	1.000000	0.000000	0.000000
84.481629	20.735907	41.856180	0.000000	1.000000	0.000000
84.481629	20.735907	41.856180	0.000000	0.000000	1.000000
84.932123	14.778671	46.063570	1.000000	0.000000	0.000000
84.932123	14.778671	46.063570	0.000000	1.000000	0.000000
84.932123	14.778671	46.063570	0.000000	0.000000	1.000000
84.033418	85.131513	4.625917	1.000000	0.000000	0.000000
84.033418	85.131513	4.625917	0.000000	1.000000	0.000000
84.033418	85.131513	4.625917	0.000000	0.000000	1.000000
105.434327	112.358803	29.170563	1.000000	0.000000	0.000000
105.434327	112.358803	29.170563	0.000000	1.000000	0.000000
105.434327	112.358803	29.170563	0.000000	0.000000	1.000000
112.023930	120.742420	36.728161	1.000000	0.000000	0.000000
112.023930	120.742420	36.728161	0.000000	1.000000	0.000000
112.023930	120.742420	36.728161	0.000000	0.000000	1.000000
116.650109	126.628073	42.033913	1.000000	0.000000	0.000000
116.650109	126.628073	42.033913	0.000000	1.000000	0.000000
116.650109	126.628073	42.033913	0.000000	0.000000	1.000000
120.334184	131.315134	46.259169	1.000000	0.000000	0.000000
120.334184	131.315134	46.259169	0.000000	1.000000	0.000000
120.334184	131.315134	46.259169	0.000000	0.000000	1.000000
73.573318	78.942974	4.645477	1.000000	0.000000	0.000000
73.573318	78.942974	4.645477	0.000000	1.000000	0.000000
73.573318	78.942974	4.645477	0.000000	0.000000	1.000000
39.473995	73.334500	29.293905	1.000000	0.000000	0.000000
39.473995	73.334500	29.293905	0.000000	1.000000	0.000000
39.473995	73.334500	29.293905	0.000000	0.000000	1.000000
28.974394	71.607582	36.883460	1.000000	0.000000	0.000000
28.974394	71.607582	36.883460	0.000000	1.000000	0.000000
28.974394	71.607582	36.883460	0.000000	0.000000	1.000000
21.603232	70.395212	42.211647	1.000000	0.000000	0.000000
21.603232	70.395212	42.211647	0.000000	1.000000	0.000000
21.603232	70.395212	42.211647	0.000000	0.000000	1.000000
15.733180	69.429738	46.454768	1.000000	0.000000	0.000000
15.733180	69.429738	46.454768	0.000000	1.000000	0.000000
15.733180	69.429738	46.454768	0.000000	0.000000	1.000000
85.441129	76.445911	4.665037	1.000000	0.000000	0.000000
85.441129	76.445911	4.665037	0.000000	1.000000	0.000000
85.441129	76.445911	4.665037	0.000000	0.000000	1.000000
114.311206	57.588273	29.417248	1.000000	0.000000	0.000000
114.311206	57.588273	29.417248	0.000000	1.000000	0.000000
114.311206	57.588273	29.417248	0.000000	0.000000	1.000000
123.200658	51.781775	37.038759	1.000000	0.000000	0.000000
123.200658	51.781775	37.038759	0.000000	1.000000	0.000000
123.200658	51.781775	37.038759	0.000000	0.000000	1.000000
129.441428	47.705368	42.389380	1.000000	0.000000	0.000000
129.441428	47.705368	42.389380	0.000000	1.000000	0.000000
129.441428	47.705368	42.389380	0.000000	0.000000	1.000000
134.411288	44.459107	46.650367	1.000000	0.000000	0.000000
134.411288	44.459107	46.650367	0.000000	1.000000	0.000000
134.411288	44.459107	46.650367	0.000000	0.000000	1.000000
78.392126	86.282459	4.684597	1.000000	0.000000	0.000000
78.392126	86.282459	4.684597	0.000000	1.000000	0.000000
78.392126	86.282459	4.684597	0.000000	0.000000	1.000000
69.860910	119.616552	29.540591	1.000000	0.000000	0.000000
69.860910	119.616552	29.540591	0.000000	1.000000	0.000000
69.860910	119.616552	29.540591	0.000000	0.000000	1.000000
67.234043	129.880529	37.194057	1.000000	0.000000	0.000000
67.234043	129.880529	37.194057	0.000000	1.000000	0.000000
67.234043	129.880529	37.194057	0.000000	0.000000	1.000000
65.389872	137.086273	42.567113	1.000000	0.000000	0.000000
65.389872	137.086273	42.567113	0.000000	1.000000	0.000000
65.389872	137.086273	42.567113	0.000000	0.000000	1.000000
63.921260	142.824594	46.845966	1.000000	0.000000	0.000000
63.921260	142.824594	46.845966	0.000000	1.000000	0.000000
63.921260	142.824594	46.845966	0.000000	0.000000	1.000000
76.948540	74.293906	4.704156	1.000000	0.000000	0.000000
76.948540	74.293906	4.704156	0.000000	1.000000	0.000000
76.948540	74.293906	4.704156	0.000000	0.000000	1.000000
60.757805	44.017952	29.663934	1.000000	0.000000	0.000000
60.757805	44.017952	29.663934	0.000000	1.000000	0.000000
60.757805	44.017952	29.663934	0.000000	0.000000	1.000000
55.772478	34.695613	37.349356	1.000000	0.000000	0.000000
55.772478	34.695613	37.349356	0.000000	1.000000	0.000000
55.772478	34.695613	37.349356	0.000000	0.000000	1.000000
52.272569	28.150938	42.744846	1.000000	0.000000	0.000000
52.272569	28.150938	42.744846	0.000000	1.000000	0.000000
52.272569	28.150938	42.744846	0.000000	0.000000	1.000000
49.485403	22.939063	47.041565	1.000000	0.000000	0.000000
49.485403	22.939063	47.041565	0.000000	1.000000	0.000000
49.485403	22.939063	47.041565	0.000000	0.000000	1.000000
86.091005	82.141533	4.723716	1.000000	0.000000	0.000000
86.091005	82.141533	4.723716	0.000000	1.000000	0.000000
86.091005	82.141533	4.723716	0.000000	0.000000	1.000000
118.409259	93.504290	29.787276	1.000000	0.000000	0.000000
118.409259	93.504290	29.787276	0.000000	1.000000	0.000000
118.409259	93.504290	29.787276	0.000000	0.000000	1.000000
128.360447	97.003023	37.504655	1.000000	0.000000	0.000000
128.360447	97.003023	37.504655	0.000000	1.000000	0.000000
128.360447	97.003023	37.504655	0.000000	0.000000	1.000000
135.346600	99.459280	42.922580	1.000000	0.000000	0.000000
135.346600	99.459280	42.922580	0.000000	1.000000	0.000000
135.346600	99.459280	42.922580	0.000000	0.000000	1.000000
140.910048	101.415330	47.237164	1.000000	0.000000	0.000000
140.910048	101.415330	47.237164	0.000000	1.000000	0.000000
140.910048	101.415330	47.237164	0.000000	0.000000	1.000000
74.075301	82.529678	4.743276	1.000000	0.000000	0.000000
74.075301	82.529678	4.743276	0.000000	1.000000	0.000000
74.075301	82.529678	4.743276	0.000000	0.000000	1.000000
42.639447	95.951890	29.910619	1.000000	0.000000	0.000000
42.639447	95.951890	29.910619	0.000000	1.000000	0.000000
42.639447	95.951890	29.910619	0.000000	0.000000	1.000000
32.959961	100.084755	37.659954	1.000000	0.000000	0.000000
32.959961	100.084755	37.659954	0.000000	1.000000	0.000000
32.959961	100.084755	37.659954	0.000000	0.000000	1.000000
26.164554	102.986200	43.100313	1.000000	0.000000	0.000000
26.164554	102.986200	43.100313	0.000000	1.000000	0.000000
26.164554	102.986200	43.100313	0.000000	0.000000	1.000000
20.753007	105.296776	47.432763	1.000000	0.000000	0.000000
20.753007	105.296776	47.432763	0.000000	1.000000	0.000000
20.753007	105.296776	47.432763	0.000000	0.000000	1.000000
82.653951	74.145776	4.762836	1.000000	0.000000	0.000000
82.653951	74.145776	4.762836	0.000000	1.000000	0.000000
82.653951	74.145776	4.762836	0.000000	0.000000	1.000000
96.735545	43.083859	30.033962	1.000000	0.000000	0.000000
96.735545	43.083859	30.033962	0.000000	1.000000	0.000000
96.735545	43.083859	30.033962	0.000000	0.000000	1.000000
101.071441	33.519512	37.815253	1.000000	0.000000	0.000000
101.071441	33.519512	37.815253	0.000000	1.000000	0.000000
101.071441	33.519512	37.815253	0.000000	0.000000	1.000000
104.115423	26.804938	43.278046	1.000000	0.000000	0.000000
104.115423	26.804938	43.278046	0.000000	1.000000	0.000000
104.115423	26.804938	43.278046	0.000000	0.000000	1.000000
106.539509	21.457762	47.628362	1.000000	0.000000	0.000000
106.539509	21.457762	47.628362	0.000000	1.000000	0.000000
106.539509	21.457762	47.628362	0.000000	0.000000	1.000000
81.993012	86.095621	4.782396	1.000000	0.000000	0.000000
81.993012	86.095621	4.782396	0.000000	1.000000	0.000000
81.993012	86.095621	4.782396	0.000000	0.000000	1.000000
92.567732	118.438365	30.157305	1.000000	0.000000	0.000000
92.567732	118.438365	30.157305	0.000000	1.000000	0.000000
92.567732	118.438365	30.157305	0.000000	0.000000	1.000000
95.823818	128.397094	37.970551	1.000000	0.000000	0.000000
95.823818	128.397094	37.970551	0.000000	1.000000	0.000000
95.823818	128.397094	37.970551	0.000000	0.000000	1.000000
98.109728	135.388542	43.455779	1.000000	0.000000	0.000000
98.109728	135.388542	43.455779	0.000000	1.000000	0.000000
98.109728	135.388542	43.455779	0.000000	0.000000	1.000000
99.930120	140.956206	47.823961	1.000000	0.000000	0.000000
99.930120	140.956206	47.823961	0.000000	1.000000	0.000000
99.930120	140.956206	47.823961	0.000000	0.000000	1.000000
74.425630	76.858723	4.801956	1.000000	0.000000	0.000000
74.425630	76.858723	4.801956	0.000000	1.000000	0.000000
74.425630	76.858723	4.801956	0.000000	0.000000	1.000000
44.848590	60.191426	30.280647	1.000000	0.000000	0.000000
44.848590	60.191426	30.280647	0.000000	1.000000	0.000000
44.848590	60.191426	30.280647	0.000000	0.000000	1.000000
35.741455	55.059360	38.125850	1.000000	0.000000	0.000000
35.741455	55.059360	38.125850	0.000000	1.000000	0.000000
35.741455	55.059360	38.125850	0.000000	0.000000	1.000000
29.347863	51.456434	43.633513	1.000000	0.000000	0.000000
29.347863	51.456434	43.633513	0.000000	1.000000	0.000000
29.347863	51.456434	43.633513	0.000000	0.000000	1.000000
24.256303	48.587231	48.019560	1.000000	0.000000	0.000000
24.256303	48.587231	48.019560	0.000000	1.000000	0.000000
24.256303	48.587231	48.019560	0.000000	0.000000	1.000000
86.217925	78.554182	4.821516	1.000000	0.000000	0.000000
86.217925	78.554182	4.821516	0.000000	1.000000	0.000000
86.217925	78.554182	4.821516	0.000000	0.000000	1.000000
119.209607	70.882821	30.403990	1.000000	0.000000	0.000000
119.209607	70.882821	30.403990	0.000000	1.000000	0.000000
119.209607	70.882821	30.403990	0.000000	0.000000	1.000000
129.368151	68.520714	38.281149	1.000000	0.000000	0.000000
129.368151	68.520714	38.281149	0.000000	1.000000	0.000000
129.368151	68.520714	38.281149	0.000000	0.000000	1.000000
136.499878	66.862416	43.811246	1.000000	0.000000	0.000000
136.499878	66.862416	43.811246	0.000000	1.000000	0.000000
136.499878	66.862416	43.811246	0.000000	0.000000	1.000000
142.179254	65.541824	48.215159	1.000000	0.000000	0.000000
142.179254	65.541824	48.215159	0.000000	1.000000	0.000000
142.179254	65.541824	48.215159	0.000000	0.000000	1.000000
76.400108	85.254023	4.841076	1.000000	0.000000	0.000000
76.400108	85.254023	4.841076	0.000000	1.000000	0.000000
76.400108	85.254023	4.841076	0.000000	0.000000	1.000000
57.299445	113.131338	30.527333	1.000000	0.000000	0.000000
57.299445	113.131338	30.527333	0.000000	1.000000	0.000000
57.299445	113.131338	30.527333	0.000000	0.000000	1.000000
51.418116	121.715107	38.436448	1.000000	0.000000	0.000000
51.418116	121.715107	38.436448	0.000000	1.000000	0.000000
51.418116	121.715107	38.436448	0.000000	0.000000	1.000000
47.289175	127.741274	43.988979	1.000000	0.000000	0.000000
47.289175	127.741274	43.988979	0.000000	1.000000	0.000000
47.289175	127.741274	43.988979	0.000000	0.000000	1.000000
44.001078	132.540234	48.410758	1.000000	0.000000	0.000000
44.001078	132.540234	48.410758	0.000000	1.000000	0.000000
44.001078	132.540234	48.410758	0.000000	0.000000	1.000000
79.107502	73.708922	4.860636	1.000000	0.000000	0.000000
79.107502	73.708922	4.860636	0.000000	1.000000	0.000000
79.107502	73.708922	4.860636	0.000000	0.000000	1.000000
74.371996	40.329098	30.650676	1.000000	0.000000	0.000000
74.371996	40.329098	30.650676	0.000000	1.000000	0.000000
74.371996	40.329098	30.650676	0.000000	0.000000	1.000000
72.913875	30.051039	38.591746	1.000000	0.000000	0.000000
72.913875	30.051039	38.591746	0.000000	1.000000	0.000000
72.913875	30.051039	38.591746	0.000000	0.000000	1.000000
71.890213	22.835409	44.166712	1.000000	0.000000	0.000000
71.890213	22.835409	44.166712	0.000000	1.000000	0.000000
71.890213	22.835409	44.166712	0.000000	0.000000	1.000000
71.075016	17.089216	48.606357	1.000000	0.000000	0.000000
71.075016	17.089216	48.606357	0.000000	1.000000	0.000000
71.075016	17.089216	48.606357	0.000000	0.000000	1.000000
84.896069	84.026437	4.880196	1.000000	0.000000	0.000000
84.896069	84.026437	4.880196	0.000000	1.000000	0.000000
84.896069	84.026437	4.880196	0.000000	0.000000	1.000000
110.874117	105.390304	30.774018	1.000000	0.000000	0.000000
110.874117	105.390304	30.774018	0.000000	1.000000	0.000000
110.874117	105.390304	30.774018	0.000000	0.000000	1.000000
118.873077	111.968502	38.747045	1.000000	0.000000	0.000000
118.873077	111.968502	38.747045	0.000000	1.000000	0.000000
118.873077	111.968502	38.747045	0.000000	0.000000	1.000000
124.488684	116.586673	44.344446	1.000000	0.000000	0.000000
124.488684	116.586673	44.344446	0.000000	1.000000	0.000000
124.488684	116.586673	44.344446	0.000000	0.000000	1.000000
128.960694	120.264371	48.801956	1.000000	0.000000	0.000000
128.960694	120.264371	48.801956	0.000000	1.000000	0.000000
128.960694	120.264371	48.801956	0.000000	0.000000	1.000000
73.685057	80.337472	4.899756	1.000000	0.000000	0.000000
73.685057	80.337472	4.899756	0.000000	1.000000	0.000000
73.685057	80.337472	4.899756	0.000000	0.000000	1.000000
40.178608	82.128063	30.897361	1.000000	0.000000	0.000000
40.178608	82.128063	30.897361	0.000000	1.000000	0.000000
40.178608	82.128063	30.897361	0.000000	0.000000	1.000000
29.861560	82.679408	38.902344	1.000000	0.000000	0.000000
29.861560	82.679408	38.902344	0.000000	1.000000	0.000000
29.861560	82.679408	38.902344	0.000000	0.000000	1.000000
22.618558	83.066475	44.522179	1.000000	0.000000	0.000000
22.618558	83.066475	44.522179	0.000000	1.000000	0.000000
22.618558	83.066475	44.522179	0.000000	0.000000	1.000000
16.850567	83.374718	48.997555	1.000000	0.000000	0.000000
16.850567	83.374718	48.997555	0.000000	1.000000	0.000000
16.850567	83.374718	48.997555	0.000000	0.000000	1.000000
84.417837	75.496329	4.919315	1.000000	0.000000	0.000000
84.417837	75.496329	4.919315	0.000000	1.000000	0.000000
84.417837	75.496329	4.919315	0.000000	0.000000	1.000000
107.858434	51.600309	31.020704	1.000000	0.000000	0.000000
107.858434	51.600309	31.020704	0.000000	1.000000	0.000000
107.858434	51.600309	31.020704	0.000000	0.000000	1.000000
115.076082	44.242431	39.057643	1.000000	0.000000	0.000000
115.076082	44.242431	39.057643	0.000000	1.000000	0.000000
115.076082	44.242431	39.057643	0.000000	0.000000	1.000000
120.143175	39.076890	44.699912	1.000000	0.000000	0.000000
120.143175	39.076890	44.699912	0.000000	1.000000	0.000000
120.143175	39.076890	44.699912	0.000000	0.000000	1.000000
124.178372	34.963293	49.193154	1.000000	0.000000	0.000000
124.178372	34.963293	49.193154	0.000000	1.000000	0.000000
124.178372	34.963293	49.193154	0.000000	0.000000	1.000000
79.785133	86.289781	4.938875	1.000000	0.000000	0.000000
79.785133	86.289781	4.938875	0.000000	1.000000	0.000000
79.785133	86.289781	4.938875	0.000000	0.000000	1.000000
78.645068	119.662720	31.144047	1.000000	0.000000	0.000000
78.645068	119.662720	31.144047	0.000000	1.000000	0.000000
78.645068	119.662720	31.144047	0.000000	0.000000	1.000000
78.294028	129.938659	39.212942	1.000000	0.000000	0.000000
78.294028	129.938659	39.212942	0.000000	1.000000	0.000000
78.294028	129.938659	39.212942	0.000000	0.000000	1.000000
78.047583	137.152800	44.877645	1.000000	0.000000	0.000000
78.047583	137.152800	44.877645	0.000000	1.000000	0.000000
78.047583	137.152800	44.877645	0.000000	0.000000	1.000000
77.851326	142.897808	49.388753	1.000000	0.000000	0.000000
77.851326	142.897808	49.388753	0.000000	1.000000	0.000000
77.851326	142.897808	49.388753	0.000000	0.000000	1.000000
75.919759	75.228674	4.958435	1.000000	0.000000	0.000000
75.919759	75.228674	4.958435	0.000000	1.000000	0.000000
75.919759	75.228674	4.958435	0.000000	0.000000	1.000000
54.270414	49.912501	31.267389	1.000000	0.000000	0.000000
54.270414	49.912501	31.267389	0.000000	1.000000	0.000000
54.270414	49.912501	31.267389	0.000000	0.000000	1.000000
47.604314	42.117340	39.368240	1.000000	0.000000	0.000000
47.604314	42.117340	39.368240	0.000000	1.000000	0.000000
47.604314	42.117340	39.368240	0.000000	0.000000	1.000000
42.924431	36.644809	45.055379	1.000000	0.000000	0.000000
42.924431	36.644809	45.055379	0.000000	1.000000	0.000000
42.924431	36.644809	45.055379	0.000000	0.000000	1.000000
39.197589	32.286739	49.584352	1.000000	0.000000	0.000000
39.197589	32.286739	49.584352	0.000000	1.000000	0.000000
39.197589	32.286739	49.584352	0.000000	0.000000	1.000000
86.216244	80.760183	4.977995	1.000000	0.000000	0.000000
86.216244	80.760183	4.977995	0.000000	1.000000	0.000000
86.216244	80.760183	4.977995	0.000000	0.000000	1.000000
119.199003	84.793636	31.390732	1.000000	0.000000	0.000000
119.199003	84.793636	31.390732	0.000000	1.000000	0.000000
119.199003	84.793636	31.390732	0.000000	0.000000	1.000000
129.354800	86.035586	39.523539	1.000000	0.000000	0.000000
129.354800	86.035586	39.523539	0.000000	1.000000	0.000000
129.354800	86.035586	39.523539	0.000000	0.000000	1.000000
136.484598	86.907487	45.233112	1.000000	0.000000	0.000000
136.484598	86.907487	45.233112	0.000000	1.000000	0.000000
136.484598	86.907487	45.233112	0.000000	0.000000	1.000000
142.162438	87.601829	49.779951	1.000000	0.000000	0.000000
142.162438	87.601829	49.779951	0.000000	1.000000	0.000000
142.162438	87.601829	49.779951	0.000000	0.000000	1.000000
74.915534	83.629415	4.997555	1.000000	0.000000	0.000000
74.915534	83.629415	4.997555	0.000000	1.000000	0.000000
74.915534	83.629415	4.997555	0.000000	0.000000	1.000000
47.937875	102.886723	31.514075	1.000000	0.000000	0.000000
47.937875	102.886723	31.514075	0.000000	1.000000	0.000000
47.937875	102.886723	31.514075	0.000000	0.000000	1.000000
39.631122	108.816285	39.678838	1.000000	0.000000	0.000000
39.631122	108.816285	39.678838	0.000000	1.000000	0.000000
39.631122	108.816285	39.678838	0.000000	0.000000	1.000000
33.799432	112.979087	45.410845	1.000000	0.000000	0.000000
33.799432	112.979087	45.410845	0.000000	1.000000	0.000000
33.799432	112.979087	45.410845	0.000000	0.000000	1.000000
29.155344	116.294150	49.975550	1.000000	0.000000	0.000000
29.155344	116.294150	49.975550	0.000000	1.000000	0.000000
29.155344	116.294150	49.975550	0.000000	0.000000	1.000000
81.294232	73.904631	5.017115	1.000000	0.000000	0.000000
81.294232	73.904631	5.017115	0.000000	1.000000	0.000000
81.294232	73.904631	5.017115	0.000000	0.000000	1.000000
88.161293	41.563222	31.637418	1.000000	0.000000	0.000000
88.161293	41.563222	31.637418	0.000000	1.000000	0.000000
88.161293	41.563222	31.637418	0.000000	0.000000	1.000000
90.275746	31.604904	39.834137	1.000000	0.000000	0.000000
90.275746	31.604904	39.834137	0.000000	1.000000	0.000000
90.275746	31.604904	39.834137	0.000000	0.000000	1.000000
91.760181	24.613745	45.588578	1.000000	0.000000	0.000000
91.760181	24.613745	45.588578	0.000000	1.000000	0.000000
91.760181	24.613745	45.588578	0.000000	0.000000	1.000000
92.942316	19.046311	50.171149	1.000000	0.000000	0.000000
92.942316	19.046311	50.171149	0.000000	1.000000	0.000000
92.942316	19.046311	50.171149	0.000000	0.000000	1.000000
83.155017	85.355164	5.036675	1.000000	0.000000	0.000000
83.155017	85.355164	5.036675	0.000000	1.000000	0.000000
83.155017	85.355164	5.036675	0.000000	0.000000	1.000000
99.895214	113.769119	31.760761	1.000000	0.000000	0.000000
99.895214	113.769119	31.760761	0.000000	1.000000	0.000000
99.895214	113.769119	31.760761	0.000000	0.000000	1.000000
105.049727	122.518125	39.989435	1.000000	0.000000	0.000000
105.049727	122.518125	39.989435	0.000000	1.000000	0.000000
105.049727	122.518125	39.989435	0.000000	0.000000	1.000000
108.668412	128.660296	45.766312	1.000000	0.000000	0.000000
108.668412	128.660296	45.766312	0.000000	1.000000	0.000000
108.668412	128.660296	45.766312	0.000000	0.000000	1.000000
111.550165	133.551636	50.366748	1.000000	0.000000	0.000000
111.550165	133.551636	50.366748	0.000000	1.000000	0.000000
111.550165	133.551636	50.366748	0.000000	0.000000	1.000000
74.071434	78.187102	5.056235	1.000000	0.000000	0.000000
74.071434	78.187102	5.056235	0.000000	1.000000	0.000000
74.071434	78.187102	5.056235	0.000000	0.000000	1.000000
42.615066	68.568049	31.884103	1.000000	0.000000	0.000000
42.615066	68.568049	31.884103	0.000000	1.000000	0.000000
42.615066	68.568049	31.884103	0.000000	0.000000	1.000000
32.929263	65.606224	40.144734	1.000000	0.000000	0.000000
32.929263	65.606224	40.144734	0.000000	1.000000	0.000000
32.929263	65.606224	40.144734	0.000000	0.000000	1.000000
26.129422	63.526899	45.944045	1.000000	0.000000	0.000000
26.129422	63.526899	45.944045	0.000000	1.000000	0.000000
26.129422	63.526899	45.944045	0.000000	0.000000	1.000000
20.714343	61.871020	50.562347	1.000000	0.000000	0.000000
20.714343	61.871020	50.562347	0.000000	1.000000	0.000000
20.714343	61.871020	50.562347	0.000000	0.000000	1.000000
85.581688	77.338973	5.075795	1.000000	0.000000	0.000000
85.581688	77.338973	5.075795	0.000000	1.000000	0.000000
85.581688	77.338973	5.075795	0.000000	0.000000	1.000000
115.197561	63.219835	32.007446	1.000000	0.000000	0.000000
115.197561	63.219835	32.007446	0.000000	1.000000	0.000000
115.197561	63.219835	32.007446	0.000000	0.000000	1.000000
124.316653	58.872379	40.300033	1.000000	0.000000	0.000000
124.316653	58.872379	40.300033	0.000000	1.000000	0.000000
124.316653	58.872379	40.300033	0.000000	0.000000	1.000000
130.718639	55.820281	46.121778	1.000000	0.000000	0.000000
130.718639	55.820281	46.121778	0.000000	1.000000	0.000000
130.718639	55.820281	46.121778	0.000000	0.000000	1.000000
135.816884	53.389732	50.757946	1.000000	0.000000	0.000000
135.816884	53.389732	50.757946	0.000000	1.000000	0.000000
135.816884	53.389732	50.757946	0.000000	0.000000	1.000000
77.687773	85.717602	5.095355	1.000000	0.000000	0.000000
77.687773	85.717602	5.095355	0.000000	1.000000	0.000000
77.687773	85.717602	5.095355	0.000000	0.000000	1.000000
65.419334	116.054617	32.130789	1.000000	0.000000	0.000000
65.419334	116.054617	32.130789	0.000000	1.000000	0.000000
65.419334	116.054617	32.130789	0.000000	0.000000	1.000000
61.641730	125.395757	40.455332	1.000000	0.000000	0.000000
61.641730	125.395757	40.455332	0.000000	1.000000	0.000000
61.641730	125.395757	40.455332	0.000000	0.000000	1.000000
58.989693	131.953631	46.299511	1.000000	0.000000	0.000000
58.989693	131.953631	46.299511	0.000000	1.000000	0.000000
58.989693	131.953631	46.299511	0.000000	0.000000	1.000000
56.877734	137.176018	50.953545	1.000000	0.000000	0.000000
56.877734	137.176018	50.953545	0.000000	1.000000	0.000000
56.877734	137.176018	50.953545	0.000000	0.000000	1.000000
77.848450	74.237320	5.114914	1.000000	0.000000	0.000000
77.848450	74.237320	5.114914	0.000000	1.000000	0.000000
77.848450	74.237320	5.114914	0.000000	0.000000	1.000000
66.432544	43.661123	32.254132	1.000000	0.000000	0.000000
66.432544	43.661123	32.254132	0.000000	1.000000	0.000000
66.432544	43.661123	32.254132	0.000000	0.000000	1.000000
62.917446	34.246336	40.610631	1.000000	0.000000	0.000000
62.917446	34.246336	40.610631	0.000000	1.000000	0.000000
62.917446	34.246336	40.610631	0.000000	0.000000	1.000000
60.449699	27.636759	46.477245	1.000000	0.000000	0.000000
60.449699	27.636759	46.477245	0.000000	1.000000	0.000000
60.449699	27.636759	46.477245	0.000000	0.000000	1.000000
58.484500	22.373198	51.149144	1.000000	0.000000	0.000000
58.484500	22.373198	51.149144	0.000000	1.000000	0.000000
58.484500	22.373198	51.149144	0.000000	0.000000	1.000000
85.464586	82.788453	5.134474	1.000000	0.000000	0.000000
85.464586	82.788453	5.134474	0.000000	1.000000	0.000000
85.464586	82.788453	5.134474	0.000000	0.000000	1.000000
114.459126	97.583704	32.377474	1.000000	0.000000	0.000000
114.459126	97.583704	32.377474	0.000000	1.000000	0.000000
114.459126	97.583704	32.377474	0.000000	0.000000	1.000000
123.386901	102.139344	40.765929	1.000000	0.000000	0.000000
123.386901	102.139344	40.765929	0.000000	1.000000	0.000000
123.386901	102.139344	40.765929	0.000000	0.000000	1.000000
129.654576	105.337594	46.654978	1.000000	0.000000	0.000000
129.654576	105.337594	46.654978	0.000000	1.000000	0.000000
129.654576	105.337594	46.654978	0.000000	0.000000	1.000000
134.645861	107.884533	51.344743	1.000000	0.000000	0.000000
134.645861	107.884533	51.344743	0.000000	1.000000	0.000000
134.645861	107.884533	51.344743	0.000000	0.000000	1.000000
74.102840	81.630779	5.154034	1.000000	0.000000	0.000000
74.102840	81.630779	5.154034	0.000000	1.000000	0.000000
74.102840	81.630779	5.154034	0.000000	0.000000	1.000000
42.813110	90.283526	32.500817	1.000000	0.000000	0.000000
42.813110	90.283526	32.500817	0.000000	1.000000	0.000000
42.813110	90.283526	32.500817	0.000000	0.000000	1.000000
33.178616	92.947813	40.921228	1.000000	0.000000	0.000000
33.178616	92.947813	40.921228	0.000000	1.000000	0.000000
33.178616	92.947813	40.921228	0.000000	0.000000	1.000000
26.414796	94.818255	46.832711	1.000000	0.000000	0.000000
26.414796	94.818255	46.832711	0.000000	1.000000	0.000000
26.414796	94.818255	46.832711	0.000000	0.000000	1.000000
21.028404	96.307788	51.540342	1.000000	0.000000	0.000000
21.028404	96.307788	51.540342	0.000000	1.000000	0.000000
21.028404	96.307788	51.540342	0.000000	0.000000	1.000000
83.238035	74.828051	5.173594	1.000000	0.000000	0.000000
83.238035	74.828051	5.173594	0.000000	1.000000	0.000000
83.238035	74.828051	5.173594	0.000000	0.000000	1.000000
100.418719	47.386216	32.624160	1.000000	0.000000	0.000000
100.418719	47.386216	32.624160	0.000000	1.000000	0.000000
100.418719	47.386216	32.624160	0.000000	0.000000	1.000000
105.708863	38.936537	41.076527	1.000000	0.000000	0.000000
105.708863	38.936537	41.076527	0.000000	1.000000	0.000000
105.708863	38.936537	41.076527	0.000000	0.000000	1.000000
109.422767	33.004506	47.010444	1.000000	0.000000	0.000000
109.422767	33.004506	47.010444	0.000000	1.000000	0.000000
109.422767	33.004506	47.010444	0.000000	0.000000	1.000000
112.380348	28.280512	51.735941	1.000000	0.000000	0.000000
112.380348	28.280512	51.735941	0.000000	1.000000	0.000000
112.380348	28.280512	51.735941	0.000000	0.000000	1.000000
81.102959	85.984533	5.193154	1.000000	0.000000	0.000000
81.102959	85.984533	5.193154	0.000000	1.000000	0.000000
81.102959	85.984533	5.193154	0.000000	0.000000	1.000000
86.955150	117.737856	32.747503	1.000000	0.000000	0.000000
86.955150	117.737856	32.747503	0.000000	1.000000	0.000000
86.955150	117.737856	32.747503	0.000000	0.000000	1.000000
88.757112	127.515095	41.231826	1.000000	0.000000	0.000000
88.757112	127.515095	41.231826	0.000000	1.000000	0.000000
88.757112	127.515095	41.231826	0.000000	0.000000	1.000000
90.022165	134.379129	47.188178	1.000000	0.000000	0.000000
90.022165	134.379129	47.188178	0.000000	1.000000	0.000000
90.022165	134.379129	47.188178	0.000000	0.000000	1.000000
91.029594	139.845327	51.931540	1.000000	0.000000	0.000000
91.029594	139.845327	51.931540	0.000000	1.000000	0.000000
91.029594	139.845327	51.931540	0.000000	0.000000	1.000000
75.157581	76.342324	5.212714	1.000000	0.000000	0.000000
75.157581	76.342324	5.212714	0.000000	1.000000	0.000000
75.157581	76.342324	5.212714	0.000000	0.000000	1.000000
49.464199	56.935065	32.870845	1.000000	0.000000	0.000000
49.464199	56.935065	32.870845	0.000000	1.000000	0.000000
49.464199	56.935065	32.870845	0.000000	0.000000	1.000000
41.552890	50.959332	41.387124	1.000000	0.000000	0.000000
41.552890	50.959332	41.387124	0.000000	1.000000	0.000000
41.552890	50.959332	41.387124	0.000000	0.000000	1.000000
35.998818	46.764115	47.365911	1.000000	0.000000	0.000000
35.998818	46.764115	47.365911	0.000000	1.000000	0.000000
35.998818	46.764115	47.365911	0.000000	0.000000	1.000000
31.575813	43.423239	52.127139	1.000000	0.000000	0.000000
31.575813	43.423239	52.127139	0.000000	1.000000	0.000000
31.575813	43.423239	52.127139	0.000000	0.000000	1.000000
86.024593	79.427644	5.232274	1.000000	0.000000	0.000000
86.024593	79.427644	5.232274	0.000000	1.000000	0.000000
86.024593	79.427644	5.232274	0.000000	0.000000	1.000000
117.990471	76.390781	32.994188	1.000000	0.000000	0.000000
117.990471	76.390781	32.994188	0.000000	1.000000	0.000000
117.990471	76.390781	32.994188	0.000000	0.000000	1.000000
127.833159	75.455693	41.542423	1.000000	0.000000	0.000000
127.833159	75.455693	41.542423	0.000000	1.000000	0.000000
127.833159	75.455693	41.542423	0.000000	0.000000	1.000000
134.743140	74.799222	47.543644	1.000000	0.000000	0.000000
134.743140	74.799222	47.543644	0.000000	1.000000	0.000000
134.743140	74.799222	47.543644	0.000000	0.000000	1.000000
140.245928	74.276439	52.322738	1.000000	0.000000	0.000000
140.245928	74.276439	52.322738	0.000000	1.000000	0.000000
140.245928	74.276439	52.322738	0.000000	0.000000	1.000000
75.955644	84.478999	5.251834	1.000000	0.000000	0.000000
75.955644	84.478999	5.251834	0.000000	1.000000	0.000000
75.955644	84.478999	5.251834	0.000000	0.000000	1.000000
54.496704	108.244112	33.117531	1.000000	0.000000	0.000000
54.496704	108.244112	33.117531	0.000000	1.000000	0.000000
54.496704	108.244112	33.117531	0.000000	0.000000	1.000000
47.889232	115.561683	41.697722	1.000000	0.000000	0.000000
47.889232	115.561683	41.697722	0.000000	1.000000	0.000000
47.889232	115.561683	41.697722	0.000000	0.000000	1.000000
43.250509	120.698926	47.721377	1.000000	0.000000	0.000000
43.250509	120.698926	47.721377	0.000000	1.000000	0.000000
43.250509	120.698926	47.721377	0.000000	0.000000	1.000000
39.556444	124.789988	52.518337	1.000000	0.000000	0.000000
39.556444	124.789988	52.518337	0.000000	1.000000	0.000000
39.556444	124.789988	52.518337	0.000000	0.000000	1.000000
79.956784	73.982480	5.271394	1.000000	0.000000	0.000000
79.956784	73.982480	5.271394	0.000000	1.000000	0.000000
79.956784	73.982480	5.271394	0.000000	0.000000	1.000000
79.727486	42.054132	33.240874	1.000000	0.000000	0.000000
79.727486	42.054132	33.240874	0.000000	1.000000	0.000000
79.727486	42.054132	33.240874	0.000000	0.000000	1.000000
79.656883	32.223001	41.853021	1.000000	0.000000	0.000000
79.656883	32.223001	41.853021	0.000000	1.000000	0.000000
79.656883	32.223001	41.853021	0.000000	0.000000	1.000000
79.607316	25.321133	47.899111	1.000000	0.000000	0.000000
79.607316	25.321133	47.899111	0.000000	1.000000	0.000000
79.607316	25.321133	47.899111	0.000000	0.000000	1.000000
79.567843	19.824805	52.713936	1.000000	0.000000	0.000000
79.567843	19.824805	52.713936	0.000000	1.000000	0.000000
79.567843	19.824805	52.713936	0.000000	0.000000	1.000000
84.084939	84.395348	5.290954	1.000000	0.000000	0.000000
84.084939	84.395348	5.290954	0.000000	1.000000	0.000000
84.084939	84.395348	5.290954	0.000000	0.000000	1.000000
105.759212	107.716618	33.364216	1.000000	0.000000	0.000000
105.759212	107.716618	33.364216	0.000000	1.000000	0.000000
105.759212	107.716618	33.364216	0.000000	0.000000	1.000000
112.432987	114.897524	42.008320	1.000000	0.000000	0.000000
112.432987	114.897524	42.008320	0.000000	1.000000	0.000000
112.432987	114.897524	42.008320	0.000000	0.000000	1.000000
117.118259	119.938822	48.076844	1.000000	0.000000	0.000000
117.118259	119.938822	48.076844	0.000000	1.000000	0.000000
117.118259	119.938822	48.076844	0.000000	0.000000	1.000000
120.849392	123.953478	52.909535	1.000000	0.000000	0.000000
120.849392	123.953478	52.909535	0.000000	1.000000	0.000000
120.849392	123.953478	52.909535	0.000000	0.000000	1.000000
74.036126	79.519733	5.310513	1.000000	0.000000	0.000000
74.036126	79.519733	5.310513	0.000000	1.000000	0.000000
74.036126	79.519733	5.310513	0.000000	0.000000	1.000000
42.392417	76.971485	33.487559	1.000000	0.000000	0.000000
42.392417	76.971485	33.487559	0.000000	1.000000	0.000000
42.392417	76.971485	33.487559	0.000000	0.000000	1.000000
32.648929	76.186848	42.163618	1.000000	0.000000	0.000000
32.648929	76.186848	42.163618	0.000000	1.000000	0.000000
32.648929	76.186848	42.163618	0.000000	0.000000	1.000000
25.808591	75.636000	48.254577	1.000000	0.000000	0.000000
25.808591	75.636000	48.254577	0.000000	1.000000	0.000000
25.808591	75.636000	48.254577	0.000000	0.000000	1.000000
20.361262	75.197330	53.105134	1.000000	0.000000	0.000000
20.361262	75.197330	53.105134	0.000000	1.000000	0.000000
20.361262	75.197330	53.105134	0.000000	0.000000	1.000000
84.708244	76.336292	5.330073	1.000000	0.000000	0.000000
84.708244	76.336292	5.330073	0.000000	1.000000	0.000000
84.708244	76.336292	5.330073	0.000000	0.000000	1.000000
109.689709	56.897029	33.610902	1.000000	0.000000	0.000000
109.689709	56.897029	33.610902	0.000000	1.000000	0.000000
109.689709	56.897029	33.610902	0.000000	0.000000	1.000000
117.381810	50.911440	42.318917	1.000000	0.000000	0.000000
117.381810	50.911440	42.318917	0.000000	1.000000	0.000000
117.381810	50.911440	42.318917	0.000000	0.000000	1.000000
122.781988	46.709305	48.432310	1.000000	0.000000	0.000000
122.781988	46.709305	48.432310	0.000000	1.000000	0.000000
122.781988	46.709305	48.432310	0.000000	0.000000	1.000000
127.082440	43.362920	53.300733	1.000000	0.000000	0.000000
127.082440	43.362920	53.300733	0.000000	1.000000	0.000000
127.082440	43.362920	53.300733	0.000000	0.000000	1.000000
79.006017	85.864590	5.349633	1.000000	0.000000	0.000000
79.006017	85.864590	5.349633	0.000000	1.000000	0.000000
79.006017	85.864590	5.349633	0.000000	0.000000	1.000000
73.732041	116.981512	33.734245	1.000000	0.000000	0.000000
73.732041	116.981512	33.734245	0.000000	1.000000	0.000000
73.732041	116.981512	33.734245	0.000000	0.000000	1.000000
72.108120	126.562796	42.474216	1.000000	0.000000	0.000000
72.108120	126.562796	42.474216	0.000000	1.000000	0.000000
72.108120	126.562796	42.474216	0.000000	0.000000	1.000000
70.968058	133.289260	48.610044	1.000000	0.000000	0.000000
70.968058	133.289260	48.610044	0.000000	1.000000	0.000000
70.968058	133.289260	48.610044	0.000000	0.000000	1.000000
70.060166	138.645904	53.496333	1.000000	0.000000	0.000000
70.060166	138.645904	53.496333	0.000000	1.000000	0.000000
70.060166	138.645904	53.496333	0.000000	0.000000	1.000000
76.781038	75.019031	5.369193	1.000000	0.000000	0.000000
76.781038	75.019031	5.369193	0.000000	1.000000	0.000000
76.781038	75.019031	5.369193	0.000000	0.000000	1.000000
59.701555	48.590515	33.857587	1.000000	0.000000	0.000000
59.701555	48.590515	33.857587	0.000000	1.000000	0.000000
59.701555	48.590515	33.857587	0.000000	0.000000	1.000000
54.442571	40.452850	42.629515	1.000000	0.000000	0.000000
54.442571	40.452850	42.629515	0.000000	1.000000	0.000000
54.442571	40.452850	42.629515	0.000000	0.000000	1.000000
50.750544	34.739867	48.787777	1.000000	0.000000	0.000000
50.750544	34.739867	48.787777	0.000000	1.000000	0.000000
50.750544	34.739867	48.787777	0.000000	0.000000	1.000000
47.810384	30.190311	53.691932	1.000000	0.000000	0.000000
47.810384	30.190311	53.691932	0.000000	1.000000	0.000000
47.810384	30.190311	53.691932	0.000000	0.000000	1.000000
85.720967	81.493945	5.388753	1.000000	0.000000	0.000000
85.720967	81.493945	5.388753	0.000000	1.000000	0.000000
85.720967	81.493945	5.388753	0.000000	0.000000	1.000000
116.075841	89.420666	33.980930	1.000000	0.000000	0.000000
116.075841	89.420666	33.980930	0.000000	1.000000	0.000000
116.075841	89.420666	33.980930	0.000000	0.000000	1.000000
125.422480	91.861400	42.784813	1.000000	0.000000	0.000000
125.422480	91.861400	42.784813	0.000000	1.000000	0.000000
125.422480	91.861400	42.784813	0.000000	0.000000	1.000000
131.984214	93.574899	48.965510	1.000000	0.000000	0.000000
131.984214	93.574899	48.965510	0.000000	1.000000	0.000000
131.984214	93.574899	48.965510	0.000000	0.000000	1.000000
137.209675	94.939450	53.887531	1.000000	0.000000	0.000000
137.209675	94.939450	53.887531	0.000000	1.000000	0.000000
137.209675	94.939450	53.887531	0.000000	0.000000	1.000000
74.788204	82.754512	5.408313	1.000000	0.000000	0.000000
74.788204	82.754512	5.408313	0.000000	1.000000	0.000000
74.788204	82.754512	5.408313	0.000000	0.000000	1.000000
47.134945	97.369674	34.104273	1.000000	0.000000	0.000000
47.134945	97.369674	34.104273	0.000000	1.000000	0.000000
47.134945	97.369674	34.104273	0.000000	0.000000	1.000000
38.620166	101.869862	42.940112	1.000000	0.000000	0.000000
38.620166	101.869862	42.940112	0.000000	1.000000	0.000000
38.620166	101.869862	42.940112	0.000000	0.000000	1.000000
32.642433	105.029183	49.143243	1.000000	0.000000	0.000000
32.642433	105.029183	49.143243	0.000000	1.000000	0.000000
32.642433	105.029183	49.143243	0.000000	0.000000	1.000000
27.882043	107.545120	54.083130	1.000000	0.000000	0.000000
27.882043	107.545120	54.083130	0.000000	1.000000	0.000000
27.882043	107.545120	54.083130	0.000000	0.000000	1.000000
81.976315	74.465348	5.427873	1.000000	0.000000	0.000000
81.976315	74.465348	5.427873	0.000000	1.000000	0.000000
81.976315	74.465348	5.427873	0.000000	0.000000	1.000000
92.462441	45.099044	34.227616	1.000000	0.000000	0.000000
92.462441	45.099044	34.227616	0.000000	1.000000	0.000000
92.462441	45.099044	34.227616	0.000000	0.000000	1.000000
95.691249	36.056798	43.095411	1.000000	0.000000	0.000000
95.691249	36.056798	43.095411	0.000000	1.000000	0.000000
95.691249	36.056798	43.095411	0.000000	0.000000	1.000000
97.958008	29.708760	49.320977	1.000000	0.000000	0.000000
97.958008	29.708760	49.320977	0.000000	1.000000	0.000000
97.958008	29.708760	49.320977	0.000000	0.000000	1.000000
99.763149	24.653477	54.278729	1.000000	0.000000	0.000000
99.763149	24.653477	54.278729	0.000000	1.000000	0.000000
99.763149	24.653477	54.278729	0.000000	0.000000	1.000000
82.274295	85.399357	5.447433	1.000000	0.000000	0.000000
82.274295	85.399357	5.447433	0.000000	1.000000	0.000000
82.274295	85.399357	5.447433	0.000000	0.000000	1.000000
94.341471	114.047800	34.350958	1.000000	0.000000	0.000000
94.341471	114.047800	34.350958	0.000000	1.000000	0.000000
94.341471	114.047800	34.350958	0.000000	0.000000	1.000000
98.057103	122.869008	43.250710	1.000000	0.000000	0.000000
98.057103	122.869008	43.250710	0.000000	1.000000	0.000000
98.057103	122.869008	43.250710	0.000000	0.000000	1.000000
100.665633	129.061868	49.498710	1.000000	0.000000	0.000000
100.665633	129.061868	49.498710	0.000000	1.000000	0.000000
100.665633	129.061868	49.498710	0.000000	0.000000	1.000000
102.742946	133.993574	54.474328	1.000000	0.000000	0.000000
102.742946	133.993574	54.474328	0.000000	1.000000	0.000000
102.742946	133.993574	54.474328	0.000000	0.000000	1.000000
74.692375	77.562561	5.466993	1.000000	0.000000	0.000000
74.692375	77.562561	5.466993	0.000000	1.000000	0.000000
74.692375	77.562561	5.466993	0.000000	0.000000	1.000000
46.530655	64.629757	34.474301	1.000000	0.000000	0.000000
46.530655	64.629757	34.474301	0.000000	1.000000	0.000000
46.530655	64.629757	34.474301	0.000000	0.000000	1.000000
37.859315	60.647588	43.406009	1.000000	0.000000	0.000000
37.859315	60.647588	43.406009	0.000000	1.000000	0.000000
37.859315	60.647588	43.406009	0.000000	0.000000	1.000000
31.771669	57.851937	49.676443	1.000000	0.000000	0.000000
31.771669	57.851937	49.676443	0.000000	1.000000	0.000000
31.771669	57.851937	49.676443	0.000000	0.000000	1.000000
26.923750	55.625611	54.669927	1.000000	0.000000	0.000000
26.923750	55.625611	54.669927	0.000000	1.000000	0.000000
26.923750	55.625611	54.669927	0.000000	0.000000	1.000000
85.542655	78.217666	5.486553	1.000000	0.000000	0.000000
85.542655	78.217666	5.486553	0.000000	1.000000	0.000000
85.542655	78.217666	5.486553	0.000000	0.000000	1.000000
114.951422	68.760784	34.597644	1.000000	0.000000	0.000000
114.951422	68.760784	34.597644	0.000000	1.000000	0.000000
114.951422	68.760784	34.597644	0.000000	0.000000	1.000000
124.006743	65.848893	43.561307	1.000000	0.000000	0.000000
124.006743	65.848893	43.561307	0.000000	1.000000	0.000000
124.006743	65.848893	43.561307	0.000000	0.000000	1.000000
130.363960	63.804624	49.854176	1.000000	0.000000	0.000000
130.363960	63.804624	49.854176	0.000000	1.000000	0.000000
130.363960	63.804624	49.854176	0.000000	0.000000	1.000000
135.426552	62.176662	54.865526	1.000000	0.000000	0.000000
135.426552	62.176662	54.865526	0.000000	1.000000	0.000000
135.426552	62.176662	54.865526	0.000000	0.000000	1.000000
77.126126	85.042179	5.506112	1.000000	0.000000	0.000000
77.126126	85.042179	5.506112	0.000000	1.000000	0.000000
77.126126	85.042179	5.506112	0.000000	0.000000	1.000000
61.877641	111.795472	34.720987	1.000000	0.000000	0.000000
61.877641	111.795472	34.720987	0.000000	1.000000	0.000000
61.877641	111.795472	34.720987	0.000000	0.000000	1.000000
57.182445	120.033140	43.716606	1.000000	0.000000	0.000000
57.182445	120.033140	43.716606	0.000000	1.000000	0.000000
57.182445	120.033140	43.716606	0.000000	0.000000	1.000000
53.886220	125.816330	50.031910	1.000000	0.000000	0.000000
53.886220	125.816330	50.031910	0.000000	1.000000	0.000000
53.886220	125.816330	50.031910	0.000000	0.000000	1.000000
51.261259	130.421794	55.061125	1.000000	0.000000	0.000000
51.261259	130.421794	55.061125	0.000000	1.000000	0.000000
51.261259	130.421794	55.061125	0.000000	0.000000	1.000000
78.717291	74.358936	5.525672	1.000000	0.000000	0.000000
78.717291	74.358936	5.525672	0.000000	1.000000	0.000000
78.717291	74.358936	5.525672	0.000000	0.000000	1.000000
71.911365	44.428023	34.844329	1.000000	0.000000	0.000000
71.911365	44.428023	34.844329	0.000000	1.000000	0.000000
71.911365	44.428023	34.844329	0.000000	0.000000	1.000000
69.815736	35.211927	43.871905	1.000000	0.000000	0.000000
69.815736	35.211927	43.871905	0.000000	1.000000	0.000000
69.815736	35.211927	43.871905	0.000000	0.000000	1.000000
68.344517	28.741839	50.209643	1.000000	0.000000	0.000000
68.344517	28.741839	50.209643	0.000000	1.000000	0.000000
68.344517	28.741839	50.209643	0.000000	0.000000	1.000000
67.172906	23.589361	55.256724	1.000000	0.000000	0.000000
67.172906	23.589361	55.256724	0.000000	1.000000	0.000000
67.172906	23.589361	55.256724	0.000000	0.000000	1.000000
84.740901	83.282416	5.545232	1.000000	0.000000	0.000000
84.740901	83.282416	5.545232	0.000000	1.000000	0.000000
84.740901	83.282416	5.545232	0.000000	0.000000	1.000000
109.895642	100.698583	34.967672	1.000000	0.000000	0.000000
109.895642	100.698583	34.967672	0.000000	1.000000	0.000000
109.895642	100.698583	34.967672	0.000000	0.000000	1.000000
117.641096	106.061235	44.027204	1.000000	0.000000	0.000000
117.641096	106.061235	44.027204	0.000000	1.000000	0.000000
117.641096	106.061235	44.027204	0.000000	0.000000	1.000000
123.078731	109.826042	50.387376	1.000000	0.000000	0.000000
123.078731	109.826042	50.387376	0.000000	1.000000	0.000000
123.078731	109.826042	50.387376	0.000000	0.000000	1.000000
127.409012	112.824161	55.452323	1.000000	0.000000	0.000000
127.409012	112.824161	55.452323	0.000000	1.000000	0.000000
127.409012	112.824161	55.452323	0.000000	0.000000	1.000000
74.305666	80.779521	5.564792	1.000000	0.000000	0.000000
74.305666	80.779521	5.564792	0.000000	1.000000	0.000000
74.305666	80.779521	5.564792	0.000000	0.000000	1.000000
44.092110	84.915583	35.091015	1.000000	0.000000	0.000000
44.092110	84.915583	35.091015	0.000000	1.000000	0.000000
44.092110	84.915583	35.091015	0.000000	0.000000	1.000000
34.788984	86.189127	44.182502	1.000000	0.000000	0.000000
34.788984	86.189127	44.182502	0.000000	1.000000	0.000000
34.788984	86.189127	44.182502	0.000000	0.000000	1.000000
28.257799	87.083209	50.565109	1.000000	0.000000	0.000000
28.257799	87.083209	50.565109	0.000000	1.000000	0.000000
28.257799	87.083209	50.565109	0.000000	0.000000	1.000000
23.056665	87.795214	55.647922	1.000000	0.000000	0.000000
23.056665	87.795214	55.647922	0.000000	1.000000	0.000000
23.056665	87.795214	55.647922	0.000000	0.000000	1.000000
83.660123	75.593356	5.584352	1.000000	0.000000	0.000000
83.660123	75.593356	5.584352	0.000000	1.000000	0.000000
83.660123	75.593356	5.584352	0.000000	0.000000	1.000000
103.080367	52.212152	35.214358	1.000000	0.000000	0.000000
103.080367	52.212152	35.214358	0.000000	1.000000	0.000000
103.080367	52.212152	35.214358	0.000000	0.000000	1.000000
109.060099	45.012791	44.337801	1.000000	0.000000	0.000000
109.060099	45.012791	44.337801	0.000000	1.000000	0.000000
109.060099	45.012791	44.337801	0.000000	0.000000	1.000000
113.258123	39.958537	50.742843	1.000000	0.000000	0.000000
113.258123	39.958537	50.742843	0.000000	1.000000	0.000000
113.258123	39.958537	50.742843	0.000000	0.000000	1.000000
116.601234	35.933563	55.843521	1.000000	0.000000	0.000000
116.601234	35.933563	55.843521	0.000000	1.000000	0.000000
116.601234	35.933563	55.843521	0.000000	0.000000	1.000000
80.276856	85.702589	5.603912	1.000000	0.000000	0.000000
80.276856	85.702589	5.603912	0.000000	1.000000	0.000000
80.276856	85.702589	5.603912	0.000000	0.000000	1.000000
81.745827	115.959948	35.337701	1.000000	0.000000	0.000000
81.745827	115.959948	35.337701	0.000000	1.000000	0.000000
81.745827	115.959948	35.337701	0.000000	0.000000	1.000000
82.198141	125.276561	44.493100	1.000000	0.000000	0.000000
82.198141	125.276561	44.493100	0.000000	1.000000	0.000000
82.198141	125.276561	44.493100	0.000000	0.000000	1.000000
82.515684	131.817216	50.920576	1.000000	0.000000	0.000000
82.515684	131.817216	50.920576	0.000000	1.000000	0.000000
82.515684	131.817216	50.920576	0.000000	0.000000	1.000000
82.768561	137.025890	56.039120	1.000000	0.000000	0.000000
82.768561	137.025890	56.039120	0.000000	1.000000	0.000000
82.768561	137.025890	56.039120	0.000000	0.000000	1.000000
75.957498	75.995660	5.623472	1.000000	0.000000	0.000000
75.957498	75.995660	5.623472	0.000000	1.000000	0.000000
75.957498	75.995660	5.623472	0.000000	0.000000	1.000000
54.508393	54.749035	35.461043	1.000000	0.000000	0.000000
54.508393	54.749035	35.461043	0.000000	1.000000	0.000000
54.508393	54.749035	35.461043	0.000000	0.000000	1.000000
47.903950	48.206938	44.648399	1.000000	0.000000	0.000000
47.903950	48.206938	44.648399	0.000000	1.000000	0.000000
47.903950	48.206938	44.648399	0.000000	0.000000	1.000000
43.267353	43.614110	51.098309	1.000000	0.000000	0.000000
43.267353	43.614110	51.098309	0.000000	1.000000	0.000000
43.267353	43.614110	51.098309	0.000000	0.000000	1.000000
39.574981	39.956595	56.234719	1.000000	0.000000	0.000000
39.574981	39.956595	56.234719	0.000000	1.000000	0.000000
39.574981	39.956595	56.234719	0.000000	0.000000	1.000000
85.666325	80.221248	5.643032	1.000000	0.000000	0.000000
85.666325	80.221248	5.643032	0.000000	1.000000	0.000000
85.666325	80.221248	5.643032	0.000000	0.000000	1.000000
115.731272	81.395170	35.584386	1.000000	0.000000	0.000000
115.731272	81.395170	35.584386	0.000000	1.000000	0.000000
115.731272	81.395170	35.584386	0.000000	0.000000	1.000000
124.988639	81.756635	44.803698	1.000000	0.000000	0.000000
124.988639	81.756635	44.803698	0.000000	1.000000	0.000000
124.988639	81.756635	44.803698	0.000000	0.000000	1.000000
131.487701	82.010399	51.276042	1.000000	0.000000	0.000000
131.487701	82.010399	51.276042	0.000000	1.000000	0.000000
131.487701	82.010399	51.276042	0.000000	0.000000	1.000000
136.663252	82.212485	56.430318	1.000000	0.000000	0.000000
136.663252	82.212485	56.430318	0.000000	1.000000	0.000000
136.663252	82.212485	56.430318	0.000000	0.000000	1.000000
75.687283	83.651784	5.662592	1.000000	0.000000	0.000000
75.687283	83.651784	5.662592	0.000000	1.000000	0.000000
75.687283	83.651784	5.662592	0.000000	0.000000	1.000000
52.804445	103.027781	35.707729	1.000000	0.000000	0.000000
52.804445	103.027781	35.707729	0.000000	1.000000	0.000000
52.804445	103.027781	35.707729	0.000000	0.000000	1.000000
45.758537	108.993889	44.958996	1.000000	0.000000	0.000000
45.758537	108.993889	44.958996	0.000000	1.000000	0.000000
45.758537	108.993889	44.958996	0.000000	0.000000	1.000000
40.812013	113.182348	51.453776	1.000000	0.000000	0.000000
40.812013	113.182348	51.453776	0.000000	1.000000	0.000000
40.812013	113.182348	51.453776	0.000000	0.000000	1.000000
36.872831	116.517842	56.625917	1.000000	0.000000	0.000000
36.872831	116.517842	56.625917	0.000000	1.000000	0.000000
36.872831	116.517842	56.625917	0.000000	0.000000	1.000000
80.710836	74.413600	5.682152	1.000000	0.000000	0.000000
80.710836	74.413600	5.682152	0.000000	1.000000	0.000000
80.710836	74.413600	5.682152	0.000000	0.000000	1.000000
84.482459	44.772728	35.831072	1.000000	0.000000	0.000000
84.482459	44.772728	35.831072	0.000000	1.000000	0.000000
84.482459	44.772728	35.831072	0.000000	0.000000	1.000000
85.643788	35.645938	45.114295	1.000000	0.000000	0.000000
85.643788	35.645938	45.114295	0.000000	1.000000	0.000000
85.643788	35.645938	45.114295	0.000000	0.000000	1.000000
86.459090	29.238548	51.631509	1.000000	0.000000	0.000000
86.459090	29.238548	51.631509	0.000000	1.000000	0.000000
86.459090	29.238548	51.631509	0.000000	0.000000	1.000000
87.108359	24.135999	56.821516	1.000000	0.000000	0.000000
87.108359	24.135999	56.821516	0.000000	1.000000	0.000000
87.108359	24.135999	56.821516	0.000000	0.000000	1.000000
83.237983	84.583225	5.701711	1.000000	0.000000	0.000000
83.237983	84.583225	5.701711	0.000000	1.000000	0.000000
83.237983	84.583225	5.701711	0.000000	0.000000	1.000000
100.418393	108.901352	35.954414	1.000000	0.000000	0.000000
100.418393	108.901352	35.954414	0.000000	1.000000	0.000000
100.418393	108.901352	35.954414	0.000000	0.000000	1.000000
105.708453	116.389202	45.269594	1.000000	0.000000	0.000000
105.708453	116.389202	45.269594	0.000000	1.000000	0.000000
105.708453	116.389202	45.269594	0.000000	0.000000	1.000000
109.422298	121.645989	51.809242	1.000000	0.000000	0.000000
109.422298	121.645989	51.809242	0.000000	1.000000	0.000000
109.422298	121.645989	51.809242	0.000000	0.000000	1.000000
112.379832	125.832250	57.017115	1.000000	0.000000	0.000000
112.379832	125.832250	57.017115	0.000000	1.000000	0.000000
112.379832	125.832250	57.017115	0.000000	0.000000	1.000000
74.535976	78.811936	5.721271	1.000000	0.000000	0.000000
74.535976	78.811936	5.721271	0.000000	1.000000	0.000000
74.535976	78.811936	5.721271	0.000000	0.000000	1.000000
45.544419	72.508190	36.077757	1.000000	0.000000	0.000000
45.544419	72.508190	36.077757	0.000000	1.000000	0.000000
45.544419	72.508190	36.077757	0.000000	0.000000	1.000000
36.617562	70.567188	45.424893	1.000000	0.000000	0.000000
36.617562	70.567188	45.424893	0.000000	1.000000	0.000000
36.617562	70.567188	45.424893	0.000000	0.000000	1.000000
30.350532	69.204524	51.986975	1.000000	0.000000	0.000000
30.350532	69.204524	51.986975	0.000000	1.000000	0.000000
30.350532	69.204524	51.986975	0.000000	0.000000	1.000000
25.359760	68.119361	57.212714	1.000000	0.000000	0.000000
25.359760	68.119361	57.212714	0.000000	1.000000	0.000000
25.359760	68.119361	57.212714	0.000000	0.000000	1.000000
84.814174	77.195256	5.740831	1.000000	0.000000	0.000000
84.814174	77.195256	5.740831	0.000000	1.000000	0.000000
84.814174	77.195256	5.740831	0.000000	0.000000	1.000000
110.357691	62.313570	36.201100	1.000000	0.000000	0.000000
110.357691	62.313570	36.201100	0.000000	1.000000	0.000000
110.357691	62.313570	36.201100	0.000000	0.000000	1.000000
118.222854	57.731316	45.580191	1.000000	0.000000	0.000000
118.222854	57.731316	45.580191	0.000000	1.000000	0.000000
118.222854	57.731316	45.580191	0.000000	0.000000	1.000000
123.744530	54.514380	52.164709	1.000000	0.000000	0.000000
123.744530	54.514380	52.164709	0.000000	1.000000	0.000000
123.744530	54.514380	52.164709	0.000000	0.000000	1.000000
128.141737	51.952562	57.408313	1.000000	0.000000	0.000000
128.141737	51.952562	57.408313	0.000000	1.000000	0.000000
128.141737	51.952562	57.408313	0.000000	0.000000	1.000000
78.350764	85.300747	5.760391	1.000000	0.000000	0.000000
78.350764	85.300747	5.760391	0.000000	1.000000	0.000000
78.350764	85.300747	5.760391	0.000000	0.000000	1.000000
69.600085	113.425970	36.324443	1.000000	0.000000	0.000000
69.600085	113.425970	36.324443	0.000000	1.000000	0.000000
69.600085	113.425970	36.324443	0.000000	0.000000	1.000000
66.905643	122.086072	45.735490	1.000000	0.000000	0.000000
66.905643	122.086072	45.735490	0.000000	1.000000	0.000000
66.905643	122.086072	45.735490	0.000000	0.000000	1.000000
65.014031	128.165829	52.342442	1.000000	0.000000	0.000000
65.014031	128.165829	52.342442	0.000000	1.000000	0.000000
65.014031	128.165829	52.342442	0.000000	0.000000	1.000000
63.507640	133.007465	57.603912	1.000000	0.000000	0.000000
63.507640	133.007465	57.603912	0.000000	1.000000	0.000000
63.507640	133.007465	57.603912	0.000000	0.000000	1.000000
77.644168	74.995780	5.779951	1.000000	0.000000	0.000000
77.644168	74.995780	5.779951	0.000000	1.000000	0.000000
77.644168	74.995780	5.779951	0.000000	0.000000	1.000000
65.144362	48.443895	36.447785	1.000000	0.000000	0.000000
65.144362	48.443895	36.447785	0.000000	1.000000	0.000000
65.144362	48.443895	36.447785	0.000000	0.000000	1.000000
61.295518	40.268242	45.890789	1.000000	0.000000	0.000000
61.295518	40.268242	45.890789	0.000000	1.000000	0.000000
61.295518	40.268242	45.890789	0.000000	0.000000	1.000000
58.593467	34.528590	52.520175	1.000000	0.000000	0.000000
58.593467	34.528590	52.520175	0.000000	1.000000	0.000000
58.593467	34.528590	52.520175	0.000000	0.000000	1.000000
56.441679	29.957797	57.799511	1.000000	0.000000	0.000000
56.441679	29.957797	57.799511	0.000000	1.000000	0.000000
56.441679	29.957797	57.799511	0.000000	0.000000	1.000000
85.098441	82.090831	5.799511	1.000000	0.000000	0.000000
85.098441	82.090831	5.799511	0.000000	1.000000	0.000000
85.098441	82.090831	5.799511	0.000000	0.000000	1.000000
112.150249	93.184571	36.571128	1.000000	0.000000	0.000000
112.150249	93.184571	36.571128	0.000000	1.000000	0.000000
112.150249	93.184571	36.571128	0.000000	0.000000	1.000000
120.479834	96.600470	46.046088	1.000000	0.000000	0.000000
120.479834	96.600470	46.046088	0.000000	1.000000	0.000000
120.479834	96.600470	46.046088	0.000000	0.000000	1.000000
126.327553	98.998575	52.697908	1.000000	0.000000	0.000000
126.327553	98.998575	52.697908	0.000000	1.000000	0.000000
126.327553	98.998575	52.697908	0.000000	0.000000	1.000000
130.984405	100.908315	57.995110	1.000000	0.000000	0.000000
130.984405	100.908315	57.995110	0.000000	1.000000	0.000000
130.984405	100.908315	57.995110	0.000000	0.000000	1.000000
74.847622	81.895101	5.819071	1.000000	0.000000	0.000000
74.847622	81.895101	5.819071	0.000000	1.000000	0.000000
74.847622	81.895101	5.819071	0.000000	0.000000	1.000000
47.509624	91.950318	36.694471	1.000000	0.000000	0.000000
47.509624	91.950318	36.694471	0.000000	1.000000	0.000000
47.509624	91.950318	36.694471	0.000000	0.000000	1.000000
39.091918	95.046443	46.201387	1.000000	0.000000	0.000000
39.091918	95.046443	46.201387	0.000000	1.000000	0.000000
39.091918	95.046443	46.201387	0.000000	0.000000	1.000000
33.182334	97.220052	52.875642	1.000000	0.000000	0.000000
33.182334	97.220052	52.875642	0.000000	1.000000	0.000000
33.182334	97.220052	52.875642	0.000000	0.000000	1.000000
28.476215	98.951015	58.190709	1.000000	0.000000	0.000000
28.476215	98.951015	58.190709	0.000000	1.000000	0.000000
28.476215	98.951015	58.190709	0.000000	0.000000	1.000000
82.509533	75.140717	5.838631	1.000000	0.000000	0.000000
82.509533	75.140717	5.838631	0.000000	1.000000	0.000000
82.509533	75.140717	5.838631	0.000000	0.000000	1.000000
95.824862	49.357853	36.817814	1.000000	0.000000	0.000000
95.824862	49.357853	36.817814	0.000000	1.000000	0.000000
95.824862	49.357853	36.817814	0.000000	0.000000	1.000000
99.924816	41.418992	46.356685	1.000000	0.000000	0.000000
99.924816	41.418992	46.356685	0.000000	1.000000	0.000000
99.924816	41.418992	46.356685	0.000000	0.000000	1.000000
102.803156	35.845577	53.053375	1.000000	0.000000	0.000000
102.803156	35.845577	53.053375	0.000000	1.000000	0.000000
102.803156	35.845577	53.053375	0.000000	0.000000	1.000000
105.095333	31.407168	58.386308	1.000000	0.000000	0.000000
105.095333	31.407168	58.386308	0.000000	1.000000	0.000000
105.095333	31.407168	58.386308	0.000000	0.000000	1.000000
81.426460	85.258024	5.858191	1.000000	0.000000	0.000000
81.426460	85.258024	5.858191	0.000000	1.000000	0.000000
81.426460	85.258024	5.858191	0.000000	0.000000	1.000000
88.995111	113.156565	36.941156	1.000000	0.000000	0.000000
88.995111	113.156565	36.941156	0.000000	1.000000	0.000000
88.995111	113.156565	36.941156	0.000000	0.000000	1.000000
91.325592	121.746869	46.511984	1.000000	0.000000	0.000000
91.325592	121.746869	46.511984	0.000000	1.000000	0.000000
91.325592	121.746869	46.511984	0.000000	0.000000	1.000000
92.961687	127.777624	53.231108	1.000000	0.000000	0.000000
92.961687	127.777624	53.231108	0.000000	1.000000	0.000000
92.961687	127.777624	53.231108	0.000000	0.000000	1.000000
94.264598	132.580238	58.581907	1.000000	0.000000	0.000000
94.264598	132.580238	58.581907	0.000000	1.000000	0.000000
94.264598	132.580238	58.581907	0.000000	0.000000	1.000000
75.414265	77.097745	5.877751	1.000000	0.000000	0.000000
75.414265	77.097745	5.877751	0.000000	1.000000	0.000000
75.414265	77.097745	5.877751	0.000000	0.000000	1.000000
51.082821	61.698674	37.064499	1.000000	0.000000	0.000000
51.082821	61.698674	37.064499	0.000000	1.000000	0.000000
51.082821	61.698674	37.064499	0.000000	0.000000	1.000000
43.590870	56.957111	46.667283	1.000000	0.000000	0.000000
43.590870	56.957111	46.667283	0.000000	1.000000	0.000000
43.590870	56.957111	46.667283	0.000000	0.000000	1.000000
38.331205	53.628334	53.408841	1.000000	0.000000	0.000000
38.331205	53.628334	53.408841	0.000000	1.000000	0.000000
38.331205	53.628334	53.408841	0.000000	0.000000	1.000000
34.142652	50.977450	58.777506	1.000000	0.000000	0.000000
34.142652	50.977450	58.777506	0.000000	1.000000	0.000000
34.142652	50.977450	58.777506	0.000000	0.000000	1.000000
85.320895	79.046165	5.897311	1.000000	0.000000	0.000000
85.320895	79.046165	5.897311	0.000000	1.000000	0.000000
85.320895	79.046165	5.897311	0.000000	0.000000	1.000000
113.553026	73.985212	37.187842	1.000000	0.000000	0.000000
113.553026	73.985212	37.187842	0.000000	1.000000	0.000000
113.553026	73.985212	37.187842	0.000000	0.000000	1.000000
122.246047	72.426882	46.822582	1.000000	0.000000	0.000000
122.246047	72.426882	46.822582	0.000000	1.000000	0.000000
122.246047	72.426882	46.822582	0.000000	0.000000	1.000000
128.348913	71.332869	53.586575	1.000000	0.000000	0.000000
128.348913	71.332869	53.586575	0.000000	1.000000	0.000000
128.348913	71.332869	53.586575	0.000000	0.000000	1.000000
133.208953	70.461647	58.973105	1.000000	0.000000	0.000000
133.208953	70.461647	58.973105	0.000000	1.000000	0.000000
133.208953	70.461647	58.973105	0.000000	0.000000	1.000000
76.733835	84.280515	5.916870	1.000000	0.000000	0.000000
76.733835	84.280515	5.916870	0.000000	1.000000	0.000000
76.733835	84.280515	5.916870	0.000000	0.000000	1.000000
59.403897	106.992496	37.311185	1.000000	0.000000	0.000000
59.403897	106.992496	37.311185	0.000000	1.000000	0.000000
59.403897	106.992496	37.311185	0.000000	0.000000	1.000000
54.067795	113.985795	46.977880	1.000000	0.000000	0.000000
54.067795	113.985795	46.977880	0.000000	1.000000	0.000000
54.067795	113.985795	46.977880	0.000000	0.000000	1.000000
50.321628	118.895385	53.764308	1.000000	0.000000	0.000000
50.321628	118.895385	53.764308	0.000000	1.000000	0.000000
50.321628	118.895385	53.764308	0.000000	0.000000	1.000000
47.338353	122.805155	59.168704	1.000000	0.000000	0.000000
47.338353	122.805155	59.168704	0.000000	1.000000	0.000000
47.338353	122.805155	59.168704	0.000000	0.000000	1.000000
79.518857	74.658905	5.936430	1.000000	0.000000	0.000000
79.518857	74.658905	5.936430	0.000000	1.000000	0.000000
79.518857	74.658905	5.936430	0.000000	0.000000	1.000000
76.965962	46.319596	37.434527	1.000000	0.000000	0.000000
76.965962	46.319596	37.434527	0.000000	1.000000	0.000000
76.965962	46.319596	37.434527	0.000000	0.000000	1.000000
76.179894	37.593574	47.133179	1.000000	0.000000	0.000000
76.179894	37.593574	47.133179	0.000000	1.000000	0.000000
76.179894	37.593574	47.133179	0.000000	0.000000	1.000000
75.628041	31.467539	53.942041	1.000000	0.000000	0.000000
75.628041	31.467539	53.942041	0.000000	1.000000	0.000000
75.628041	31.467539	53.942041	0.000000	0.000000	1.000000
75.188571	26.589049	59.364303	1.000000	0.000000	0.000000
75.188571	26.589049	59.364303	0.000000	1.000000	0.000000
75.188571	26.589049	59.364303	0.000000	0.000000	1.000000
83.946579	83.598707	5.955990	1.000000	0.000000	0.000000
83.946579	83.598707	5.955990	0.000000	1.000000	0.000000
83.946579	83.598707	5.955990	0.000000	0.000000	1.000000
104.886729	102.693081	37.557870	1.000000	0.000000	0.000000
104.886729	102.693081	37.557870	0.000000	1.000000	0.000000
104.886729	102.693081	37.557870	0.000000	0.000000	1.000000
111.334459	108.572474	47.288478	1.000000	0.000000	0.000000
111.334459	108.572474	47.288478	0.000000	1.000000	0.000000
111.334459	108.572474	47.288478	0.000000	0.000000	1.000000
115.861036	112.700056	54.119774	1.000000	0.000000	0.000000
115.861036	112.700056	54.119774	0.000000	1.000000	0.000000
115.861036	112.700056	54.119774	0.000000	0.000000	1.000000
119.465793	115.987070	59.559902	1.000000	0.000000	0.000000
119.465793	115.987070	59.559902	0.000000	1.000000	0.000000
119.465793	115.987070	59.559902	0.000000	0.000000	1.000000
74.680916	80.012251	5.975550	1.000000	0.000000	0.000000
74.680916	80.012251	5.975550	0.000000	1.000000	0.000000
74.680916	80.012251	5.975550	0.000000	0.000000	1.000000
46.458398	80.077254	37.681213	1.000000	0.000000	0.000000
46.458398	80.077254	37.681213	0.000000	1.000000	0.000000
46.458398	80.077254	37.681213	0.000000	0.000000	1.000000
37.768337	80.097269	47.443777	1.000000	0.000000	0.000000
37.768337	80.097269	47.443777	0.000000	1.000000	0.000000
37.768337	80.097269	47.443777	0.000000	0.000000	1.000000
31.667549	80.111320	54.297508	1.000000	0.000000	0.000000
31.667549	80.111320	54.297508	0.000000	1.000000	0.000000
31.667549	80.111320	54.297508	0.000000	0.000000	1.000000
26.809164	80.122510	59.755501	1.000000	0.000000	0.000000
26.809164	80.122510	59.755501	0.000000	1.000000	0.000000
26.809164	80.122510	59.755501	0.000000	0.000000	1.000000
83.897623	76.412913	5.995110	1.000000	0.000000	0.000000
83.897623	76.412913	5.995110	0.000000	1.000000	0.000000
83.897623	76.412913	5.995110	0.000000	0.000000	1.000000
104.578012	57.380192	37.804556	1.000000	0.000000	0.000000
104.578012	57.380192	37.804556	0.000000	1.000000	0.000000
104.578012	57.380192	37.804556	0.000000	0.000000	1.000000
110.945759	51.519783	47.599076	1.000000	0.000000	0.000000
110.945759	51.519783	47.599076	0.000000	1.000000	0.000000
110.945759	51.519783	47.599076	0.000000	0.000000	1.000000
115.416185	47.405529	54.475241	1.000000	0.000000	0.000000
115.416185	47.405529	54.475241	0.000000	1.000000	0.000000
115.416185	47.405529	54.475241	0.000000	0.000000	1.000000
118.976225	44.129128	59.951100	1.000000	0.000000	0.000000
118.976225	44.129128	59.951100	0.000000	1.000000	0.000000
118.976225	44.129128	59.951100	0.000000	0.000000	1.000000
79.550949	85.255673	6.014670	1.000000	0.000000	0.000000
79.550949	85.255673	6.014670	0.000000	1.000000	0.000000
79.550949	85.255673	6.014670	0.000000	0.000000	1.000000
77.168328	113.141741	37.927898	1.000000	0.000000	0.000000
77.168328	113.141741	37.927898	0.000000	1.000000	0.000000
77.168328	113.141741	37.927898	0.000000	0.000000	1.000000
76.434689	121.728204	47.754374	1.000000	0.000000	0.000000
76.434689	121.728204	47.754374	0.000000	1.000000	0.000000
76.434689	121.728204	47.754374	0.000000	0.000000	1.000000
75.919644	127.756263	54.652974	1.000000	0.000000	0.000000
75.919644	127.756263	54.652974	0.000000	1.000000	0.000000
75.919644	127.756263	54.652974	0.000000	0.000000	1.000000
75.509486	132.556730	60.146699	1.000000	0.000000	0.000000
75.509486	132.556730	60.146699	0.000000	1.000000	0.000000
75.509486	132.556730	60.146699	0.000000	0.000000	1.000000
76.794623	75.839036	6.034230	1.000000	0.000000	0.000000
76.794623	75.839036	6.034230	0.000000	1.000000	0.000000
76.794623	75.839036	6.034230	0.000000	0.000000	1.000000
59.787215	53.761380	38.051241	1.000000	0.000000	0.000000
59.787215	53.761380	38.051241	0.000000	1.000000	0.000000
59.787215	53.761380	38.051241	0.000000	0.000000	1.000000
54.550424	46.963398	47.909673	1.000000	0.000000	0.000000
54.550424	46.963398	47.909673	0.000000	1.000000	0.000000
54.550424	46.963398	47.909673	0.000000	0.000000	1.000000
50.873977	42.190929	54.830707	1.000000	0.000000	0.000000
50.873977	42.190929	54.830707	0.000000	1.000000	0.000000
50.873977	42.190929	54.830707	0.000000	0.000000	1.000000
47.946225	38.390355	60.342298	1.000000	0.000000	0.000000
47.946225	38.390355	60.342298	0.000000	1.000000	0.000000
47.946225	38.390355	60.342298	0.000000	0.000000	1.000000
85.152016	80.899087	6.053790	1.000000	0.000000	0.000000
85.152016	80.899087	6.053790	0.000000	1.000000	0.000000
85.152016	80.899087	6.053790	0.000000	0.000000	1.000000
112.488093	85.669549	38.174584	1.000000	0.000000	0.000000
112.488093	85.669549	38.174584	0.000000	1.000000	0.000000
112.488093	85.669549	38.174584	0.000000	0.000000	1.000000
120.905207	87.138433	48.064972	1.000000	0.000000	0.000000
120.905207	87.138433	48.064972	0.000000	1.000000	0.000000
120.905207	87.138433	48.064972	0.000000	0.000000	1.000000
126.814376	88.169652	55.008441	1.000000	0.000000	0.000000
126.814376	88.169652	55.008441	0.000000	1.000000	0.000000
126.814376	88.169652	55.008441	0.000000	0.000000	1.000000
131.520164	88.990866	60.537897	1.000000	0.000000	0.000000
131.520164	88.990866	60.537897	0.000000	1.000000	0.000000
131.520164	88.990866	60.537897	0.000000	0.000000	1.000000
75.612887	82.804936	6.073350	1.000000	0.000000	0.000000
75.612887	82.804936	6.073350	0.000000	1.000000	0.000000
75.612887	82.804936	6.073350	0.000000	0.000000	1.000000
52.335312	97.687642	38.297927	1.000000	0.000000	0.000000
52.335312	97.687642	38.297927	0.000000	1.000000	0.000000
52.335312	97.687642	38.297927	0.000000	0.000000	1.000000
45.167860	102.270211	48.220271	1.000000	0.000000	0.000000
45.167860	102.270211	48.220271	0.000000	1.000000	0.000000
45.167860	102.270211	48.220271	0.000000	0.000000	1.000000
40.136007	105.487367	55.186174	1.000000	0.000000	0.000000
40.136007	105.487367	55.186174	0.000000	1.000000	0.000000
40.136007	105.487367	55.186174	0.000000	0.000000	1.000000
36.128873	108.049361	60.733496	1.000000	0.000000	0.000000
36.128873	108.049361	60.733496	0.000000	1.000000	0.000000
36.128873	108.049361	60.733496	0.000000	0.000000	1.000000
81.334319	74.990405	6.092910	1.000000	0.000000	0.000000
81.334319	74.990405	6.092910	0.000000	1.000000	0.000000
81.334319	74.990405	6.092910	0.000000	0.000000	1.000000
88.414081	48.410000	38.421269	1.000000	0.000000	0.000000
88.414081	48.410000	38.421269	0.000000	1.000000	0.000000
88.414081	48.410000	38.421269	0.000000	0.000000	1.000000
90.594027	40.225566	48.375569	1.000000	0.000000	0.000000
90.594027	40.225566	48.375569	0.000000	1.000000	0.000000
90.594027	40.225566	48.375569	0.000000	0.000000	1.000000
92.124440	34.479749	55.363907	1.000000	0.000000	0.000000
92.124440	34.479749	55.363907	0.000000	1.000000	0.000000
92.124440	34.479749	55.363907	0.000000	0.000000	1.000000
93.343191	29.904046	60.929095	1.000000	0.000000	0.000000
93.343191	29.904046	60.929095	0.000000	1.000000	0.000000
93.343191	29.904046	60.929095	0.000000	0.000000	1.000000
82.389364	84.574785	6.112469	1.000000	0.000000	0.000000
82.389364	84.574785	6.112469	0.000000	1.000000	0.000000
82.389364	84.574785	6.112469	0.000000	0.000000	1.000000
95.067090	108.848128	38.544612	1.000000	0.000000	0.000000
95.067090	108.848128	38.544612	0.000000	1.000000	0.000000
95.067090	108.848128	38.544612	0.000000	0.000000	1.000000
98.970717	116.322190	48.530868	1.000000	0.000000	0.000000
98.970717	116.322190	48.530868	0.000000	1.000000	0.000000
98.970717	116.322190	48.530868	0.000000	0.000000	1.000000
101.711228	121.569295	55.541640	1.000000	0.000000	0.000000
101.711228	121.569295	55.541640	0.000000	1.000000	0.000000
101.711228	121.569295	55.541640	0.000000	0.000000	1.000000
103.893644	125.747847	61.124694	1.000000	0.000000	0.000000
103.893644	125.747847	61.124694	0.000000	1.000000	0.000000
103.893644	125.747847	61.124694	0.000000	0.000000	1.000000
75.169796	78.248616	6.132029	1.000000	0.000000	0.000000
75.169796	78.248616	6.132029	0.000000	1.000000	0.000000
75.169796	78.248616	6.132029	0.000000	0.000000	1.000000
49.541225	68.955947	38.667955	1.000000	0.000000	0.000000
49.541225	68.955947	38.667955	0.000000	1.000000	0.000000
49.541225	68.955947	38.667955	0.000000	0.000000	1.000000
41.649872	66.094620	48.686167	1.000000	0.000000	0.000000
41.649872	66.094620	48.686167	0.000000	1.000000	0.000000
41.649872	66.094620	48.686167	0.000000	0.000000	1.000000
36.109811	64.085848	55.719374	1.000000	0.000000	0.000000
36.109811	64.085848	55.719374	0.000000	1.000000	0.000000
36.109811	64.085848	55.719374	0.000000	0.000000	1.000000
31.697962	62.486155	61.320293	1.000000	0.000000	0.000000
31.697962	62.486155	61.320293	0.000000	1.000000	0.000000
31.697962	62.486155	61.320293	0.000000	0.000000	1.000000
84.723044	78.037652	6.151589	1.000000	0.000000	0.000000
84.723044	78.037652	6.151589	0.000000	1.000000	0.000000
84.723044	78.037652	6.151589	0.000000	0.000000	1.000000
109.783034	67.625635	38.791298	1.000000	0.000000	0.000000
109.783034	67.625635	38.791298	0.000000	1.000000	0.000000
109.783034	67.625635	38.791298	0.000000	0.000000	1.000000
117.499314	64.419646	48.841466	1.000000	0.000000	0.000000
117.499314	64.419646	48.841466	0.000000	1.000000	0.000000
117.499314	64.419646	48.841466	0.000000	0.000000	1.000000
122.916467	62.168907	55.897107	1.000000	0.000000	0.000000
122.916467	62.168907	55.897107	0.000000	1.000000	0.000000
122.916467	62.168907	55.897107	0.000000	0.000000	1.000000
127.230437	60.376523	61.515892	1.000000	0.000000	0.000000
127.230437	60.376523	61.515892	0.000000	1.000000	0.000000
127.230437	60.376523	61.515892	0.000000	0.000000	1.000000
77.852883	84.615929	6.171149	1.000000	0.000000	0.000000
77.852883	84.615929	6.171149	0.000000	1.000000	0.000000
77.852883	84.615929	6.171149	0.000000	0.000000	1.000000
66.460495	109.107583	38.914641	1.000000	0.000000	0.000000
66.460495	109.107583	38.914641	0.000000	1.000000	0.000000
66.460495	109.107583	38.914641	0.000000	0.000000	1.000000
62.952639	116.648865	48.996765	1.000000	0.000000	0.000000
62.952639	116.648865	48.996765	0.000000	1.000000	0.000000
62.952639	116.648865	48.996765	0.000000	0.000000	1.000000
60.489976	121.943162	56.074840	1.000000	0.000000	0.000000
60.489976	121.943162	56.074840	0.000000	1.000000	0.000000
60.489976	121.943162	56.074840	0.000000	0.000000	1.000000
58.528826	126.159295	61.711491	1.000000	0.000000	0.000000
58.528826	126.159295	61.711491	0.000000	1.000000	0.000000
58.528826	126.159295	61.711491	0.000000	0.000000	1.000000
78.472378	75.168696	6.190709	1.000000	0.000000	0.000000
78.472378	75.168696	6.190709	0.000000	1.000000	0.000000
78.472378	75.168696	6.190709	0.000000	0.000000	1.000000
70.366973	49.534290	39.037983	1.000000	0.000000	0.000000
70.366973	49.534290	39.037983	0.000000	1.000000	0.000000
70.366973	49.534290	39.037983	0.000000	0.000000	1.000000
67.871219	41.641141	49.152063	1.000000	0.000000	0.000000
67.871219	41.641141	49.152063	0.000000	1.000000	0.000000
67.871219	41.641141	49.152063	0.000000	0.000000	1.000000
66.119095	36.099818	56.252573	1.000000	0.000000	0.000000
66.119095	36.099818	56.252573	0.000000	1.000000	0.000000
66.119095	36.099818	56.252573	0.000000	0.000000	1.000000
64.723784	31.686965	61.907090	1.000000	0.000000	0.000000
64.723784	31.686965	61.907090	0.000000	1.000000	0.000000
64.723784	31.686965	61.907090	0.000000	0.000000	1.000000
84.369134	82.518577	6.210269	1.000000	0.000000	0.000000
84.369134	82.518577	6.210269	0.000000	1.000000	0.000000
84.369134	82.518577	6.210269	0.000000	0.000000	1.000000
107.551313	95.881893	39.161326	1.000000	0.000000	0.000000
107.551313	95.881893	39.161326	0.000000	1.000000	0.000000
107.551313	95.881893	39.161326	0.000000	0.000000	1.000000
114.689391	99.996623	49.307362	1.000000	0.000000	0.000000
114.689391	99.996623	49.307362	0.000000	1.000000	0.000000
114.689391	99.996623	49.307362	0.000000	0.000000	1.000000
119.700623	102.885336	56.430307	1.000000	0.000000	0.000000
119.700623	102.885336	56.430307	0.000000	1.000000	0.000000
119.700623	102.885336	56.430307	0.000000	0.000000	1.000000
123.691335	105.185774	62.102689	1.000000	0.000000	0.000000
123.691335	105.185774	62.102689	0.000000	1.000000	0.000000
123.691335	105.185774	62.102689	0.000000	0.000000	1.000000
75.100669	81.088940	6.229829	1.000000	0.000000	0.000000
75.100669	81.088940	6.229829	0.000000	1.000000	0.000000
75.100669	81.088940	6.229829	0.000000	0.000000	1.000000
49.105317	86.866744	39.284669	1.000000	0.000000	0.000000
49.105317	86.866744	39.284669	0.000000	1.000000	0.000000
49.105317	86.866744	39.284669	0.000000	0.000000	1.000000
41.101028	88.645801	49.462661	1.000000	0.000000	0.000000
41.101028	88.645801	49.462661	0.000000	1.000000	0.000000
41.101028	88.645801	49.462661	0.000000	0.000000	1.000000
35.481680	89.894774	56.608040	1.000000	0.000000	0.000000
35.481680	89.894774	56.608040	0.000000	1.000000	0.000000
35.481680	89.894774	56.608040	0.000000	0.000000	1.000000
31.006692	90.889398	62.298289	1.000000	0.000000	0.000000
31.006692	90.889398	62.298289	0.000000	1.000000	0.000000
31.006692	90.889398	62.298289	0.000000	0.000000	1.000000
82.863072	75.907573	6.249389	1.000000	0.000000	0.000000
82.863072	75.907573	6.249389	0.000000	1.000000	0.000000
82.863072	75.907573	6.249389	0.000000	0.000000	1.000000
98.054242	54.193571	39.408012	1.000000	0.000000	0.000000
98.054242	54.193571	39.408012	0.000000	1.000000	0.000000
98.054242	54.193571	39.408012	0.000000	0.000000	1.000000
102.731791	47.507562	49.617960	1.000000	0.000000	0.000000
102.731791	47.507562	49.617960	0.000000	1.000000	0.000000
102.731791	47.507562	49.617960	0.000000	0.000000	1.000000
106.015626	42.813703	56.785773	1.000000	0.000000	0.000000
106.015626	42.813703	56.785773	0.000000	1.000000	0.000000
106.015626	42.813703	56.785773	0.000000	0.000000	1.000000
108.630721	39.075731	62.493888	1.000000	0.000000	0.000000
108.630721	39.075731	62.493888	0.000000	1.000000	0.000000
108.630721	39.075731	62.493888	0.000000	0.000000	1.000000
80.650040	84.927244	6.268949	1.000000	0.000000	0.000000
80.650040	84.927244	6.268949	0.000000	1.000000	0.000000
80.650040	84.927244	6.268949	0.000000	0.000000	1.000000
84.099089	111.070699	39.531354	1.000000	0.000000	0.000000
84.099089	111.070699	39.531354	0.000000	1.000000	0.000000
84.099089	111.070699	39.531354	0.000000	0.000000	1.000000
85.161093	119.120590	49.773258	1.000000	0.000000	0.000000
85.161093	119.120590	49.773258	0.000000	1.000000	0.000000
85.161093	119.120590	49.773258	0.000000	0.000000	1.000000
85.906665	124.771953	56.963506	1.000000	0.000000	0.000000
85.906665	124.771953	56.963506	0.000000	1.000000	0.000000
85.906665	124.771953	56.963506	0.000000	0.000000	1.000000
86.500404	129.272437	62.689487	1.000000	0.000000	0.000000
86.500404	129.272437	62.689487	0.000000	1.000000	0.000000
86.500404	129.272437	62.689487	0.000000	0.000000	1.000000
76.211354	76.821821	6.288509	1.000000	0.000000	0.000000
76.211354	76.821821	6.288509	0.000000	1.000000	0.000000
76.211354	76.821821	6.288509	0.000000	0.000000	1.000000
56.109184	59.958724	39.654697	1.000000	0.000000	0.000000
56.109184	59.958724	39.654697	0.000000	1.000000	0.000000
56.109184	59.958724	39.654697	0.000000	0.000000	1.000000
49.919478	54.766369	49.928557	1.000000	0.000000	0.000000
49.919478	54.766369	49.928557	0.000000	1.000000	0.000000
49.919478	54.766369	49.928557	0.000000	0.000000	1.000000
45.574044	51.121117	57.141240	1.000000	0.000000	0.000000
45.574044	51.121117	57.141240	0.000000	1.000000	0.000000
45.574044	51.121117	57.141240	0.000000	0.000000	1.000000
42.113542	48.218208	62.885086	1.000000	0.000000	0.000000
42.113542	48.218208	62.885086	0.000000	1.000000	0.000000
42.113542	48.218208	62.885086	0.000000	0.000000	1.000000
84.915507	79.785386	6.308068	1.000000	0.000000	0.000000
84.915507	79.785386	6.308068	0.000000	1.000000	0.000000
84.915507	79.785386	6.308068	0.000000	0.000000	1.000000
110.996691	78.646668	39.778040	1.000000	0.000000	0.000000
110.996691	78.646668	39.778040	0.000000	1.000000	0.000000
110.996691	78.646668	39.778040	0.000000	0.000000	1.000000
119.027409	78.296043	50.083856	1.000000	0.000000	0.000000
119.027409	78.296043	50.083856	0.000000	1.000000	0.000000
119.027409	78.296043	50.083856	0.000000	0.000000	1.000000
124.665311	78.049889	57.318973	1.000000	0.000000	0.000000
124.665311	78.049889	57.318973	0.000000	1.000000	0.000000
124.665311	78.049889	57.318973	0.000000	0.000000	1.000000
129.155074	77.853864	63.080685	1.000000	0.000000	0.000000
129.155074	77.853864	63.080685	0.000000	1.000000	0.000000
129.155074	77.853864	63.080685	0.000000	0.000000	1.000000
76.538235	83.460824	6.327628	1.000000	0.000000	0.000000
76.538235	83.460824	6.327628	0.000000	1.000000	0.000000
76.538235	83.460824	6.327628	0.000000	0.000000	1.000000
58.170461	101.823605	39.901383	1.000000	0.000000	0.000000
58.170461	101.823605	39.901383	0.000000	1.000000	0.000000
58.170461	101.823605	39.901383	0.000000	0.000000	1.000000
52.514798	107.477731	50.239155	1.000000	0.000000	0.000000
52.514798	107.477731	50.239155	0.000000	1.000000	0.000000
52.514798	107.477731	50.239155	0.000000	0.000000	1.000000
48.544284	111.447166	57.496706	1.000000	0.000000	0.000000
48.544284	111.447166	57.496706	0.000000	1.000000	0.000000
48.544284	111.447166	57.496706	0.000000	0.000000	1.000000
45.382350	114.608240	63.276284	1.000000	0.000000	0.000000
45.382350	114.608240	63.276284	0.000000	1.000000	0.000000
45.382350	114.608240	63.276284	0.000000	0.000000	1.000000
80.213730	75.135072	6.347188	1.000000	0.000000	0.000000
80.213730	75.135072	6.347188	0.000000	1.000000	0.000000
80.213730	75.135072	6.347188	0.000000	0.000000	1.000000
81.347762	49.322260	40.024725	1.000000	0.000000	0.000000
81.347762	49.322260	40.024725	0.000000	1.000000	0.000000
81.347762	49.322260	40.024725	0.000000	0.000000	1.000000
81.696944	41.374177	50.394454	1.000000	0.000000	0.000000
81.696944	41.374177	50.394454	0.000000	1.000000	0.000000
81.696944	41.374177	50.394454	0.000000	0.000000	1.000000
81.942085	35.794289	57.674439	1.000000	0.000000	0.000000
81.942085	35.794289	57.674439	0.000000	1.000000	0.000000
81.942085	35.794289	57.674439	0.000000	0.000000	1.000000
82.137304	31.350724	63.471883	1.000000	0.000000	0.000000
82.137304	31.350724	63.471883	0.000000	1.000000	0.000000
82.137304	31.350724	63.471883	0.000000	0.000000	1.000000
83.112165	83.712000	6.366748	1.000000	0.000000	0.000000
83.112165	83.712000	6.366748	0.000000	1.000000	0.000000
83.112165	83.712000	6.366748	0.000000	0.000000	1.000000
99.624996	103.407498	40.148068	1.000000	0.000000	0.000000
99.624996	103.407498	40.148068	0.000000	1.000000	0.000000
99.624996	103.407498	40.148068	0.000000	0.000000	1.000000
104.709500	109.471985	50.549752	1.000000	0.000000	0.000000
104.709500	109.471985	50.549752	0.000000	1.000000	0.000000
104.709500	109.471985	50.549752	0.000000	0.000000	1.000000
108.279036	113.729509	57.852173	1.000000	0.000000	0.000000
108.279036	113.729509	57.852173	0.000000	1.000000	0.000000
108.279036	113.729509	57.852173	0.000000	0.000000	1.000000
111.121649	117.120004	63.667482	1.000000	0.000000	0.000000
111.121649	117.120004	63.667482	0.000000	1.000000	0.000000
111.121649	117.120004	63.667482	0.000000	0.000000	1.000000
75.223360	79.368507	6.386308	1.000000	0.000000	0.000000
75.223360	79.368507	6.386308	0.000000	1.000000	0.000000
75.223360	79.368507	6.386308	0.000000	0.000000	1.000000
49.878995	76.017871	40.271411	1.000000	0.000000	0.000000
49.878995	76.017871	40.271411	0.000000	1.000000	0.000000
49.878995	76.017871	40.271411	0.000000	0.000000	1.000000
42.075153	74.986169	50.705051	1.000000	0.000000	0.000000
42.075153	74.986169	50.705051	0.000000	1.000000	0.000000
42.075153	74.986169	50.705051	0.000000	0.000000	1.000000
36.596527	74.261870	58.029906	1.000000	0.000000	0.000000
36.596527	74.261870	58.029906	0.000000	1.000000	0.000000
36.596527	74.261870	58.029906	0.000000	0.000000	1.000000
32.233604	73.685073	63.863081	1.000000	0.000000	0.000000
32.233604	73.685073	63.863081	0.000000	1.000000	0.000000
32.233604	73.685073	63.863081	0.000000	0.000000	1.000000
83.927375	77.253988	6.405868	1.000000	0.000000	0.000000
83.927375	77.253988	6.405868	0.000000	1.000000	0.000000
83.927375	77.253988	6.405868	0.000000	0.000000	1.000000
104.765630	62.683930	40.394754	1.000000	0.000000	0.000000
104.765630	62.683930	40.394754	0.000000	1.000000	0.000000
104.765630	62.683930	40.394754	0.000000	0.000000	1.000000
111.181985	58.197629	50.860350	1.000000	0.000000	0.000000
111.181985	58.197629	50.860350	0.000000	1.000000	0.000000
111.181985	58.197629	50.860350	0.000000	0.000000	1.000000
115.686536	55.048057	58.207639	1.000000	0.000000	0.000000
115.686536	55.048057	58.207639	0.000000	1.000000	0.000000
115.686536	55.048057	58.207639	0.000000	0.000000	1.000000
119.273752	52.539884	64.058680	1.000000	0.000000	0.000000
119.273752	52.539884	64.058680	0.000000	1.000000	0.000000
119.273752	52.539884	64.058680	0.000000	0.000000	1.000000
78.964684	84.652096	6.425428	1.000000	0.000000	0.000000
78.964684	84.652096	6.425428	0.000000	1.000000	0.000000
78.964684	84.652096	6.425428	0.000000	0.000000	1.000000
73.471403	109.335646	40.518096	1.000000	0.000000	0.000000
73.471403	109.335646	40.518096	0.000000	1.000000	0.000000
73.471403	109.335646	40.518096	0.000000	0.000000	1.000000
71.779954	116.936015	51.015649	1.000000	0.000000	0.000000
71.779954	116.936015	51.015649	0.000000	1.000000	0.000000
71.779954	116.936015	51.015649	0.000000	0.000000	1.000000
70.592486	122.271793	58.385372	1.000000	0.000000	0.000000
70.592486	122.271793	58.385372	0.000000	1.000000	0.000000
70.592486	122.271793	58.385372	0.000000	0.000000	1.000000
69.646841	126.520960	64.254279	1.000000	0.000000	0.000000
69.646841	126.520960	64.254279	0.000000	1.000000	0.000000
69.646841	126.520960	64.254279	0.000000	0.000000	1.000000
77.634184	75.893292	6.444988	1.000000	0.000000	0.000000
77.634184	75.893292	6.444988	0.000000	1.000000	0.000000
77.634184	75.893292	6.444988	0.000000	0.000000	1.000000
65.081407	54.103517	40.641439	1.000000	0.000000	0.000000
65.081407	54.103517	40.641439	0.000000	1.000000	0.000000
65.081407	54.103517	40.641439	0.000000	0.000000	1.000000
61.216253	47.394177	51.170947	1.000000	0.000000	0.000000
61.216253	47.394177	51.170947	0.000000	1.000000	0.000000
61.216253	47.394177	51.170947	0.000000	0.000000	1.000000
58.502752	42.683937	58.563106	1.000000	0.000000	0.000000
58.502752	42.683937	58.563106	0.000000	1.000000	0.000000
58.502752	42.683937	58.563106	0.000000	0.000000	1.000000
56.341845	38.932921	64.449878	1.000000	0.000000	0.000000
56.341845	38.932921	64.449878	0.000000	1.000000	0.000000
56.341845	38.932921	64.449878	0.000000	0.000000	1.000000
84.493051	81.422012	6.464548	1.000000	0.000000	0.000000
84.493051	81.422012	6.464548	0.000000	1.000000	0.000000
84.493051	81.422012	6.464548	0.000000	0.000000	1.000000
108.332722	88.967065	40.764782	1.000000	0.000000	0.000000
108.332722	88.967065	40.764782	0.000000	1.000000	0.000000
108.332722	88.967065	40.764782	0.000000	0.000000	1.000000
115.673250	91.290280	51.326246	1.000000	0.000000	0.000000
115.673250	91.290280	51.326246	0.000000	1.000000	0.000000
115.673250	91.290280	51.326246	0.000000	0.000000	1.000000
120.826610	92.921275	58.740839	1.000000	0.000000	0.000000
120.826610	92.921275	58.740839	0.000000	1.000000	0.000000
120.826610	92.921275	58.740839	0.000000	0.000000	1.000000
124.930507	94.220123	64.645477	1.000000	0.000000	0.000000
124.930507	94.220123	64.645477	0.000000	1.000000	0.000000
124.930507	94.220123	64.645477	0.000000	0.000000	1.000000
75.750846	81.975105	6.484108	1.000000	0.000000	0.000000
75.750846	81.975105	6.484108	0.000000	1.000000	0.000000
75.750846	81.975105	6.484108	0.000000	0.000000	1.000000
53.205267	92.454814	40.888125	1.000000	0.000000	0.000000
53.205267	92.454814	40.888125	0.000000	1.000000	0.000000
53.205267	92.454814	40.888125	0.000000	0.000000	1.000000
46.263206	95.681645	51.481545	1.000000	0.000000	0.000000
46.263206	95.681645	51.481545	0.000000	1.000000	0.000000
46.263206	95.681645	51.481545	0.000000	0.000000	1.000000
41.389587	97.947017	58.918572	1.000000	0.000000	0.000000
41.389587	97.947017	58.918572	0.000000	1.000000	0.000000
41.389587	97.947017	58.918572	0.000000	0.000000	1.000000
37.508462	99.751054	64.841076	1.000000	0.000000	0.000000
37.508462	99.751054	64.841076	0.000000	1.000000	0.000000
37.508462	99.751054	64.841076	0.000000	0.000000	1.000000
81.788591	75.698460	6.503667	1.000000	0.000000	0.000000
81.788591	75.698460	6.503667	0.000000	1.000000	0.000000
81.788591	75.698460	6.503667	0.000000	0.000000	1.000000
91.278676	52.874922	41.011467	1.000000	0.000000	0.000000
91.278676	52.874922	41.011467	0.000000	1.000000	0.000000
91.278676	52.874922	41.011467	0.000000	0.000000	1.000000
94.200790	45.847274	51.636844	1.000000	0.000000	0.000000
94.200790	45.847274	51.636844	0.000000	1.000000	0.000000
94.200790	45.847274	51.636844	0.000000	0.000000	1.000000
96.252237	40.913569	59.096305	1.000000	0.000000	0.000000
96.252237	40.913569	59.096305	0.000000	1.000000	0.000000
96.252237	40.913569	59.096305	0.000000	0.000000	1.000000
97.885914	36.984596	65.036675	1.000000	0.000000	0.000000
97.885914	36.984596	65.036675	0.000000	1.000000	0.000000
97.885914	36.984596	65.036675	0.000000	0.000000	1.000000
81.577454	84.354210	6.523227	1.000000	0.000000	0.000000
81.577454	84.354210	6.523227	0.000000	1.000000	0.000000
81.577454	84.354210	6.523227	0.000000	0.000000	1.000000
89.947268	107.457205	41.134810	1.000000	0.000000	0.000000
89.947268	107.457205	41.134810	0.000000	1.000000	0.000000
89.947268	107.457205	41.134810	0.000000	0.000000	1.000000
92.524436	114.570901	51.792143	1.000000	0.000000	0.000000
92.524436	114.570901	51.792143	0.000000	1.000000	0.000000
92.524436	114.570901	51.792143	0.000000	0.000000	1.000000
94.333717	119.565015	59.274039	1.000000	0.000000	0.000000
94.333717	119.565015	59.274039	0.000000	1.000000	0.000000
94.333717	119.565015	59.274039	0.000000	0.000000	1.000000
95.774545	123.542097	65.232274	1.000000	0.000000	0.000000
95.774545	123.542097	65.232274	0.000000	1.000000	0.000000
95.774545	123.542097	65.232274	0.000000	0.000000	1.000000
75.920135	77.867715	6.542787	1.000000	0.000000	0.000000
75.920135	77.867715	6.542787	0.000000	1.000000	0.000000
75.920135	77.867715	6.542787	0.000000	0.000000	1.000000
54.272786	66.554030	41.258153	1.000000	0.000000	0.000000
54.272786	66.554030	41.258153	0.000000	1.000000	0.000000
54.272786	66.554030	41.258153	0.000000	0.000000	1.000000
47.607301	63.070406	51.947441	1.000000	0.000000	0.000000
47.607301	63.070406	51.947441	0.000000	1.000000	0.000000
47.607301	63.070406	51.947441	0.000000	0.000000	1.000000
42.927850	60.624756	59.451772	1.000000	0.000000	0.000000
42.927850	60.624756	59.451772	0.000000	1.000000	0.000000
42.927850	60.624756	59.451772	0.000000	0.000000	1.000000
39.201352	58.677154	65.427873	1.000000	0.000000	0.000000
39.201352	58.677154	65.427873	0.000000	1.000000	0.000000
39.201352	58.677154	65.427873	0.000000	0.000000	1.000000
84.421716	78.823552	6.562347	1.000000	0.000000	0.000000
84.421716	78.823552	6.562347	0.000000	1.000000	0.000000
84.421716	78.823552	6.562347	0.000000	0.000000	1.000000
107.882890	72.581435	41.381496	1.000000	0.000000	0.000000
107.882890	72.581435	41.381496	0.000000	1.000000	0.000000
107.882890	72.581435	41.381496	0.000000	0.000000	1.000000
115.106874	70.659411	52.102740	1.000000	0.000000	0.000000
115.106874	70.659411	52.102740	0.000000	1.000000	0.000000
115.106874	70.659411	52.102740	0.000000	0.000000	1.000000
120.178415	69.310069	59.629505	1.000000	0.000000	0.000000
120.178415	69.310069	59.629505	0.000000	1.000000	0.000000
120.178415	69.310069	59.629505	0.000000	0.000000	1.000000
124.217155	68.235515	65.623472	1.000000	0.000000	0.000000
124.217155	68.235515	65.623472	0.000000	1.000000	0.000000
124.217155	68.235515	65.623472	0.000000	0.000000	1.000000
77.549431	83.830563	6.581907	1.000000	0.000000	0.000000
77.549431	83.830563	6.581907	0.000000	1.000000	0.000000
77.549431	83.830563	6.581907	0.000000	0.000000	1.000000
64.546962	104.155141	41.504838	1.000000	0.000000	0.000000
64.546962	104.155141	41.504838	0.000000	1.000000	0.000000
64.546962	104.155141	41.504838	0.000000	0.000000	1.000000
60.543342	110.413329	52.258039	1.000000	0.000000	0.000000
60.543342	110.413329	52.258039	0.000000	1.000000	0.000000
60.543342	110.413329	52.258039	0.000000	0.000000	1.000000
57.732632	114.806840	59.807238	1.000000	0.000000	0.000000
57.732632	114.806840	59.807238	0.000000	1.000000	0.000000
57.732632	114.806840	59.807238	0.000000	0.000000	1.000000
55.494313	118.305629	65.819071	1.000000	0.000000	0.000000
55.494313	118.305629	65.819071	0.000000	1.000000	0.000000
55.494313	118.305629	65.819071	0.000000	0.000000	1.000000
79.224347	75.548147	6.601467	1.000000	0.000000	0.000000
79.224347	75.548147	6.601467	0.000000	1.000000	0.000000
79.224347	75.548147	6.601467	0.000000	0.000000	1.000000
75.108811	51.927066	41.628181	1.000000	0.000000	0.000000
75.108811	51.927066	41.628181	0.000000	1.000000	0.000000
75.108811	51.927066	41.628181	0.000000	0.000000	1.000000
73.841587	44.653844	52.413338	1.000000	0.000000	0.000000
73.841587	44.653844	52.413338	0.000000	1.000000	0.000000
73.841587	44.653844	52.413338	0.000000	0.000000	1.000000
72.951942	39.547737	59.984972	1.000000	0.000000	0.000000
72.951942	39.547737	59.984972	0.000000	1.000000	0.000000
72.951942	39.547737	59.984972	0.000000	0.000000	1.000000
72.243471	35.481469	66.014670	1.000000	0.000000	0.000000
72.243471	35.481469	66.014670	0.000000	1.000000	0.000000
72.243471	35.481469	66.014670	0.000000	0.000000	1.000000
83.556389	82.741186	6.621027	1.000000	0.000000	0.000000
83.556389	82.741186	6.621027	0.000000	1.000000	0.000000
83.556389	82.741186	6.621027	0.000000	0.000000	1.000000
102.426226	97.285644	41.751524	1.000000	0.000000	0.000000
102.426226	97.285644	41.751524	0.000000	1.000000	0.000000
102.426226	97.285644	41.751524	0.000000	0.000000	1.000000
108.236481	101.764061	52.568636	1.000000	0.000000	0.000000
108.236481	101.764061	52.568636	0.000000	1.000000	0.000000
108.236481	101.764061	52.568636	0.000000	0.000000	1.000000
112.315524	104.908099	60.162705	1.000000	0.000000	0.000000
112.315524	104.908099	60.162705	0.000000	1.000000	0.000000
112.315524	104.908099	60.162705	0.000000	0.000000	1.000000
115.563886	107.411865	66.210269	1.000000	0.000000	0.000000
115.563886	107.411865	66.210269	0.000000	1.000000	0.000000
115.563886	107.411865	66.210269	0.000000	0.000000	1.000000
75.554858	80.378581	6.640587	1.000000	0.000000	0.000000
75.554858	80.378581	6.640587	0.000000	1.000000	0.000000
75.554858	80.378581	6.640587	0.000000	0.000000	1.000000
51.969388	82.387295	41.874867	1.000000	0.000000	0.000000
51.969388	82.387295	41.874867	0.000000	1.000000	0.000000
51.969388	82.387295	41.874867	0.000000	0.000000	1.000000
44.707132	83.005803	52.723935	1.000000	0.000000	0.000000
44.707132	83.005803	52.723935	0.000000	1.000000	0.000000
44.707132	83.005803	52.723935	0.000000	0.000000	1.000000
39.608722	83.440021	60.340438	1.000000	0.000000	0.000000
39.608722	83.440021	60.340438	0.000000	1.000000	0.000000
39.608722	83.440021	60.340438	0.000000	0.000000	1.000000
35.548585	83.785813	66.405868	1.000000	0.000000	0.000000
35.548585	83.785813	66.405868	0.000000	1.000000	0.000000
35.548585	83.785813	66.405868	0.000000	0.000000	1.000000
83.002165	76.739716	6.660147	1.000000	0.000000	0.000000
83.002165	76.739716	6.660147	0.000000	1.000000	0.000000
83.002165	76.739716	6.660147	0.000000	0.000000	1.000000
98.931347	59.440979	41.998210	1.000000	0.000000	0.000000
98.931347	59.440979	41.998210	0.000000	1.000000	0.000000
98.931347	59.440979	41.998210	0.000000	0.000000	1.000000
103.836138	54.114485	52.879234	1.000000	0.000000	0.000000
103.836138	54.114485	52.879234	0.000000	1.000000	0.000000
103.836138	54.114485	52.879234	0.000000	0.000000	1.000000
107.279508	50.375062	60.518171	1.000000	0.000000	0.000000
107.279508	50.375062	60.518171	0.000000	1.000000	0.000000
107.279508	50.375062	60.518171	0.000000	0.000000	1.000000
110.021648	47.397159	66.601467	1.000000	0.000000	0.000000
110.021648	47.397159	66.601467	0.000000	1.000000	0.000000
110.021648	47.397159	66.601467	0.000000	0.000000	1.000000
79.988663	84.402430	6.679707	1.000000	0.000000	0.000000
79.988663	84.402430	6.679707	0.000000	1.000000	0.000000
79.988663	84.402430	6.679707	0.000000	0.000000	1.000000
79.928512	107.761278	42.121552	1.000000	0.000000	0.000000
79.928512	107.761278	42.121552	0.000000	1.000000	0.000000
79.928512	107.761278	42.121552	0.000000	0.000000	1.000000
79.909991	114.953755	53.034533	1.000000	0.000000	0.000000
79.909991	114.953755	53.034533	0.000000	1.000000	0.000000
79.909991	114.953755	53.034533	0.000000	0.000000	1.000000
79.896989	120.003176	60.695905	1.000000	0.000000	0.000000
79.896989	120.003176	60.695905	0.000000	1.000000	0.000000
79.896989	120.003176	60.695905	0.000000	0.000000	1.000000
79.886634	124.024301	66.797066	1.000000	0.000000	0.000000
79.886634	124.024301	66.797066	0.000000	1.000000	0.000000
79.886634	124.024301	66.797066	0.000000	0.000000	1.000000
77.054648	76.768169	6.699267	1.000000	0.000000	0.000000
77.054648	76.768169	6.699267	0.000000	1.000000	0.000000
77.054648	76.768169	6.699267	0.000000	0.000000	1.000000
61.426911	59.620401	42.244895	1.000000	0.000000	0.000000
61.426911	59.620401	42.244895	0.000000	1.000000	0.000000
61.426911	59.620401	42.244895	0.000000	0.000000	1.000000
56.614938	54.340393	53.189832	1.000000	0.000000	0.000000
56.614938	54.340393	53.189832	0.000000	1.000000	0.000000
56.614938	54.340393	53.189832	0.000000	0.000000	1.000000
53.236731	50.633604	60.873638	1.000000	0.000000	0.000000
53.236731	50.633604	60.873638	0.000000	1.000000	0.000000
53.236731	50.633604	60.873638	0.000000	0.000000	1.000000
50.546483	47.681690	66.992665	1.000000	0.000000	0.000000
50.546483	47.681690	66.992665	0.000000	1.000000	0.000000
50.546483	47.681690	66.992665	0.000000	0.000000	1.000000
84.324888	80.390785	6.718826	1.000000	0.000000	0.000000
84.324888	80.390785	6.718826	0.000000	1.000000	0.000000
84.324888	80.390785	6.718826	0.000000	0.000000	1.000000
107.272307	82.464251	42.368238	1.000000	0.000000	0.000000
107.272307	82.464251	42.368238	0.000000	1.000000	0.000000
107.272307	82.464251	42.368238	0.000000	0.000000	1.000000
114.338100	83.102697	53.345130	1.000000	0.000000	0.000000
114.338100	83.102697	53.345130	0.000000	1.000000	0.000000
114.338100	83.102697	53.345130	0.000000	0.000000	1.000000
119.298583	83.550912	61.051371	1.000000	0.000000	0.000000
119.298583	83.550912	61.051371	0.000000	1.000000	0.000000
119.298583	83.550912	61.051371	0.000000	0.000000	1.000000
123.248883	83.907851	67.188264	1.000000	0.000000	0.000000
123.248883	83.907851	67.188264	0.000000	1.000000	0.000000
123.248883	83.907851	67.188264	0.000000	0.000000	1.000000
76.571175	82.614824	6.738386	1.000000	0.000000	0.000000
76.571175	82.614824	6.738386	0.000000	1.000000	0.000000
76.571175	82.614824	6.738386	0.000000	0.000000	1.000000
58.378175	96.488818	42.491581	1.000000	0.000000	0.000000
58.378175	96.488818	42.491581	0.000000	1.000000	0.000000
58.378175	96.488818	42.491581	0.000000	0.000000	1.000000
52.776327	100.760791	53.500429	1.000000	0.000000	0.000000
52.776327	100.760791	53.500429	0.000000	1.000000	0.000000
52.776327	100.760791	53.500429	0.000000	0.000000	1.000000
48.843593	103.759896	61.229104	1.000000	0.000000	0.000000
48.843593	103.759896	61.229104	0.000000	1.000000	0.000000
48.843593	103.759896	61.229104	0.000000	0.000000	1.000000
45.711747	106.148244	67.383863	1.000000	0.000000	0.000000
45.711747	106.148244	67.383863	0.000000	1.000000	0.000000
45.711747	106.148244	67.383863	0.000000	0.000000	1.000000
80.756592	75.786008	6.757946	1.000000	0.000000	0.000000
80.756592	75.786008	6.757946	0.000000	1.000000	0.000000
80.756592	75.786008	6.757946	0.000000	0.000000	1.000000
84.770992	53.426992	42.614923	1.000000	0.000000	0.000000
84.770992	53.426992	42.614923	0.000000	1.000000	0.000000
84.770992	53.426992	42.614923	0.000000	0.000000	1.000000
86.007075	46.542375	53.655728	1.000000	0.000000	0.000000
86.007075	46.542375	53.655728	0.000000	1.000000	0.000000
86.007075	46.542375	53.655728	0.000000	0.000000	1.000000
86.874857	41.709085	61.406838	1.000000	0.000000	0.000000
86.874857	41.709085	61.406838	0.000000	1.000000	0.000000
86.874857	41.709085	61.406838	0.000000	0.000000	1.000000
87.565919	37.860076	67.579462	1.000000	0.000000	0.000000
87.565919	37.860076	67.579462	0.000000	1.000000	0.000000
87.565919	37.860076	67.579462	0.000000	0.000000	1.000000
82.272036	83.592112	6.777506	1.000000	0.000000	0.000000
82.272036	83.592112	6.777506	0.000000	1.000000	0.000000
82.272036	83.592112	6.777506	0.000000	0.000000	1.000000
94.327226	102.651491	42.738266	1.000000	0.000000	0.000000
94.327226	102.651491	42.738266	0.000000	1.000000	0.000000
94.327226	102.651491	42.738266	0.000000	0.000000	1.000000
98.039168	108.520108	53.811027	1.000000	0.000000	0.000000
98.039168	108.520108	53.811027	0.000000	1.000000	0.000000
98.039168	108.520108	53.811027	0.000000	0.000000	1.000000
100.645107	112.640125	61.584571	1.000000	0.000000	0.000000
100.645107	112.640125	61.584571	0.000000	1.000000	0.000000
100.645107	112.640125	61.584571	0.000000	0.000000	1.000000
102.720356	115.921115	67.775061	1.000000	0.000000	0.000000
102.720356	115.921115	67.775061	0.000000	1.000000	0.000000
102.720356	115.921115	67.775061	0.000000	0.000000	1.000000
75.928490	78.894243	6.797066	1.000000	0.000000	0.000000
75.928490	78.894243	6.797066	0.000000	1.000000	0.000000
75.928490	78.894243	6.797066	0.000000	0.000000	1.000000
54.325469	73.027211	42.861609	1.000000	0.000000	0.000000
54.325469	73.027211	42.861609	0.000000	1.000000	0.000000
54.325469	73.027211	42.861609	0.000000	0.000000	1.000000
47.673633	71.220680	53.966326	1.000000	0.000000	0.000000
47.673633	71.220680	53.966326	0.000000	1.000000	0.000000
47.673633	71.220680	53.966326	0.000000	0.000000	1.000000
43.003764	69.952418	61.762304	1.000000	0.000000	0.000000
43.003764	69.952418	61.762304	0.000000	1.000000	0.000000
43.003764	69.952418	61.762304	0.000000	0.000000	1.000000
39.284897	68.942434	67.970660	1.000000	0.000000	0.000000
39.284897	68.942434	67.970660	0.000000	1.000000	0.000000
39.284897	68.942434	67.970660	0.000000	0.000000	1.000000
83.720984	78.079612	6.816626	1.000000	0.000000	0.000000
83.720984	78.079612	6.816626	0.000000	1.000000	0.000000
83.720984	78.079612	6.816626	0.000000	0.000000	1.000000
103.464148	67.890230	42.984952	1.000000	0.000000	0.000000
103.464148	67.890230	42.984952	0.000000	1.000000	0.000000
103.464148	67.890230	42.984952	0.000000	0.000000	1.000000
109.543311	64.752794	54.121624	1.000000	0.000000	0.000000
109.543311	64.752794	54.121624	0.000000	1.000000	0.000000
109.543311	64.752794	54.121624	0.000000	0.000000	1.000000
113.811140	62.550182	61.940037	1.000000	0.000000	0.000000
113.811140	62.550182	61.940037	0.000000	1.000000	0.000000
113.811140	62.550182	61.940037	0.000000	0.000000	1.000000
117.209840	60.796123	68.166259	1.000000	0.000000	0.000000
117.209840	60.796123	68.166259	0.000000	1.000000	0.000000
117.209840	60.796123	68.166259	0.000000	0.000000	1.000000
78.564523	83.899483	6.836186	1.000000	0.000000	0.000000
78.564523	83.899483	6.836186	0.000000	1.000000	0.000000
78.564523	83.899483	6.836186	0.000000	0.000000	1.000000
70.948031	104.589747	43.108294	1.000000	0.000000	0.000000
70.948031	104.589747	43.108294	0.000000	1.000000	0.000000
70.948031	104.589747	43.108294	0.000000	0.000000	1.000000
68.602819	110.960533	54.276923	1.000000	0.000000	0.000000
68.602819	110.960533	54.276923	0.000000	1.000000	0.000000
68.602819	110.960533	54.276923	0.000000	0.000000	1.000000
66.956381	115.433094	62.117771	1.000000	0.000000	0.000000
66.956381	115.433094	62.117771	0.000000	1.000000	0.000000
66.956381	115.433094	62.117771	0.000000	0.000000	1.000000
65.645235	118.994834	68.361858	1.000000	0.000000	0.000000
65.645235	118.994834	68.361858	0.000000	1.000000	0.000000
65.645235	118.994834	68.361858	0.000000	0.000000	1.000000
78.436679	76.184927	6.855746	1.000000	0.000000	0.000000
78.436679	76.184927	6.855746	0.000000	1.000000	0.000000
78.436679	76.184927	6.855746	0.000000	0.000000	1.000000
70.141859	55.942539	43.231637	1.000000	0.000000	0.000000
70.141859	55.942539	43.231637	0.000000	1.000000	0.000000
70.141859	55.942539	43.231637	0.000000	0.000000	1.000000
67.587781	49.709658	54.432222	1.000000	0.000000	0.000000
67.587781	49.709658	54.432222	0.000000	1.000000	0.000000
67.587781	49.709658	54.432222	0.000000	0.000000	1.000000
65.794711	45.333914	62.295504	1.000000	0.000000	0.000000
65.794711	45.333914	62.295504	0.000000	1.000000	0.000000
65.794711	45.333914	62.295504	0.000000	0.000000	1.000000
64.366793	41.849274	68.557457	1.000000	0.000000	0.000000
64.366793	41.849274	68.557457	0.000000	1.000000	0.000000
64.366793	41.849274	68.557457	0.000000	0.000000	1.000000
83.700206	81.743172	6.875306	1.000000	0.000000	0.000000
83.700206	81.743172	6.875306	0.000000	1.000000	0.000000
83.700206	81.743172	6.875306	0.000000	0.000000	1.000000
103.333125	90.992263	43.354980	1.000000	0.000000	0.000000
103.333125	90.992263	43.354980	0.000000	1.000000	0.000000
103.333125	90.992263	43.354980	0.000000	0.000000	1.000000
109.378342	93.840172	54.587521	1.000000	0.000000	0.000000
109.378342	93.840172	54.587521	0.000000	1.000000	0.000000
109.378342	93.840172	54.587521	0.000000	0.000000	1.000000
113.622339	95.839525	62.473237	1.000000	0.000000	0.000000
113.622339	95.839525	62.473237	0.000000	1.000000	0.000000
113.622339	95.839525	62.473237	0.000000	0.000000	1.000000
117.002061	97.431716	68.753056	1.000000	0.000000	0.000000
117.002061	97.431716	68.753056	0.000000	1.000000	0.000000
117.002061	97.431716	68.753056	0.000000	0.000000	1.000000
76.125656	81.204280	6.894866	1.000000	0.000000	0.000000
76.125656	81.204280	6.894866	0.000000	1.000000	0.000000
76.125656	81.204280	6.894866	0.000000	0.000000	1.000000
55.568782	87.594069	43.478323	1.000000	0.000000	0.000000
55.568782	87.594069	43.478323	0.000000	1.000000	0.000000
55.568782	87.594069	43.478323	0.000000	0.000000	1.000000
49.239067	89.561563	54.742819	1.000000	0.000000	0.000000
49.239067	89.561563	54.742819	0.000000	1.000000	0.000000
49.239067	89.561563	54.742819	0.000000	0.000000	1.000000
44.795341	90.942827	62.650970	1.000000	0.000000	0.000000
44.795341	90.942827	62.650970	0.000000	1.000000	0.000000
44.795341	90.942827	62.650970	0.000000	0.000000	1.000000
41.256564	92.042802	68.948655	1.000000	0.000000	0.000000
41.256564	92.042802	68.948655	0.000000	1.000000	0.000000
41.256564	92.042802	68.948655	0.000000	0.000000	1.000000
82.026507	76.523796	6.914425	1.000000	0.000000	0.000000
82.026507	76.523796	6.914425	0.000000	1.000000	0.000000
82.026507	76.523796	6.914425	0.000000	0.000000	1.000000
92.778946	58.079413	43.601665	1.000000	0.000000	0.000000
92.778946	58.079413	43.601665	0.000000	1.000000	0.000000
92.778946	58.079413	43.601665	0.000000	0.000000	1.000000
96.089754	52.400160	54.898118	1.000000	0.000000	0.000000
96.089754	52.400160	54.898118	0.000000	1.000000	0.000000
96.089754	52.400160	54.898118	0.000000	0.000000	1.000000
98.414081	48.413085	62.828704	1.000000	0.000000	0.000000
98.414081	48.413085	62.828704	0.000000	1.000000	0.000000
98.414081	48.413085	62.828704	0.000000	0.000000	1.000000
100.265067	45.237964	69.144254	1.000000	0.000000	0.000000
100.265067	45.237964	69.144254	0.000000	1.000000	0.000000
100.265067	45.237964	69.144254	0.000000	0.000000	1.000000
80.846686	83.899099	6.933985	1.000000	0.000000	0.000000
80.846686	83.899099	6.933985	0.000000	1.000000	0.000000
80.846686	83.899099	6.933985	0.000000	0.000000	1.000000
85.339116	104.587320	43.725008	1.000000	0.000000	0.000000
85.339116	104.587320	43.725008	0.000000	1.000000	0.000000
85.339116	104.587320	43.725008	0.000000	0.000000	1.000000
86.722391	110.957479	55.053417	1.000000	0.000000	0.000000
86.722391	110.957479	55.053417	0.000000	1.000000	0.000000
86.722391	110.957479	55.053417	0.000000	0.000000	1.000000
87.693508	115.429598	63.006437	1.000000	0.000000	0.000000
87.693508	115.429598	63.006437	0.000000	1.000000	0.000000
87.693508	115.429598	63.006437	0.000000	0.000000	1.000000
88.466861	118.990986	69.339853	1.000000	0.000000	0.000000
88.466861	118.990986	69.339853	0.000000	1.000000	0.000000
88.466861	118.990986	69.339853	0.000000	0.000000	1.000000
76.769793	77.716588	6.953545	1.000000	0.000000	0.000000
76.769793	77.716588	6.953545	0.000000	1.000000	0.000000
76.769793	77.716588	6.953545	0.000000	0.000000	1.000000
59.630642	65.601035	43.848351	1.000000	0.000000	0.000000
59.630642	65.601035	43.848351	0.000000	1.000000	0.000000
59.630642	65.601035	43.848351	0.000000	0.000000	1.000000
54.353286	61.870507	55.208716	1.000000	0.000000	0.000000
54.353286	61.870507	55.208716	0.000000	1.000000	0.000000
54.353286	61.870507	55.208716	0.000000	0.000000	1.000000
50.648360	59.251520	63.184170	1.000000	0.000000	0.000000
50.648360	59.251520	63.184170	0.000000	1.000000	0.000000
50.648360	59.251520	63.184170	0.000000	0.000000	1.000000
47.697929	57.165879	69.535452	1.000000	0.000000	0.000000
47.697929	57.165879	69.535452	0.000000	1.000000	0.000000
47.697929	57.165879	69.535452	0.000000	0.000000	1.000000
83.889970	79.506099	6.973105	1.000000	0.000000	0.000000
83.889970	79.506099	6.973105	0.000000	1.000000	0.000000
83.889970	79.506099	6.973105	0.000000	0.000000	1.000000
104.529756	76.885512	43.971694	1.000000	0.000000	0.000000
104.529756	76.885512	43.971694	0.000000	1.000000	0.000000
104.529756	76.885512	43.971694	0.000000	0.000000	1.000000
110.885001	76.078601	55.364015	1.000000	0.000000	0.000000
110.885001	76.078601	55.364015	0.000000	1.000000	0.000000
110.885001	76.078601	55.364015	0.000000	0.000000	1.000000
115.346650	75.512116	63.361903	1.000000	0.000000	0.000000
115.346650	75.512116	63.361903	0.000000	1.000000	0.000000
115.346650	75.512116	63.361903	0.000000	0.000000	1.000000
118.899700	75.060993	69.731051	1.000000	0.000000	0.000000
118.899700	75.060993	69.731051	0.000000	1.000000	0.000000
118.899700	75.060993	69.731051	0.000000	0.000000	1.000000
77.487899	82.965128	6.992665	1.000000	0.000000	0.000000
77.487899	82.965128	6.992665	0.000000	1.000000	0.000000
77.487899	82.965128	6.992665	0.000000	0.000000	1.000000
64.158948	98.697798	44.095036	1.000000	0.000000	0.000000
64.158948	98.697798	44.095036	0.000000	1.000000	0.000000
64.158948	98.697798	44.095036	0.000000	0.000000	1.000000
60.054800	103.542081	55.519313	1.000000	0.000000	0.000000
60.054800	103.542081	55.519313	0.000000	1.000000	0.000000
60.054800	103.542081	55.519313	0.000000	0.000000	1.000000
57.173515	106.942971	63.539637	1.000000	0.000000	0.000000
57.173515	106.942971	63.539637	0.000000	1.000000	0.000000
57.173515	106.942971	63.539637	0.000000	0.000000	1.000000
54.878993	109.651283	69.926650	1.000000	0.000000	0.000000
54.878993	109.651283	69.926650	0.000000	1.000000	0.000000
54.878993	109.651283	69.926650	0.000000	0.000000	1.000000
79.850801	76.152086	7.012225	1.000000	0.000000	0.000000
79.850801	76.152086	7.012225	0.000000	1.000000	0.000000
79.850801	76.152086	7.012225	0.000000	0.000000	1.000000
79.059168	55.735445	44.218379	1.000000	0.000000	0.000000
79.059168	55.735445	44.218379	0.000000	1.000000	0.000000
79.059168	55.735445	44.218379	0.000000	0.000000	1.000000
78.815414	49.448910	55.674612	1.000000	0.000000	0.000000
78.815414	49.448910	55.674612	0.000000	1.000000	0.000000
78.815414	49.448910	55.674612	0.000000	0.000000	1.000000
78.644289	45.035498	63.717370	1.000000	0.000000	0.000000
78.644289	45.035498	63.717370	0.000000	1.000000	0.000000
78.644289	45.035498	63.717370	0.000000	0.000000	1.000000
78.508013	41.520861	70.122249	1.000000	0.000000	0.000000
78.508013	41.520861	70.122249	0.000000	1.000000	0.000000
78.508013	41.520861	70.122249	0.000000	0.000000	1.000000
82.684032	82.711084	7.031785	1.000000	0.000000	0.000000
82.684032	82.711084	7.031785	0.000000	1.000000	0.000000
82.684032	82.711084	7.031785	0.000000	0.000000	1.000000
96.925230	97.095821	44.341722	1.000000	0.000000	0.000000
96.925230	97.095821	44.341722	0.000000	1.000000	0.000000
96.925230	97.095821	44.341722	0.000000	0.000000	1.000000
101.310271	101.525059	55.829911	1.000000	0.000000	0.000000
101.310271	101.525059	55.829911	0.000000	1.000000	0.000000
101.310271	101.525059	55.829911	0.000000	0.000000	1.000000
104.388754	104.634570	63.895103	1.000000	0.000000	0.000000
104.388754	104.634570	63.895103	0.000000	1.000000	0.000000
104.388754	104.634570	63.895103	0.000000	0.000000	1.000000
106.840315	107.110841	70.317848	1.000000	0.000000	0.000000
106.840315	107.110841	70.317848	0.000000	1.000000	0.000000
106.840315	107.110841	70.317848	0.000000	0.000000	1.000000
76.225800	79.815737	7.051345	1.000000	0.000000	0.000000
76.225800	79.815737	7.051345	0.000000	1.000000	0.000000
76.225800	79.815737	7.051345	0.000000	0.000000	1.000000
56.200279	78.838057	44.465065	1.000000	0.000000	0.000000
56.200279	78.838057	44.465065	0.000000	1.000000	0.000000
56.200279	78.838057	44.465065	0.000000	0.000000	1.000000
50.034174	78.537017	55.985210	1.000000	0.000000	0.000000
50.034174	78.537017	55.985210	0.000000	1.000000	0.000000
50.034174	78.537017	55.985210	0.000000	0.000000	1.000000
45.705309	78.325675	64.072836	1.000000	0.000000	0.000000
45.705309	78.325675	64.072836	0.000000	1.000000	0.000000
45.705309	78.325675	64.072836	0.000000	0.000000	1.000000
42.258001	78.157371	70.513447	1.000000	0.000000	0.000000
42.258001	78.157371	70.513447	0.000000	1.000000	0.000000
42.258001	78.157371	70.513447	0.000000	0.000000	1.000000
82.879184	77.609895	7.070905	1.000000	0.000000	0.000000
82.879184	77.609895	7.070905	0.000000	1.000000	0.000000
82.879184	77.609895	7.070905	0.000000	0.000000	1.000000
98.155845	64.928237	44.588407	1.000000	0.000000	0.000000
98.155845	64.928237	44.588407	0.000000	1.000000	0.000000
98.155845	64.928237	44.588407	0.000000	0.000000	1.000000
102.859717	61.023399	56.140508	1.000000	0.000000	0.000000
102.859717	61.023399	56.140508	0.000000	1.000000	0.000000
102.859717	61.023399	56.140508	0.000000	0.000000	1.000000
106.162033	58.282038	64.250570	1.000000	0.000000	0.000000
106.162033	58.282038	64.250570	0.000000	1.000000	0.000000
106.162033	58.282038	64.250570	0.000000	0.000000	1.000000
108.791845	56.098945	70.709046	1.000000	0.000000	0.000000
108.791845	56.098945	70.709046	0.000000	1.000000	0.000000
108.791845	56.098945	70.709046	0.000000	0.000000	1.000000
79.496527	83.670399	7.090465	1.000000	0.000000	0.000000
79.496527	83.670399	7.090465	0.000000	1.000000	0.000000
79.496527	83.670399	7.090465	0.000000	0.000000	1.000000
76.825150	103.145163	44.711750	1.000000	0.000000	0.000000
76.825150	103.145163	44.711750	0.000000	1.000000	0.000000
76.825150	103.145163	44.711750	0.000000	0.000000	1.000000
76.002601	109.141682	56.295807	1.000000	0.000000	0.000000
76.002601	109.141682	56.295807	0.000000	1.000000	0.000000
76.002601	109.141682	56.295807	0.000000	0.000000	1.000000
75.425136	113.351491	64.428303	1.000000	0.000000	0.000000
75.425136	113.351491	64.428303	0.000000	1.000000	0.000000
75.425136	113.351491	64.428303	0.000000	0.000000	1.000000
74.965270	116.703988	70.904645	1.000000	0.000000	0.000000
74.965270	116.703988	70.904645	0.000000	1.000000	0.000000
74.965270	116.703988	70.904645	0.000000	0.000000	1.000000
77.913366	76.984455	7.110024	1.000000	0.000000	0.000000
77.913366	76.984455	7.110024	0.000000	1.000000	0.000000
77.913366	76.984455	7.110024	0.000000	0.000000	1.000000
66.841899	60.984279	44.835093	1.000000	0.000000	0.000000
66.841899	60.984279	44.835093	0.000000	1.000000	0.000000
66.841899	60.984279	44.835093	0.000000	0.000000	1.000000
63.432858	56.057628	56.451106	1.000000	0.000000	0.000000
63.432858	56.057628	56.451106	0.000000	1.000000	0.000000
63.432858	56.057628	56.451106	0.000000	0.000000	1.000000
61.039567	52.598912	64.606036	1.000000	0.000000	0.000000
61.039567	52.598912	64.606036	0.000000	1.000000	0.000000
61.039567	52.598912	64.606036	0.000000	0.000000	1.000000
59.133662	49.844550	71.100244	1.000000	0.000000	0.000000
59.133662	49.844550	71.100244	0.000000	1.000000	0.000000
59.133662	49.844550	71.100244	0.000000	0.000000	1.000000
83.538368	80.805594	7.129584	1.000000	0.000000	0.000000
83.538368	80.805594	7.129584	0.000000	1.000000	0.000000
83.538368	80.805594	7.129584	0.000000	0.000000	1.000000
102.312588	85.079991	44.958436	1.000000	0.000000	0.000000
102.312588	85.079991	44.958436	0.000000	1.000000	0.000000
102.312588	85.079991	44.958436	0.000000	0.000000	1.000000
108.093401	86.396131	56.606405	1.000000	0.000000	0.000000
108.093401	86.396131	56.606405	0.000000	1.000000	0.000000
108.093401	86.396131	56.606405	0.000000	0.000000	1.000000
112.151776	87.320116	64.783769	1.000000	0.000000	0.000000
112.151776	87.320116	64.783769	0.000000	1.000000	0.000000
112.151776	87.320116	64.783769	0.000000	0.000000	1.000000
115.383677	88.055936	71.295844	1.000000	0.000000	0.000000
115.383677	88.055936	71.295844	0.000000	1.000000	0.000000
115.383677	88.055936	71.295844	0.000000	0.000000	1.000000
76.880364	81.776965	7.149144	1.000000	0.000000	0.000000
76.880364	81.776965	7.149144	0.000000	1.000000	0.000000
76.880364	81.776965	7.149144	0.000000	0.000000	1.000000
60.327890	91.205363	45.081778	1.000000	0.000000	0.000000
60.327890	91.205363	45.081778	0.000000	1.000000	0.000000
60.327890	91.205363	45.081778	0.000000	0.000000	1.000000
55.231179	94.108482	56.761704	1.000000	0.000000	0.000000
55.231179	94.108482	56.761704	0.000000	1.000000	0.000000
55.231179	94.108482	56.761704	0.000000	0.000000	1.000000
51.653074	96.146594	64.961503	1.000000	0.000000	0.000000
51.653074	96.146594	64.961503	0.000000	1.000000	0.000000
51.653074	96.146594	64.961503	0.000000	0.000000	1.000000
48.803637	97.769652	71.491443	1.000000	0.000000	0.000000
48.803637	97.769652	71.491443	0.000000	1.000000	0.000000
48.803637	97.769652	71.491443	0.000000	0.000000	1.000000
81.087984	76.619768	7.168704	1.000000	0.000000	0.000000
81.087984	76.619768	7.168704	0.000000	1.000000	0.000000
81.087984	76.619768	7.168704	0.000000	0.000000	1.000000
86.860720	58.684598	45.205121	1.000000	0.000000	0.000000
86.860720	58.684598	45.205121	0.000000	1.000000	0.000000
86.860720	58.684598	45.205121	0.000000	0.000000	1.000000
88.638216	53.162138	56.917002	1.000000	0.000000	0.000000
88.638216	53.162138	56.917002	0.000000	1.000000	0.000000
88.638216	53.162138	56.917002	0.000000	0.000000	1.000000
89.886093	49.285139	65.139236	1.000000	0.000000	0.000000
89.886093	49.285139	65.139236	0.000000	1.000000	0.000000
89.886093	49.285139	65.139236	0.000000	0.000000	1.000000
90.879845	46.197677	71.687042	1.000000	0.000000	0.000000
90.879845	46.197677	71.687042	0.000000	1.000000	0.000000
90.879845	46.197677	71.687042	0.000000	0.000000	1.000000
81.464483	83.191261	7.188264	1.000000	0.000000	0.000000
81.464483	83.191261	7.188264	0.000000	1.000000	0.000000
81.464483	83.191261	7.188264	0.000000	0.000000	1.000000
89.234884	100.123769	45.328464	1.000000	0.000000	0.000000
89.234884	100.123769	45.328464	0.000000	1.000000	0.000000
89.234884	100.123769	45.328464	0.000000	0.000000	1.000000
91.627486	105.337497	57.072301	1.000000	0.000000	0.000000
91.627486	105.337497	57.072301	0.000000	1.000000	0.000000
91.627486	105.337497	57.072301	0.000000	0.000000	1.000000
93.307194	108.997753	65.316969	1.000000	0.000000	0.000000
93.307194	108.997753	65.316969	0.000000	1.000000	0.000000
93.307194	108.997753	65.316969	0.000000	0.000000	1.000000
94.644835	111.912612	71.882641	1.000000	0.000000	0.000000
94.644835	111.912612	71.882641	0.000000	1.000000	0.000000
94.644835	111.912612	71.882641	0.000000	0.000000	1.000000
76.801632	78.651773	7.207824	1.000000	0.000000	0.000000
76.801632	78.651773	7.207824	0.000000	1.000000	0.000000
76.801632	78.651773	7.207824	0.000000	0.000000	1.000000
59.831416	71.498217	45.451807	1.000000	0.000000	0.000000
59.831416	71.498217	45.451807	0.000000	1.000000	0.000000
59.831416	71.498217	45.451807	0.000000	0.000000	1.000000
54.606077	69.295550	57.227600	1.000000	0.000000	0.000000
54.606077	69.295550	57.227600	0.000000	1.000000	0.000000
54.606077	69.295550	57.227600	0.000000	0.000000	1.000000
50.937670	67.749184	65.494702	1.000000	0.000000	0.000000
50.937670	67.749184	65.494702	0.000000	1.000000	0.000000
50.937670	67.749184	65.494702	0.000000	0.000000	1.000000
48.016320	66.517730	72.078240	1.000000	0.000000	0.000000
48.016320	66.517730	72.078240	0.000000	1.000000	0.000000
48.016320	66.517730	72.078240	0.000000	0.000000	1.000000
83.230555	78.847423	7.227384	1.000000	0.000000	0.000000
83.230555	78.847423	7.227384	0.000000	1.000000	0.000000
83.230555	78.847423	7.227384	0.000000	0.000000	1.000000
100.371554	72.731964	45.575150	1.000000	0.000000	0.000000
100.371554	72.731964	45.575150	0.000000	1.000000	0.000000
100.371554	72.731964	45.575150	0.000000	0.000000	1.000000
105.649479	70.848939	57.382899	1.000000	0.000000	0.000000
105.649479	70.848939	57.382899	0.000000	1.000000	0.000000
105.649479	70.848939	57.382899	0.000000	0.000000	1.000000
109.354804	69.526977	65.672436	1.000000	0.000000	0.000000
109.354804	69.526977	65.672436	0.000000	1.000000	0.000000
109.354804	69.526977	65.672436	0.000000	0.000000	1.000000
112.305554	68.474227	72.273839	1.000000	0.000000	0.000000
112.305554	68.474227	72.273839	0.000000	1.000000	0.000000
112.305554	68.474227	72.273839	0.000000	0.000000	1.000000
78.415856	82.995379	7.246944	1.000000	0.000000	0.000000
78.415856	82.995379	7.246944	0.000000	1.000000	0.000000
78.415856	82.995379	7.246944	0.000000	0.000000	1.000000
70.010546	98.888553	45.698492	1.000000	0.000000	0.000000
70.010546	98.888553	45.698492	0.000000	1.000000	0.000000
70.010546	98.888553	45.698492	0.000000	0.000000	1.000000
67.422448	103.782258	57.538197	1.000000	0.000000	0.000000
67.422448	103.782258	57.538197	0.000000	1.000000	0.000000
67.422448	103.782258	57.538197	0.000000	0.000000	1.000000
65.605494	107.217844	65.850169	1.000000	0.000000	0.000000
65.605494	107.217844	65.850169	0.000000	1.000000	0.000000
65.605494	107.217844	65.850169	0.000000	0.000000	1.000000
64.158557	109.953786	72.469438	1.000000	0.000000	0.000000
64.158557	109.953786	72.469438	0.000000	1.000000	0.000000
64.158557	109.953786	72.469438	0.000000	0.000000	1.000000
79.155389	76.762014	7.266504	1.000000	0.000000	0.000000
79.155389	76.762014	7.266504	0.000000	1.000000	0.000000
79.155389	76.762014	7.266504	0.000000	0.000000	1.000000
74.673966	59.581586	45.821835	1.000000	0.000000	0.000000
74.673966	59.581586	45.821835	0.000000	1.000000	0.000000
74.673966	59.581586	45.821835	0.000000	0.000000	1.000000
73.294081	54.291521	57.693496	1.000000	0.000000	0.000000
73.294081	54.291521	57.693496	0.000000	1.000000	0.000000
73.294081	54.291521	57.693496	0.000000	0.000000	1.000000
72.325343	50.577673	66.027902	1.000000	0.000000	0.000000
72.325343	50.577673	66.027902	0.000000	1.000000	0.000000
72.325343	50.577673	66.027902	0.000000	0.000000	1.000000
71.553886	47.620136	72.665037	1.000000	0.000000	0.000000
71.553886	47.620136	72.665037	0.000000	1.000000	0.000000
71.553886	47.620136	72.665037	0.000000	0.000000	1.000000
82.774074	81.793820	7.286064	1.000000	0.000000	0.000000
82.774074	81.793820	7.286064	0.000000	1.000000	0.000000
82.774074	81.793820	7.286064	0.000000	0.000000	1.000000
97.493029	91.311650	45.945178	1.000000	0.000000	0.000000
97.493029	91.311650	45.945178	0.000000	1.000000	0.000000
97.493029	91.311650	45.945178	0.000000	0.000000	1.000000
102.025176	94.242306	57.848795	1.000000	0.000000	0.000000
102.025176	94.242306	57.848795	0.000000	1.000000	0.000000
102.025176	94.242306	57.848795	0.000000	0.000000	1.000000
105.206934	96.299751	66.205635	1.000000	0.000000	0.000000
105.206934	96.299751	66.205635	0.000000	1.000000	0.000000
105.206934	96.299751	66.205635	0.000000	0.000000	1.000000
107.740739	97.938204	72.860636	1.000000	0.000000	0.000000
107.740739	97.938204	72.860636	0.000000	1.000000	0.000000
107.740739	97.938204	72.860636	0.000000	0.000000	1.000000
76.785651	80.543898	7.305623	1.000000	0.000000	0.000000
76.785651	80.543898	7.305623	0.000000	1.000000	0.000000
76.785651	80.543898	7.305623	0.000000	0.000000	1.000000
59.730640	83.429765	46.068521	1.000000	0.000000	0.000000
59.730640	83.429765	46.068521	0.000000	1.000000	0.000000
59.730640	83.429765	46.068521	0.000000	0.000000	1.000000
54.479192	84.318359	58.004094	1.000000	0.000000	0.000000
54.479192	84.318359	58.004094	0.000000	1.000000	0.000000
54.479192	84.318359	58.004094	0.000000	0.000000	1.000000
50.792455	84.942189	66.383369	1.000000	0.000000	0.000000
50.792455	84.942189	66.383369	0.000000	1.000000	0.000000
50.792455	84.942189	66.383369	0.000000	0.000000	1.000000
47.856508	85.438978	73.056235	1.000000	0.000000	0.000000
47.856508	85.438978	73.056235	0.000000	1.000000	0.000000
47.856508	85.438978	73.056235	0.000000	0.000000	1.000000
81.975615	77.462554	7.325183	1.000000	0.000000	0.000000
81.975615	77.462554	7.325183	0.000000	1.000000	0.000000
81.975615	77.462554	7.325183	0.000000	0.000000	1.000000
92.458028	63.999121	46.191863	1.000000	0.000000	0.000000
92.458028	63.999121	46.191863	0.000000	1.000000	0.000000
92.458028	63.999121	46.191863	0.000000	0.000000	1.000000
95.685692	59.853565	58.159393	1.000000	0.000000	0.000000
95.685692	59.853565	58.159393	0.000000	1.000000	0.000000
95.685692	59.853565	58.159393	0.000000	0.000000	1.000000
97.951649	56.943209	66.561102	1.000000	0.000000	0.000000
97.951649	56.943209	66.561102	0.000000	1.000000	0.000000
97.951649	56.943209	66.561102	0.000000	0.000000	1.000000
99.756151	54.625537	73.251834	1.000000	0.000000	0.000000
99.756151	54.625537	73.251834	0.000000	1.000000	0.000000
99.756151	54.625537	73.251834	0.000000	0.000000	1.000000
80.253669	83.160759	7.344743	1.000000	0.000000	0.000000
80.253669	83.160759	7.344743	0.000000	1.000000	0.000000
80.253669	83.160759	7.344743	0.000000	0.000000	1.000000
81.599612	99.931426	46.315206	1.000000	0.000000	0.000000
81.599612	99.931426	46.315206	0.000000	1.000000	0.000000
81.599612	99.931426	46.315206	0.000000	0.000000	1.000000
82.014044	105.095321	58.314691	1.000000	0.000000	0.000000
82.014044	105.095321	58.314691	0.000000	1.000000	0.000000
82.014044	105.095321	58.314691	0.000000	0.000000	1.000000
82.304993	108.720593	66.738835	1.000000	0.000000	0.000000
82.304993	108.720593	66.738835	0.000000	1.000000	0.000000
82.304993	108.720593	66.738835	0.000000	0.000000	1.000000
82.536691	111.607591	73.447433	1.000000	0.000000	0.000000
82.536691	111.607591	73.447433	0.000000	1.000000	0.000000
82.536691	111.607591	73.447433	0.000000	0.000000	1.000000
77.711354	77.871823	7.364303	1.000000	0.000000	0.000000
77.711354	77.871823	7.364303	0.000000	1.000000	0.000000
77.711354	77.871823	7.364303	0.000000	0.000000	1.000000
65.568030	66.579931	46.438549	1.000000	0.000000	0.000000
65.568030	66.579931	46.438549	0.000000	1.000000	0.000000
65.568030	66.579931	46.438549	0.000000	0.000000	1.000000
61.828951	63.103019	58.469990	1.000000	0.000000	0.000000
61.828951	63.103019	58.469990	0.000000	1.000000	0.000000
61.828951	63.103019	58.469990	0.000000	0.000000	1.000000
59.203960	60.662080	66.916568	1.000000	0.000000	0.000000
59.203960	60.662080	66.916568	0.000000	1.000000	0.000000
59.203960	60.662080	66.916568	0.000000	0.000000	1.000000
57.113539	58.718230	73.643032	1.000000	0.000000	0.000000
57.113539	58.718230	73.643032	0.000000	1.000000	0.000000
57.113539	58.718230	73.643032	0.000000	0.000000	1.000000
83.078642	80.022947	7.383863	1.000000	0.000000	0.000000
83.078642	80.022947	7.383863	0.000000	1.000000	0.000000
83.078642	80.022947	7.383863	0.000000	0.000000	1.000000
99.413607	80.144700	46.561892	1.000000	0.000000	0.000000
99.413607	80.144700	46.561892	0.000000	1.000000	0.000000
99.413607	80.144700	46.561892	0.000000	0.000000	1.000000
104.443344	80.182189	58.625289	1.000000	0.000000	0.000000
104.443344	80.182189	58.625289	0.000000	1.000000	0.000000
104.443344	80.182189	58.625289	0.000000	0.000000	1.000000
107.974431	80.208508	67.094302	1.000000	0.000000	0.000000
107.974431	80.208508	67.094302	0.000000	1.000000	0.000000
107.974431	80.208508	67.094302	0.000000	0.000000	1.000000
110.786425	80.229467	73.838631	1.000000	0.000000	0.000000
110.786425	80.229467	73.838631	0.000000	1.000000	0.000000
110.786425	80.229467	73.838631	0.000000	0.000000	1.000000
77.749547	82.030958	7.403423	1.000000	0.000000	0.000000
77.749547	82.030958	7.403423	0.000000	1.000000	0.000000
77.749547	82.030958	7.403423	0.000000	0.000000	1.000000
65.808873	92.807015	46.685234	1.000000	0.000000	0.000000
65.808873	92.807015	46.685234	0.000000	1.000000	0.000000
65.808873	92.807015	46.685234	0.000000	0.000000	1.000000
62.132192	96.125095	58.780588	1.000000	0.000000	0.000000
62.132192	96.125095	58.780588	0.000000	1.000000	0.000000
62.132192	96.125095	58.780588	0.000000	0.000000	1.000000
59.551007	98.454527	67.272035	1.000000	0.000000	0.000000
59.551007	98.454527	67.272035	0.000000	1.000000	0.000000
59.551007	98.454527	67.272035	0.000000	0.000000	1.000000
57.495472	100.309579	74.034230	1.000000	0.000000	0.000000
57.495472	100.309579	74.034230	0.000000	1.000000	0.000000
57.495472	100.309579	74.034230	0.000000	0.000000	1.000000
80.282948	77.030275	7.422983	1.000000	0.000000	0.000000
80.282948	77.030275	7.422983	0.000000	1.000000	0.000000
80.282948	77.030275	7.422983	0.000000	0.000000	1.000000
81.784243	61.273217	46.808577	1.000000	0.000000	0.000000
81.784243	61.273217	46.808577	0.000000	1.000000	0.000000
81.784243	61.273217	46.808577	0.000000	0.000000	1.000000
82.246510	56.421424	58.935886	1.000000	0.000000	0.000000
82.246510	56.421424	58.935886	0.000000	1.000000	0.000000
82.246510	56.421424	58.935886	0.000000	0.000000	1.000000
82.571041	53.015262	67.449768	1.000000	0.000000	0.000000
82.571041	53.015262	67.449768	0.000000	1.000000	0.000000
82.571041	53.015262	67.449768	0.000000	0.000000	1.000000
82.829482	50.302752	74.229829	1.000000	0.000000	0.000000
82.829482	50.302752	74.229829	0.000000	1.000000	0.000000
82.829482	50.302752	74.229829	0.000000	0.000000	1.000000
81.767776	82.341693	7.442543	1.000000	0.000000	0.000000
81.767776	82.341693	7.442543	0.000000	1.000000	0.000000
81.767776	82.341693	7.442543	0.000000	0.000000	1.000000
91.147417	94.766476	46.931920	1.000000	0.000000	0.000000
91.147417	94.766476	46.931920	0.000000	1.000000	0.000000
91.147417	94.766476	46.931920	0.000000	0.000000	1.000000
94.035524	98.592220	59.091185	1.000000	0.000000	0.000000
94.035524	98.592220	59.091185	0.000000	1.000000	0.000000
94.035524	98.592220	59.091185	0.000000	0.000000	1.000000
96.063097	101.278053	67.627501	1.000000	0.000000	0.000000
96.063097	101.278053	67.627501	0.000000	1.000000	0.000000
96.063097	101.278053	67.627501	0.000000	0.000000	1.000000
97.677762	103.416926	74.425428	1.000000	0.000000	0.000000
97.677762	103.416926	74.425428	0.000000	1.000000	0.000000
97.677762	103.416926	74.425428	0.000000	0.000000	1.000000
77.163983	79.476520	7.462103	1.000000	0.000000	0.000000
77.163983	79.476520	7.462103	0.000000	1.000000	0.000000
77.163983	79.476520	7.462103	0.000000	0.000000	1.000000
62.116365	76.698989	47.055263	1.000000	0.000000	0.000000
62.116365	76.698989	47.055263	0.000000	1.000000	0.000000
62.116365	76.698989	47.055263	0.000000	0.000000	1.000000
57.483018	75.843753	59.246484	1.000000	0.000000	0.000000
57.483018	75.843753	59.246484	0.000000	1.000000	0.000000
57.483018	75.843753	59.246484	0.000000	0.000000	1.000000
54.230213	75.243341	67.805235	1.000000	0.000000	0.000000
54.230213	75.243341	67.805235	0.000000	1.000000	0.000000
54.230213	75.243341	67.805235	0.000000	0.000000	1.000000
51.639830	74.765201	74.621027	1.000000	0.000000	0.000000
51.639830	74.765201	74.621027	0.000000	1.000000	0.000000
51.639830	74.765201	74.621027	0.000000	0.000000	1.000000
82.401451	78.497417	7.481663	1.000000	0.000000	0.000000
82.401451	78.497417	7.481663	0.000000	1.000000	0.000000
82.401451	78.497417	7.481663	0.000000	0.000000	1.000000
95.143308	70.524862	47.178605	1.000000	0.000000	0.000000
95.143308	70.524862	47.178605	0.000000	1.000000	0.000000
95.143308	70.524862	47.178605	0.000000	0.000000	1.000000
99.066683	68.070015	59.401783	1.000000	0.000000	0.000000
99.066683	68.070015	59.401783	0.000000	1.000000	0.000000
99.066683	68.070015	59.401783	0.000000	0.000000	1.000000
101.821057	66.346608	67.982968	1.000000	0.000000	0.000000
101.821057	66.346608	67.982968	0.000000	1.000000	0.000000
101.821057	66.346608	67.982968	0.000000	0.000000	1.000000
104.014513	64.974167	74.816626	1.000000	0.000000	0.000000
104.014513	64.974167	74.816626	0.000000	1.000000	0.000000
104.014513	64.974167	74.816626	0.000000	0.000000	1.000000
79.258154	82.679799	7.501222	1.000000	0.000000	0.000000
79.258154	82.679799	7.501222	0.000000	1.000000	0.000000
79.258154	82.679799	7.501222	0.000000	0.000000	1.000000
75.321993	96.898544	47.301948	1.000000	0.000000	0.000000
75.321993	96.898544	47.301948	0.000000	1.000000	0.000000
75.321993	96.898544	47.301948	0.000000	0.000000	1.000000
74.110001	101.276670	59.557082	1.000000	0.000000	0.000000
74.110001	101.276670	59.557082	0.000000	1.000000	0.000000
74.110001	101.276670	59.557082	0.000000	0.000000	1.000000
73.259131	104.350299	68.160701	1.000000	0.000000	0.000000
73.259131	104.350299	68.160701	0.000000	1.000000	0.000000
73.259131	104.350299	68.160701	0.000000	0.000000	1.000000
72.581538	106.797995	75.012225	1.000000	0.000000	0.000000
72.581538	106.797995	75.012225	0.000000	1.000000	0.000000
72.581538	106.797995	75.012225	0.000000	0.000000	1.000000
78.761070	77.570414	7.520782	1.000000	0.000000	0.000000
78.761070	77.570414	7.520782	0.000000	1.000000	0.000000
78.761070	77.570414	7.520782	0.000000	0.000000	1.000000
72.187436	64.679280	47.425291	1.000000	0.000000	0.000000
72.187436	64.679280	47.425291	0.000000	1.000000	0.000000
72.187436	64.679280	47.425291	0.000000	0.000000	1.000000
70.163333	60.709941	59.712380	1.000000	0.000000	0.000000
70.163333	60.709941	59.712380	0.000000	1.000000	0.000000
70.163333	60.709941	59.712380	0.000000	0.000000	1.000000
68.742327	57.923298	68.338434	1.000000	0.000000	0.000000
68.742327	57.923298	68.338434	0.000000	1.000000	0.000000
68.742327	57.923298	68.338434	0.000000	0.000000	1.000000
67.610705	55.704145	75.207824	1.000000	0.000000	0.000000
67.610705	55.704145	75.207824	0.000000	1.000000	0.000000
67.610705	55.704145	75.207824	0.000000	0.000000	1.000000
82.503606	80.935520	7.540342	1.000000	0.000000	0.000000
82.503606	80.935520	7.540342	0.000000	1.000000	0.000000
82.503606	80.935520	7.540342	0.000000	0.000000	1.000000
95.787482	85.899293	47.548634	1.000000	0.000000	0.000000
95.787482	85.899293	47.548634	0.000000	1.000000	0.000000
95.787482	85.899293	47.548634	0.000000	0.000000	1.000000
99.877752	87.427700	59.867679	1.000000	0.000000	0.000000
99.877752	87.427700	59.867679	0.000000	1.000000	0.000000
99.877752	87.427700	59.867679	0.000000	0.000000	1.000000
102.749293	88.500706	68.516168	1.000000	0.000000	0.000000
102.749293	88.500706	68.516168	0.000000	1.000000	0.000000
102.749293	88.500706	68.516168	0.000000	0.000000	1.000000
105.036055	89.355199	75.403423	1.000000	0.000000	0.000000
105.036055	89.355199	75.403423	0.000000	1.000000	0.000000
105.036055	89.355199	75.403423	0.000000	0.000000	1.000000
77.573756	80.980418	7.559902	1.000000	0.000000	0.000000
77.573756	80.980418	7.559902	0.000000	1.000000	0.000000
77.573756	80.980418	7.559902	0.000000	0.000000	1.000000
64.700352	86.182415	47.671976	1.000000	0.000000	0.000000
64.700352	86.182415	47.671976	0.000000	1.000000	0.000000
64.700352	86.182415	47.671976	0.000000	0.000000	1.000000
60.736472	87.784174	60.022978	1.000000	0.000000	0.000000
60.736472	87.784174	60.022978	0.000000	1.000000	0.000000
60.736472	87.784174	60.022978	0.000000	0.000000	1.000000
57.953662	88.908676	68.693901	1.000000	0.000000	0.000000
57.953662	88.908676	68.693901	0.000000	1.000000	0.000000
57.953662	88.908676	68.693901	0.000000	0.000000	1.000000
55.737560	89.804177	75.599022	1.000000	0.000000	0.000000
55.737560	89.804177	75.599022	0.000000	1.000000	0.000000
55.737560	89.804177	75.599022	0.000000	0.000000	1.000000
81.102142	77.689797	7.579462	1.000000	0.000000	0.000000
81.102142	77.689797	7.579462	0.000000	1.000000	0.000000
81.102142	77.689797	7.579462	0.000000	0.000000	1.000000
86.949997	65.432096	47.795319	1.000000	0.000000	0.000000
86.949997	65.432096	47.795319	0.000000	1.000000	0.000000
86.949997	65.432096	47.795319	0.000000	0.000000	1.000000
88.750623	61.657799	60.178277	1.000000	0.000000	0.000000
88.750623	61.657799	60.178277	0.000000	1.000000	0.000000
88.750623	61.657799	60.178277	0.000000	0.000000	1.000000
90.014739	59.008083	68.871634	1.000000	0.000000	0.000000
90.014739	59.008083	68.871634	0.000000	1.000000	0.000000
90.014739	59.008083	68.871634	0.000000	0.000000	1.000000
91.021422	56.897972	75.794621	1.000000	0.000000	0.000000
91.021422	56.897972	75.794621	0.000000	1.000000	0.000000
91.021422	56.897972	75.794621	0.000000	0.000000	1.000000
80.730694	82.391851	7.599022	1.000000	0.000000	0.000000
80.730694	82.391851	7.599022	0.000000	1.000000	0.000000
80.730694	82.391851	7.599022	0.000000	0.000000	1.000000
84.607682	95.082770	47.918662	1.000000	0.000000	0.000000
84.607682	95.082770	47.918662	0.000000	1.000000	0.000000
84.607682	95.082770	47.918662	0.000000	0.000000	1.000000
85.801454	98.990460	60.333575	1.000000	0.000000	0.000000
85.801454	98.990460	60.333575	0.000000	1.000000	0.000000
85.801454	98.990460	60.333575	0.000000	0.000000	1.000000
86.639532	101.733823	69.049367	1.000000	0.000000	0.000000
86.639532	101.733823	69.049367	0.000000	1.000000	0.000000
86.639532	101.733823	69.049367	0.000000	0.000000	1.000000
87.306939	103.918510	75.990220	1.000000	0.000000	0.000000
87.306939	103.918510	75.990220	0.000000	1.000000	0.000000
87.306939	103.918510	75.990220	0.000000	0.000000	1.000000
77.897425	78.760489	7.618582	1.000000	0.000000	0.000000
77.897425	78.760489	7.618582	0.000000	1.000000	0.000000
77.897425	78.760489	7.618582	0.000000	0.000000	1.000000
66.741374	72.183770	48.042005	1.000000	0.000000	0.000000
66.741374	72.183770	48.042005	0.000000	1.000000	0.000000
66.741374	72.183770	48.042005	0.000000	0.000000	1.000000
63.306289	70.158717	60.488874	1.000000	0.000000	0.000000
63.306289	70.158717	60.488874	0.000000	1.000000	0.000000
63.306289	70.158717	60.488874	0.000000	0.000000	1.000000
60.894714	68.737045	69.227101	1.000000	0.000000	0.000000
60.894714	68.737045	69.227101	0.000000	1.000000	0.000000
60.894714	68.737045	69.227101	0.000000	0.000000	1.000000
58.974248	67.604891	76.185819	1.000000	0.000000	0.000000
58.974248	67.604891	76.185819	0.000000	1.000000	0.000000
58.974248	67.604891	76.185819	0.000000	0.000000	1.000000
82.327079	79.506552	7.638142	1.000000	0.000000	0.000000
82.327079	79.506552	7.638142	0.000000	1.000000	0.000000
82.327079	79.506552	7.638142	0.000000	0.000000	1.000000
94.674326	76.888365	48.165347	1.000000	0.000000	0.000000
94.674326	76.888365	48.165347	0.000000	1.000000	0.000000
94.674326	76.888365	48.165347	0.000000	0.000000	1.000000
98.476196	76.082193	60.644173	1.000000	0.000000	0.000000
98.476196	76.082193	60.644173	0.000000	1.000000	0.000000
98.476196	76.082193	60.644173	0.000000	0.000000	1.000000
101.145268	75.516226	69.404834	1.000000	0.000000	0.000000
101.145268	75.516226	69.404834	0.000000	1.000000	0.000000
101.145268	75.516226	69.404834	0.000000	0.000000	1.000000
103.270794	75.065516	76.381418	1.000000	0.000000	0.000000
103.270794	75.065516	76.381418	0.000000	1.000000	0.000000
103.270794	75.065516	76.381418	0.000000	0.000000	1.000000
78.654450	81.883905	7.657702	1.000000	0.000000	0.000000
78.654450	81.883905	7.657702	0.000000	1.000000	0.000000
78.654450	81.883905	7.657702	0.000000	0.000000	1.000000
71.515095	91.879715	48.288690	1.000000	0.000000	0.000000
71.515095	91.879715	48.288690	0.000000	1.000000	0.000000
71.515095	91.879715	48.288690	0.000000	0.000000	1.000000
69.316800	94.957547	60.799472	1.000000	0.000000	0.000000
69.316800	94.957547	60.799472	0.000000	1.000000	0.000000
69.316800	94.957547	60.799472	0.000000	0.000000	1.000000
67.773505	97.118315	69.582567	1.000000	0.000000	0.000000
67.773505	97.118315	69.582567	0.000000	1.000000	0.000000
67.773505	97.118315	69.582567	0.000000	0.000000	1.000000
66.544495	98.839051	76.577017	1.000000	0.000000	0.000000
66.544495	98.839051	76.577017	0.000000	1.000000	0.000000
66.544495	98.839051	76.577017	0.000000	0.000000	1.000000
79.727566	77.767191	7.677262	1.000000	0.000000	0.000000
79.727566	77.767191	7.677262	0.000000	1.000000	0.000000
79.727566	77.767191	7.677262	0.000000	0.000000	1.000000
78.282062	65.920136	48.412033	1.000000	0.000000	0.000000
78.282062	65.920136	48.412033	0.000000	1.000000	0.000000
78.282062	65.920136	48.412033	0.000000	0.000000	1.000000
77.836973	62.272281	60.954771	1.000000	0.000000	0.000000
77.836973	62.272281	60.954771	0.000000	1.000000	0.000000
77.836973	62.272281	60.954771	0.000000	0.000000	1.000000
77.524502	59.711334	69.760300	1.000000	0.000000	0.000000
77.524502	59.711334	69.760300	0.000000	1.000000	0.000000
77.524502	59.711334	69.760300	0.000000	0.000000	1.000000
77.275665	57.671914	76.772616	1.000000	0.000000	0.000000
77.275665	57.671914	76.772616	0.000000	1.000000	0.000000
77.275665	57.671914	76.772616	0.000000	0.000000	1.000000
81.657556	81.418254	7.696822	1.000000	0.000000	0.000000
81.657556	81.418254	7.696822	0.000000	1.000000	0.000000
81.657556	81.418254	7.696822	0.000000	0.000000	1.000000
90.452383	88.943367	48.535376	1.000000	0.000000	0.000000
90.452383	88.943367	48.535376	0.000000	1.000000	0.000000
90.452383	88.943367	48.535376	0.000000	0.000000	1.000000
93.160419	91.260442	61.110069	1.000000	0.000000	0.000000
93.160419	91.260442	61.110069	0.000000	1.000000	0.000000
93.160419	91.260442	61.110069	0.000000	0.000000	1.000000
95.061573	92.887126	69.938034	1.000000	0.000000	0.000000
95.061573	92.887126	69.938034	0.000000	1.000000	0.000000
95.061573	92.887126	69.938034	0.000000	0.000000	1.000000
96.575565	94.182542	76.968215	1.000000	0.000000	0.000000
96.575565	94.182542	76.968215	0.000000	1.000000	0.000000
96.575565	94.182542	76.968215	0.000000	0.000000	1.000000
77.889942	80.071508	7.716381	1.000000	0.000000	0.000000
77.889942	80.071508	7.716381	0.000000	1.000000	0.000000
77.889942	80.071508	7.716381	0.000000	0.000000	1.000000
66.694189	80.450923	48.658719	1.000000	0.000000	0.000000
66.694189	80.450923	48.658719	0.000000	1.000000	0.000000
66.694189	80.450923	48.658719	0.000000	0.000000	1.000000
63.246879	80.567750	61.265368	1.000000	0.000000	0.000000
63.246879	80.567750	61.265368	0.000000	1.000000	0.000000
63.246879	80.567750	61.265368	0.000000	0.000000	1.000000
60.826722	80.649767	70.115767	1.000000	0.000000	0.000000
60.826722	80.649767	70.115767	0.000000	1.000000	0.000000
60.826722	80.649767	70.115767	0.000000	0.000000	1.000000
58.899421	80.715081	77.163814	1.000000	0.000000	0.000000
58.899421	80.715081	77.163814	0.000000	1.000000	0.000000
58.899421	80.715081	77.163814	0.000000	0.000000	1.000000
81.455579	78.572939	7.735941	1.000000	0.000000	0.000000
81.455579	78.572939	7.735941	0.000000	1.000000	0.000000
81.455579	78.572939	7.735941	0.000000	0.000000	1.000000
89.178730	71.001098	48.782061	1.000000	0.000000	0.000000
89.178730	71.001098	48.782061	0.000000	1.000000	0.000000
89.178730	71.001098	48.782061	0.000000	0.000000	1.000000
91.556784	68.669635	61.420667	1.000000	0.000000	0.000000
91.556784	68.669635	61.420667	0.000000	1.000000	0.000000
91.556784	68.669635	61.420667	0.000000	0.000000	1.000000
93.226278	67.032850	70.293500	1.000000	0.000000	0.000000
93.226278	67.032850	70.293500	0.000000	1.000000	0.000000
93.226278	67.032850	70.293500	0.000000	0.000000	1.000000
94.555785	65.729390	77.359413	1.000000	0.000000	0.000000
94.555785	65.729390	77.359413	0.000000	1.000000	0.000000
94.555785	65.729390	77.359413	0.000000	0.000000	1.000000
79.894729	81.959877	7.755501	1.000000	0.000000	0.000000
79.894729	81.959877	7.755501	0.000000	1.000000	0.000000
79.894729	81.959877	7.755501	0.000000	0.000000	1.000000
79.336175	92.358787	48.905404	1.000000	0.000000	0.000000
79.336175	92.358787	48.905404	0.000000	1.000000	0.000000
79.336175	92.358787	48.905404	0.000000	0.000000	1.000000
79.164189	95.560740	61.575966	1.000000	0.000000	0.000000
79.164189	95.560740	61.575966	0.000000	1.000000	0.000000
79.164189	95.560740	61.575966	0.000000	0.000000	1.000000
79.043447	97.808645	70.471233	1.000000	0.000000	0.000000
79.043447	97.808645	70.471233	0.000000	1.000000	0.000000
79.043447	97.808645	70.471233	0.000000	0.000000	1.000000
78.947295	99.598773	77.555012	1.000000	0.000000	0.000000
78.947295	99.598773	77.555012	0.000000	1.000000	0.000000
78.947295	99.598773	77.555012	0.000000	0.000000	1.000000
78.803893	78.544750	7.775061	1.000000	0.000000	0.000000
78.803893	78.544750	7.775061	0.000000	1.000000	0.000000
78.803893	78.544750	7.775061	0.000000	0.000000	1.000000
72.457468	70.823343	49.028747	1.000000	0.000000	0.000000
72.457468	70.823343	49.028747	0.000000	1.000000	0.000000
72.457468	70.823343	49.028747	0.000000	0.000000	1.000000
70.503326	68.445827	61.731264	1.000000	0.000000	0.000000
70.503326	68.445827	61.731264	0.000000	1.000000	0.000000
70.503326	68.445827	61.731264	0.000000	0.000000	1.000000
69.131435	66.776711	70.648967	1.000000	0.000000	0.000000
69.131435	66.776711	70.648967	0.000000	1.000000	0.000000
69.131435	66.776711	70.648967	0.000000	0.000000	1.000000
68.038926	65.447504	77.750611	1.000000	0.000000	0.000000
68.038926	65.447504	77.750611	0.000000	1.000000	0.000000
68.038926	65.447504	77.750611	0.000000	0.000000	1.000000
81.783154	80.253466	7.794621	1.000000	0.000000	0.000000
81.783154	80.253466	7.794621	0.000000	1.000000	0.000000
81.783154	80.253466	7.794621	0.000000	0.000000	1.000000
91.244388	81.598330	49.152090	1.000000	0.000000	0.000000
91.244388	81.598330	49.152090	0.000000	1.000000	0.000000
91.244388	81.598330	49.152090	0.000000	0.000000	1.000000
94.157619	82.012430	61.886563	1.000000	0.000000	0.000000
94.157619	82.012430	61.886563	0.000000	1.000000	0.000000
94.157619	82.012430	61.886563	0.000000	0.000000	1.000000
96.202829	82.303145	70.826700	1.000000	0.000000	0.000000
96.202829	82.303145	70.826700	0.000000	1.000000	0.000000
96.202829	82.303145	70.826700	0.000000	0.000000	1.000000
97.831540	82.534658	77.946210	1.000000	0.000000	0.000000
97.831540	82.534658	77.946210	0.000000	1.000000	0.000000
97.831540	82.534658	77.946210	0.000000	0.000000	1.000000
78.585604	80.968535	7.814181	1.000000	0.000000	0.000000
78.585604	80.968535	7.814181	0.000000	1.000000	0.000000
78.585604	80.968535	7.814181	0.000000	0.000000	1.000000
71.080962	86.107483	49.275432	1.000000	0.000000	0.000000
71.080962	86.107483	49.275432	0.000000	1.000000	0.000000
71.080962	86.107483	49.275432	0.000000	0.000000	1.000000
68.770190	87.689829	62.041862	1.000000	0.000000	0.000000
68.770190	87.689829	62.041862	0.000000	1.000000	0.000000
68.770190	87.689829	62.041862	0.000000	0.000000	1.000000
67.147931	88.800702	71.004433	1.000000	0.000000	0.000000
67.147931	88.800702	71.004433	0.000000	1.000000	0.000000
67.147931	88.800702	71.004433	0.000000	0.000000	1.000000
65.856039	89.685350	78.141809	1.000000	0.000000	0.000000
65.856039	89.685350	78.141809	0.000000	1.000000	0.000000
65.856039	89.685350	78.141809	0.000000	0.000000	1.000000
80.367897	78.419761	7.833741	1.000000	0.000000	0.000000
80.367897	78.419761	7.833741	0.000000	1.000000	0.000000
80.367897	78.419761	7.833741	0.000000	0.000000	1.000000
82.319919	70.035170	49.398775	1.000000	0.000000	0.000000
82.319919	70.035170	49.398775	0.000000	1.000000	0.000000
82.319919	70.035170	49.398775	0.000000	0.000000	1.000000
82.920971	67.453452	62.197161	1.000000	0.000000	0.000000
82.920971	67.453452	62.197161	0.000000	1.000000	0.000000
82.920971	67.453452	62.197161	0.000000	0.000000	1.000000
83.342934	65.640977	71.182166	1.000000	0.000000	0.000000
83.342934	65.640977	71.182166	0.000000	1.000000	0.000000
83.342934	65.640977	71.182166	0.000000	0.000000	1.000000
83.678966	64.197606	78.337408	1.000000	0.000000	0.000000
83.678966	64.197606	78.337408	0.000000	1.000000	0.000000
83.678966	64.197606	78.337408	0.000000	0.000000	1.000000
80.748325	81.328788	7.853301	1.000000	0.000000	0.000000
80.748325	81.328788	7.853301	0.000000	1.000000	0.000000
80.748325	81.328788	7.853301	0.000000	0.000000	1.000000
84.718860	88.379203	49.522118	1.000000	0.000000	0.000000
84.718860	88.379203	49.522118	0.000000	1.000000	0.000000
84.718860	88.379203	49.522118	0.000000	0.000000	1.000000
85.941436	90.550112	62.352460	1.000000	0.000000	0.000000
85.941436	90.550112	62.352460	0.000000	1.000000	0.000000
85.941436	90.550112	62.352460	0.000000	0.000000	1.000000
86.799736	92.074182	71.359900	1.000000	0.000000	0.000000
86.799736	92.074182	71.359900	0.000000	1.000000	0.000000
86.799736	92.074182	71.359900	0.000000	0.000000	1.000000
87.483247	93.287881	78.533007	1.000000	0.000000	0.000000
87.483247	93.287881	78.533007	0.000000	1.000000	0.000000
87.483247	93.287881	78.533007	0.000000	0.000000	1.000000
78.649873	79.558159	7.872861	1.000000	0.000000	0.000000
78.649873	79.558159	7.872861	0.000000	1.000000	0.000000
78.649873	79.558159	7.872861	0.000000	0.000000	1.000000
71.486238	77.213795	49.645461	1.000000	0.000000	0.000000
71.486238	77.213795	49.645461	0.000000	1.000000	0.000000
71.486238	77.213795	49.645461	0.000000	0.000000	1.000000
69.280467	76.491937	62.507758	1.000000	0.000000	0.000000
69.280467	76.491937	62.507758	0.000000	1.000000	0.000000
69.280467	76.491937	62.507758	0.000000	0.000000	1.000000
67.731923	75.985162	71.537633	1.000000	0.000000	0.000000
67.731923	75.985162	71.537633	0.000000	1.000000	0.000000
67.731923	75.985162	71.537633	0.000000	0.000000	1.000000
66.498734	75.581590	78.728606	1.000000	0.000000	0.000000
66.498734	75.581590	78.728606	0.000000	1.000000	0.000000
66.498734	75.581590	78.728606	0.000000	0.000000	1.000000
81.191041	79.460445	7.892421	1.000000	0.000000	0.000000
81.191041	79.460445	7.892421	0.000000	1.000000	0.000000
81.191041	79.460445	7.892421	0.000000	0.000000	1.000000
87.510582	76.597618	49.768803	1.000000	0.000000	0.000000
87.510582	76.597618	49.768803	0.000000	1.000000	0.000000
87.510582	76.597618	49.768803	0.000000	0.000000	1.000000
89.456446	75.716118	62.663057	1.000000	0.000000	0.000000
89.456446	75.716118	62.663057	0.000000	1.000000	0.000000
89.456446	75.716118	62.663057	0.000000	0.000000	1.000000
90.822525	75.097268	71.715366	1.000000	0.000000	0.000000
90.822525	75.097268	71.715366	0.000000	1.000000	0.000000
90.822525	75.097268	71.715366	0.000000	0.000000	1.000000
91.910407	74.604445	78.924205	1.000000	0.000000	0.000000
91.910407	74.604445	78.924205	0.000000	1.000000	0.000000
91.910407	74.604445	78.924205	0.000000	0.000000	1.000000
79.534990	81.088270	7.911980	1.000000	0.000000	0.000000
79.534990	81.088270	7.911980	0.000000	1.000000	0.000000
79.534990	81.088270	7.911980	0.000000	0.000000	1.000000
77.067694	86.862519	49.892146	1.000000	0.000000	0.000000
77.067694	86.862519	49.892146	0.000000	1.000000	0.000000
77.067694	86.862519	49.892146	0.000000	0.000000	1.000000
76.307983	88.640482	62.818356	1.000000	0.000000	0.000000
76.307983	88.640482	62.818356	0.000000	1.000000	0.000000
76.307983	88.640482	62.818356	0.000000	0.000000	1.000000
75.774634	89.888686	71.893099	1.000000	0.000000	0.000000
75.774634	89.888686	71.893099	0.000000	1.000000	0.000000
75.774634	89.888686	71.893099	0.000000	0.000000	1.000000
75.349900	90.882698	79.119804	1.000000	0.000000	0.000000
75.349900	90.882698	79.119804	0.000000	1.000000	0.000000
75.349900	90.882698	79.119804	0.000000	0.000000	1.000000
79.653872	79.014676	7.931540	1.000000	0.000000	0.000000
79.653872	79.014676	7.931540	0.000000	1.000000	0.000000
79.653872	79.014676	7.931540	0.000000	0.000000	1.000000
77.817349	73.786648	50.015489	1.000000	0.000000	0.000000
77.817349	73.786648	50.015489	0.000000	1.000000	0.000000
77.817349	73.786648	50.015489	0.000000	0.000000	1.000000
77.251861	72.176874	62.973655	1.000000	0.000000	0.000000
77.251861	72.176874	62.973655	0.000000	1.000000	0.000000
77.251861	72.176874	62.973655	0.000000	0.000000	1.000000
76.854865	71.046745	72.070833	1.000000	0.000000	0.000000
76.854865	71.046745	72.070833	0.000000	1.000000	0.000000
76.854865	71.046745	72.070833	0.000000	0.000000	1.000000
76.538715	70.146763	79.315403	1.000000	0.000000	0.000000
76.538715	70.146763	79.315403	0.000000	1.000000	0.000000
76.538715	70.146763	79.315403	0.000000	0.000000	1.000000
80.778696	80.416697	7.951100	1.000000	0.000000	0.000000
80.778696	80.416697	7.951100	0.000000	1.000000	0.000000
80.778696	80.416697	7.951100	0.000000	0.000000	1.000000
84.910381	82.627652	50.138832	1.000000	0.000000	0.000000
84.910381	82.627652	50.138832	0.000000	1.000000	0.000000
84.910381	82.627652	50.138832	0.000000	0.000000	1.000000
86.182577	83.308432	63.128953	1.000000	0.000000	0.000000
86.182577	83.308432	63.128953	0.000000	1.000000	0.000000
86.182577	83.308432	63.128953	0.000000	0.000000	1.000000
87.075713	83.786368	72.248566	1.000000	0.000000	0.000000
87.075713	83.786368	72.248566	0.000000	1.000000	0.000000
87.075713	83.786368	72.248566	0.000000	0.000000	1.000000
87.786965	84.166974	79.511002	1.000000	0.000000	0.000000
87.786965	84.166974	79.511002	0.000000	1.000000	0.000000
87.786965	84.166974	79.511002	0.000000	0.000000	1.000000
79.336801	80.169541	7.970660	1.000000	0.000000	0.000000
79.336801	80.169541	7.970660	0.000000	1.000000	0.000000
79.336801	80.169541	7.970660	0.000000	0.000000	1.000000
75.817935	81.069107	50.262174	1.000000	0.000000	0.000000
75.817935	81.069107	50.262174	0.000000	1.000000	0.000000
75.817935	81.069107	50.262174	0.000000	0.000000	1.000000
74.734433	81.346095	63.284252	1.000000	0.000000	0.000000
74.734433	81.346095	63.284252	0.000000	1.000000	0.000000
74.734433	81.346095	63.284252	0.000000	0.000000	1.000000
73.973769	81.540552	72.426299	1.000000	0.000000	0.000000
73.973769	81.540552	72.426299	0.000000	1.000000	0.000000
73.973769	81.540552	72.426299	0.000000	0.000000	1.000000
73.368011	81.695408	79.706601	1.000000	0.000000	0.000000
73.368011	81.695408	79.706601	0.000000	1.000000	0.000000
73.368011	81.695408	79.706601	0.000000	0.000000	1.000000
80.216349	79.668977	7.990220	1.000000	0.000000	0.000000
80.216349	79.668977	7.990220	0.000000	1.000000	0.000000
80.216349	79.668977	7.990220	0.000000	0.000000	1.000000
81.364278	77.912600	50.385517	1.000000	0.000000	0.000000
81.364278	77.912600	50.385517	0.000000	1.000000	0.000000
81.364278	77.912600	50.385517	0.000000	0.000000	1.000000
81.717739	77.371790	63.439551	1.000000	0.000000	0.000000
81.717739	77.371790	63.439551	0.000000	1.000000	0.000000
81.717739	77.371790	63.439551	0.000000	0.000000	1.000000
81.965884	76.992119	72.604032	1.000000	0.000000	0.000000
81.965884	76.992119	72.604032	0.000000	1.000000	0.000000
81.965884	76.992119	72.604032	0.000000	0.000000	1.000000
82.163495	76.689766	79.902200	1.000000	0.000000	0.000000
82.163495	76.689766	79.902200	0.000000	1.000000	0.000000
82.163495	76.689766	79.902200	0.000000	0.000000	1.000000
